{
    "images": [
        "common/logo.png"
    ],
    "screenshotGenerated": true,
    "skinDefs": {
        "CopydefLabel0a0bbe7f462be42": {
            "android": {
                "font_name": "default"
            },
            "androidwearos": {
                "font_name": "default"
            },
            "background_color": "00000000",
            "bg_type": "one",
            "border_color": "424242ff",
            "border_style": "plain",
            "border_type": 0,
            "border_width": 0,
            "delinkedPltfrms": {
                "androidwear": [],
                "desktop": [
                    "desktopweb"
                ],
                "mobile": [],
                "tablet": [
                    "ipad"
                ],
                "watch": []
            },
            "desktopweb": {
                "font_name": "Helvetica",
                "isForked": true
            },
            "font_color": "333333ff",
            "font_name": "iphoneSystem",
            "font_size": 200,
            "font_style": "normal",
            "font_weight": "normal",
            "id": "sd3d90663182473f9763a59a3edfee9b",
            "ipad": {
                "font_name": "System-Bold",
                "isForked": true
            },
            "iphone": {
                "font_name": "System-Bold"
            },
            "isDefaultSkin": false,
            "kiosk": {
                "font_name": "None"
            },
            "kuid": "sd3d90663182473f9763a59a3edfee9b",
            "spaan": {
                "font_name": "Helvetica"
            },
            "spaandroidtablet": {
                "font_name": "Helvetica"
            },
            "spabb": {
                "font_name": "Helvetica"
            },
            "spaip": {
                "font_name": "Helvetica"
            },
            "spaipad": {
                "font_name": "Helvetica"
            },
            "spawindowstablet": {
                "font_name": "Helvetica"
            },
            "spawinphone8": {
                "font_name": "Helvetica"
            },
            "tabrcandroid": {
                "font_name": "default"
            },
            "wType": "Label",
            "watchos": {
                "font_name": "System"
            },
            "windows8": {
                "font_name": "None"
            },
            "winphone8": {
                "font_name": "None"
            }
        },
        "CopydefLabel0j084b89bfd3446": {
            "android": {
                "font_name": "default"
            },
            "androidwearos": {
                "font_name": "default"
            },
            "background_color": "00000000",
            "bg_type": "one",
            "border_color": "424242ff",
            "border_style": "plain",
            "border_type": 0,
            "border_width": 0,
            "delinkedPltfrms": {
                "androidwear": [],
                "desktop": [
                    "desktopweb"
                ],
                "mobile": [],
                "tablet": [],
                "watch": []
            },
            "desktopweb": {
                "font_name": "Helvetica",
                "font_weight": "bold",
                "isForked": true
            },
            "font_color": "333333ff",
            "font_name": "iphoneSystem",
            "font_size": 200,
            "font_style": "normal",
            "font_weight": "normal",
            "id": "s9598afbc3744cb4846c06b6257f8bc2",
            "ipad": {
                "font_name": "System"
            },
            "iphone": {
                "font_name": "System"
            },
            "isDefaultSkin": false,
            "kiosk": {
                "font_name": "None"
            },
            "kuid": "s9598afbc3744cb4846c06b6257f8bc2",
            "spaan": {
                "font_name": "Helvetica"
            },
            "spaandroidtablet": {
                "font_name": "Helvetica"
            },
            "spabb": {
                "font_name": "Helvetica"
            },
            "spaip": {
                "font_name": "Helvetica"
            },
            "spaipad": {
                "font_name": "Helvetica"
            },
            "spawindowstablet": {
                "font_name": "Helvetica"
            },
            "spawinphone8": {
                "font_name": "Helvetica"
            },
            "tabrcandroid": {
                "font_name": "default"
            },
            "wType": "Label",
            "watchos": {
                "font_name": "System"
            },
            "windows8": {
                "font_name": "None"
            },
            "winphone8": {
                "font_name": "None"
            }
        },
        "CopydefTextBoxNormal0e0037a5ab7684c": {
            "android": {
                "font_name": "default"
            },
            "androidwearos": {
                "font_name": "default"
            },
            "background_color": "ffffff00",
            "bg_type": "one",
            "border_color": "333333ff",
            "border_style": "plain",
            "border_type": 0,
            "border_width": 0,
            "desktopweb": {
                "font_name": "Helvetica"
            },
            "font_color": "333333ff",
            "font_name": "iphoneSystem",
            "font_size": 107,
            "font_style": "normal",
            "font_weight": "normal",
            "id": "s4e6f5615c8e43379d14e9aeb2266633",
            "ipad": {
                "font_name": "System"
            },
            "iphone": {
                "font_name": "System"
            },
            "isDefaultSkin": false,
            "kiosk": {
                "font_name": "None"
            },
            "kuid": "s4e6f5615c8e43379d14e9aeb2266633",
            "spaan": {
                "font_name": "Helvetica"
            },
            "spaandroidtablet": {
                "font_name": "Helvetica"
            },
            "spabb": {
                "font_name": "Helvetica"
            },
            "spaip": {
                "font_name": "Helvetica"
            },
            "spaipad": {
                "font_name": "Helvetica"
            },
            "spawindowstablet": {
                "font_name": "Helvetica"
            },
            "spawinphone8": {
                "font_name": "Helvetica"
            },
            "tabrcandroid": {
                "font_name": "default"
            },
            "wType": "TextField",
            "watchos": {
                "font_name": "System"
            },
            "windows8": {
                "font_name": "None"
            },
            "winphone8": {
                "font_name": "None"
            }
        },
        "CopydefTextBoxPlaceholder0ba9a1ade33fa48": {
            "android": {
                "font_name": "default"
            },
            "androidwearos": {
                "font_name": "default"
            },
            "background_color": "ffffffff",
            "bg_type": "one",
            "border_color": "333333ff",
            "border_style": "plain",
            "border_type": 0,
            "border_width": 1,
            "bottom_left_border_style": "plain",
            "bottom_left_border_width": "0",
            "bottom_right_border_style": "plain",
            "bottom_right_border_width": "0",
            "font_color": "999999ff",
            "font_name": "iphoneSystem",
            "font_size": 107,
            "id": "s1aaddf08ca14130ba04b92c81d092e0",
            "ipad": {
                "font_name": "System"
            },
            "iphone": {
                "font_name": "System"
            },
            "isDefaultSkin": false,
            "kiosk": {
                "font_name": "None"
            },
            "kuid": "s1aaddf08ca14130ba04b92c81d092e0",
            "spaan": {
                "font_name": "Helvetica"
            },
            "spaandroidtablet": {
                "font_name": "Helvetica"
            },
            "spabb": {
                "font_name": "Helvetica"
            },
            "spaip": {
                "font_name": "Helvetica"
            },
            "spaipad": {
                "font_name": "Helvetica"
            },
            "spawindowstablet": {
                "font_name": "Helvetica"
            },
            "spawinphone8": {
                "font_name": "Helvetica"
            },
            "tabrcandroid": {
                "font_name": "default"
            },
            "top_left_border_style": "plain",
            "top_left_border_width": "0",
            "top_right_border_style": "plain",
            "top_right_border_width": "0",
            "wType": "TextField",
            "watchos": {
                "font_name": "System"
            },
            "windows8": {
                "font_name": "None"
            },
            "winphone8": {
                "font_name": "None"
            }
        },
        "blueButtonSkin0d4000cd2ae1b47": {
            "android": {
                "font_name": "default",
                "font_size": 110,
                "isForked": false
            },
            "androidwearos": {
                "font_name": "default",
                "font_size": 110,
                "isForked": false
            },
            "background_color": "2c90d5ff",
            "bg_type": "one",
            "border_color": "2c90d5ff",
            "border_radius": 10,
            "border_style": "custom",
            "border_type": 0,
            "border_width": 1,
            "desktopweb": {
                "font_name": "Helvetica",
                "font_size": 110,
                "isForked": false
            },
            "fontSizeInPx": false,
            "font_color": "ffffffff",
            "font_name": "iphoneSystem",
            "font_size": 110,
            "font_style": "normal",
            "font_weight": "normal",
            "id": "sd12a8775c614854b3437892fb59b299",
            "ipad": {
                "font_name": "System",
                "font_size": 110,
                "isForked": false
            },
            "iphone": {
                "font_name": "System",
                "font_size": 110,
                "isForked": false
            },
            "isDefaultSkin": false,
            "kiosk": {
                "font_name": "None",
                "font_size": 110,
                "isForked": false
            },
            "kuid": "sd12a8775c614854b3437892fb59b299",
            "spaan": {
                "font_name": "Helvetica",
                "font_size": 110,
                "isForked": false
            },
            "spaandroidtablet": {
                "font_name": "Helvetica",
                "font_size": 110,
                "isForked": false
            },
            "spabb": {
                "font_name": "Helvetica",
                "font_size": 110,
                "isForked": false
            },
            "spaip": {
                "font_name": "Helvetica",
                "font_size": 110,
                "isForked": false
            },
            "spaipad": {
                "font_name": "Helvetica",
                "font_size": 110,
                "isForked": false
            },
            "spawindowstablet": {
                "font_name": "Helvetica",
                "font_size": 110,
                "isForked": false
            },
            "spawinphone8": {
                "font_name": "Helvetica",
                "font_size": 110,
                "isForked": false
            },
            "tabrcandroid": {
                "font_name": "default",
                "font_size": 110,
                "isForked": false
            },
            "wType": "Button",
            "watchos": {
                "font_name": "System",
                "font_size": 110,
                "isForked": false
            },
            "windows8": {
                "font_name": "None",
                "font_size": 110,
                "isForked": false
            },
            "winphone8": {
                "font_name": "None",
                "font_size": 110,
                "isForked": false
            }
        },
        "blueButtonSkinFocus0i657d7bec22147": {
            "android": {
                "font_name": "default",
                "font_size": 110,
                "isForked": false
            },
            "androidwearos": {
                "font_name": "default",
                "font_size": 110,
                "isForked": false
            },
            "background_color": "0b3957ff",
            "bg_type": "one",
            "border_color": "0b3957ff",
            "border_radius": 10,
            "border_style": "custom",
            "border_type": 0,
            "border_width": 1,
            "desktopweb": {
                "font_name": "Helvetica",
                "font_size": 110,
                "isForked": false
            },
            "fontSizeInPx": false,
            "font_color": "ffffffff",
            "font_name": "iphoneSystem",
            "font_size": 110,
            "font_style": "normal",
            "font_weight": "normal",
            "id": "s66d54d8fd214418af6b78b69df07226",
            "ipad": {
                "font_name": "System",
                "font_size": 110,
                "isForked": false
            },
            "iphone": {
                "font_name": "System",
                "font_size": 110,
                "isForked": false
            },
            "isDefaultSkin": false,
            "kiosk": {
                "font_name": "None",
                "font_size": 110,
                "isForked": false
            },
            "kuid": "s66d54d8fd214418af6b78b69df07226",
            "spaan": {
                "font_name": "Helvetica",
                "font_size": 110,
                "isForked": false
            },
            "spaandroidtablet": {
                "font_name": "Helvetica",
                "font_size": 110,
                "isForked": false
            },
            "spabb": {
                "font_name": "Helvetica",
                "font_size": 110,
                "isForked": false
            },
            "spaip": {
                "font_name": "Helvetica",
                "font_size": 110,
                "isForked": false
            },
            "spaipad": {
                "font_name": "Helvetica",
                "font_size": 110,
                "isForked": false
            },
            "spawindowstablet": {
                "font_name": "Helvetica",
                "font_size": 110,
                "isForked": false
            },
            "spawinphone8": {
                "font_name": "Helvetica",
                "font_size": 110,
                "isForked": false
            },
            "tabrcandroid": {
                "font_name": "default",
                "font_size": 110,
                "isForked": false
            },
            "wType": "Button",
            "watchos": {
                "font_name": "System",
                "font_size": 110,
                "isForked": false
            },
            "windows8": {
                "font_name": "None",
                "font_size": 110,
                "isForked": false
            },
            "winphone8": {
                "font_name": "None",
                "font_size": 110,
                "isForked": false
            }
        },
        "loginFieldSkin0ea3f8c58621e49": {
            "android": {
                "font_name": "default"
            },
            "androidwearos": {
                "font_name": "default"
            },
            "background_color": "ffffff00",
            "bg_type": "one",
            "border_color": "333333ff",
            "border_style": "plain",
            "border_type": 0,
            "border_width": 0,
            "desktopweb": {
                "font_name": "Helvetica"
            },
            "font_color": "333333ff",
            "font_name": "iphoneSystem",
            "font_size": 107,
            "font_style": "normal",
            "font_weight": "normal",
            "id": "s0ac9845f12548b18801c955c5d35f28",
            "ipad": {
                "font_name": "System"
            },
            "iphone": {
                "font_name": "System"
            },
            "isDefaultSkin": false,
            "kiosk": {
                "font_name": "None"
            },
            "kuid": "s0ac9845f12548b18801c955c5d35f28",
            "spaan": {
                "font_name": "Helvetica"
            },
            "spaandroidtablet": {
                "font_name": "Helvetica"
            },
            "spabb": {
                "font_name": "Helvetica"
            },
            "spaip": {
                "font_name": "Helvetica"
            },
            "spaipad": {
                "font_name": "Helvetica"
            },
            "spawindowstablet": {
                "font_name": "Helvetica"
            },
            "spawinphone8": {
                "font_name": "Helvetica"
            },
            "tabrcandroid": {
                "font_name": "default"
            },
            "wType": "TextField",
            "watchos": {
                "font_name": "System"
            },
            "windows8": {
                "font_name": "None"
            },
            "winphone8": {
                "font_name": "None"
            }
        },
        "loginFieldSkinFocus0j61c4060ce7d4f": {
            "android": {
                "font_name": "default"
            },
            "androidwearos": {
                "font_name": "default"
            },
            "background_color": "ffffff00",
            "bg_type": "one",
            "border_color": "333333ff",
            "border_style": "plain",
            "border_type": 0,
            "border_width": 0,
            "desktopweb": {
                "font_name": "Helvetica"
            },
            "font_color": "333333ff",
            "font_name": "iphoneSystem",
            "font_size": 107,
            "font_style": "normal",
            "font_weight": "normal",
            "id": "sa47d6356a044145826c389533e9217a",
            "ipad": {
                "font_name": "System"
            },
            "iphone": {
                "font_name": "System"
            },
            "isDefaultSkin": false,
            "kiosk": {
                "font_name": "None"
            },
            "kuid": "sa47d6356a044145826c389533e9217a",
            "spaan": {
                "font_name": "Helvetica"
            },
            "spaandroidtablet": {
                "font_name": "Helvetica"
            },
            "spabb": {
                "font_name": "Helvetica"
            },
            "spaip": {
                "font_name": "Helvetica"
            },
            "spaipad": {
                "font_name": "Helvetica"
            },
            "spawindowstablet": {
                "font_name": "Helvetica"
            },
            "spawinphone8": {
                "font_name": "Helvetica"
            },
            "tabrcandroid": {
                "font_name": "default"
            },
            "wType": "TextField",
            "watchos": {
                "font_name": "System"
            },
            "windows8": {
                "font_name": "None"
            },
            "winphone8": {
                "font_name": "None"
            }
        },
        "sepLineSkin0a34a34d9be474f": {
            "android": {
                "font_name": "default"
            },
            "androidwearos": {
                "font_name": "default"
            },
            "background_color": "e3e3e3ff",
            "bg_type": "one",
            "border_color": "000000ff",
            "border_style": "plain",
            "border_type": 0,
            "border_width": 0,
            "desktopweb": {
                "font_name": "Helvetica"
            },
            "id": "s6dabf7df7864a9c813a161ba820ae90",
            "ipad": {
                "font_name": "System"
            },
            "iphone": {
                "font_name": "System"
            },
            "isDefaultSkin": false,
            "kiosk": {
                "font_name": "None"
            },
            "kuid": "s6dabf7df7864a9c813a161ba820ae90",
            "spaan": {
                "font_name": "Helvetica"
            },
            "spaandroidtablet": {
                "font_name": "Helvetica"
            },
            "spabb": {
                "font_name": "Helvetica"
            },
            "spaip": {
                "font_name": "Helvetica"
            },
            "spaipad": {
                "font_name": "Helvetica"
            },
            "spawindowstablet": {
                "font_name": "Helvetica"
            },
            "spawinphone8": {
                "font_name": "Helvetica"
            },
            "tabrcandroid": {
                "font_name": "default"
            },
            "wType": "FlexContainer",
            "watchos": {
                "font_name": "System"
            },
            "windows8": {
                "font_name": "None"
            },
            "winphone8": {
                "font_name": "None"
            }
        },
        "slFbox0d637e0536e5447": {
            "android": {
                "font_name": "default"
            },
            "androidwearos": {
                "font_name": "default"
            },
            "background_color": "00000000",
            "bg_type": "one",
            "border_color": "000000ff",
            "border_style": "plain",
            "border_type": 0,
            "border_width": 0,
            "desktopweb": {
                "font_name": "Helvetica"
            },
            "id": "s9e5b88f4628410d9fbdb5cdc2e49a4c",
            "ipad": {
                "font_name": "System"
            },
            "iphone": {
                "font_name": "System"
            },
            "isDefaultSkin": false,
            "kiosk": {
                "font_name": "None"
            },
            "kuid": "s9e5b88f4628410d9fbdb5cdc2e49a4c",
            "spaan": {
                "font_name": "Helvetica"
            },
            "spaandroidtablet": {
                "font_name": "Helvetica"
            },
            "spabb": {
                "font_name": "Helvetica"
            },
            "spaip": {
                "font_name": "Helvetica"
            },
            "spaipad": {
                "font_name": "Helvetica"
            },
            "spawindowstablet": {
                "font_name": "Helvetica"
            },
            "spawinphone8": {
                "font_name": "Helvetica"
            },
            "tabrcandroid": {
                "font_name": "default"
            },
            "wType": "FlexContainer",
            "watchos": {
                "font_name": "System"
            },
            "windows8": {
                "font_name": "None"
            },
            "winphone8": {
                "font_name": "None"
            }
        },
        "slImage0a47cda185d6d4d": {
            "android": {
                "font_name": "default"
            },
            "androidwearos": {
                "font_name": "default"
            },
            "background_color": "00000000",
            "bg_type": "one",
            "border_color": "000000ff",
            "border_style": "plain",
            "border_type": 0,
            "border_width": 0,
            "desktopweb": {
                "font_name": "Helvetica"
            },
            "font_color": "000000ff",
            "font_name": "Helvetica",
            "font_size": 156,
            "font_style": "normal",
            "font_weight": "normal",
            "id": "s0b37a1b755b4b009596468ddb4a59ad",
            "ipad": {
                "font_name": "System"
            },
            "iphone": {
                "font_name": "System"
            },
            "isDefaultSkin": false,
            "kiosk": {
                "font_name": "None"
            },
            "kuid": "s0b37a1b755b4b009596468ddb4a59ad",
            "spaan": {
                "font_name": "Helvetica"
            },
            "spaandroidtablet": {
                "font_name": "Helvetica"
            },
            "spabb": {
                "font_name": "Helvetica"
            },
            "spaip": {
                "font_name": "Helvetica"
            },
            "spaipad": {
                "font_name": "Helvetica"
            },
            "spawindowstablet": {
                "font_name": "Helvetica"
            },
            "spawinphone8": {
                "font_name": "Helvetica"
            },
            "tabrcandroid": {
                "font_name": "default"
            },
            "wType": "Image",
            "watchos": {
                "font_name": "System"
            },
            "windows8": {
                "font_name": "None"
            },
            "winphone8": {
                "font_name": "None"
            }
        },
        "whiteContainerSkin0ec6b7298696248": {
            "android": {
                "font_name": "default"
            },
            "androidwearos": {
                "font_name": "default"
            },
            "background_color": "ffffffff",
            "bg_type": "one",
            "border_color": "000000ff",
            "border_style": "plain",
            "border_type": 0,
            "border_width": 0,
            "desktopweb": {
                "font_name": "Helvetica"
            },
            "id": "s885175750ad4aadb8eb8e212e60e631",
            "ipad": {
                "font_name": "System"
            },
            "iphone": {
                "font_name": "System"
            },
            "isDefaultSkin": false,
            "kiosk": {
                "font_name": "None"
            },
            "kuid": "s885175750ad4aadb8eb8e212e60e631",
            "spaan": {
                "font_name": "Helvetica"
            },
            "spaandroidtablet": {
                "font_name": "Helvetica"
            },
            "spabb": {
                "font_name": "Helvetica"
            },
            "spaip": {
                "font_name": "Helvetica"
            },
            "spaipad": {
                "font_name": "Helvetica"
            },
            "spawindowstablet": {
                "font_name": "Helvetica"
            },
            "spawinphone8": {
                "font_name": "Helvetica"
            },
            "tabrcandroid": {
                "font_name": "default"
            },
            "wType": "FlexContainer",
            "watchos": {
                "font_name": "System"
            },
            "windows8": {
                "font_name": "None"
            },
            "winphone8": {
                "font_name": "None"
            }
        }
    },
    "sourceChannel": "desktop",
    "templateDef": {
        "DNDConfig": null,
        "__parentReadjusting__": false,
        "_height_": {
            "type": "string",
            "value": "100%"
        },
        "_left_": {
            "type": "string",
            "value": "0dp"
        },
        "_margin_": [
            0,
            0,
            0,
            0
        ],
        "_orientation_": 6,
        "_padding_": [
            0,
            0,
            0,
            0
        ],
        "_percent_": true,
        "_skin_": "whiteContainerSkin0ec6b7298696248",
        "_top_": {
            "type": "string",
            "value": "0dp"
        },
        "_width_": {
            "type": "string",
            "value": "100%"
        },
        "allboxes": [],
        "autogrowmode": 0,
        "canUpdateUI": true,
        "children": [
            "paddingContainer"
        ],
        "clipbounds": true,
        "containerweight": 100,
        "enablescrolling": true,
        "id": "masterContainer",
        "info": null,
        "iscustomlayout": false,
        "isvisible": true,
        "kuid": "eceeddd1cfb04042be2a88f9160614ac",
        "layouttype": 2,
        "masterType": 1,
        "name": "kony.ui.FlexContainer",
        "paddingContainer": {
            "DNDConfig": null,
            "__parentReadjusting__": false,
            "_height_": {
                "type": "string",
                "value": "100%"
            },
            "_left_": {
                "type": "string",
                "value": "40dp"
            },
            "_margin_": [
                0,
                0,
                0,
                0
            ],
            "_orientation_": 6,
            "_padding_": [
                0,
                0,
                0,
                0
            ],
            "_percent_": true,
            "_right_": {
                "type": "number",
                "value": "40"
            },
            "_skin_": "slFbox0d637e0536e5447",
            "_top_": {
                "type": "string",
                "value": "0dp"
            },
            "_width_": {
                "type": "string",
                "value": "380dp"
            },
            "allboxes": [],
            "autogrowmode": 0,
            "canUpdateUI": true,
            "centerx": {
                "type": "string",
                "value": "50%"
            },
            "children": [
                "companyLogoImage",
                "loginTitleContainer",
                "usernameFieldContainer",
                "passwordFIeldContainer",
                "loginButton"
            ],
            "clipbounds": true,
            "companyLogoImage": {
                "@class": "com.kony.gen.viz.model.component.KVizImage2",
                "DNDConfig": null,
                "__parentReadjusting__": false,
                "_base64_": null,
                "_height_": {
                    "type": "string",
                    "value": "123dp"
                },
                "_left_": {
                    "type": "string",
                    "value": "100dp"
                },
                "_margin_": [
                    0,
                    0,
                    0,
                    0
                ],
                "_padding_": [
                    0,
                    0,
                    0,
                    0
                ],
                "_skin_": "slImage0a47cda185d6d4d",
                "_src_": "logo.png",
                "_top_": {
                    "type": "string",
                    "value": "197dp"
                },
                "_width_": {
                    "type": "string",
                    "value": "123dp"
                },
                "canUpdateUI": true,
                "centerx": {
                    "type": "string",
                    "value": "50.00%"
                },
                "containerweight": 100,
                "context": {
                    "channel": "desktop",
                    "platform": "desktopweb",
                    "templateType": "forms"
                },
                "id": "companyLogoImage",
                "imagescalemode": 1,
                "info": null,
                "iscustomlayout": false,
                "isvisible": true,
                "kuid": "ece16dc987da4e61ae946b8013736e69",
                "name": "kony.ui.Image2",
                "parent": "paddingContainer",
                "pf": "collection-form",
                "retaincontentalignment": false,
                "retainflexpositionproperties": false,
                "srcType": 1,
                "wType": "Image",
                "widgetalignment": 5,
                "zindex": 1
            },
            "containerweight": 100,
            "enablescrolling": true,
            "id": "paddingContainer",
            "info": null,
            "iscustomlayout": false,
            "isvisible": true,
            "kuid": "d81199a8cdd5446cb6e8e948bb80dd24",
            "layouttype": 4,
            "loginButton": {
                "@class": "com.kony.gen.viz.model.component.KVizButton",
                "DNDConfig": null,
                "__parentReadjusting__": false,
                "_height_": {
                    "type": "string",
                    "value": "50dp"
                },
                "_left_": {
                    "type": "string",
                    "value": "0dp"
                },
                "_margin_": [
                    6,
                    6,
                    6,
                    6
                ],
                "_padding_": [
                    0,
                    0,
                    0,
                    0
                ],
                "_right_": {
                    "type": "number",
                    "value": "0"
                },
                "_skin_": "blueButtonSkin0d4000cd2ae1b47",
                "_text_": "Login",
                "_top_": {
                    "type": "string",
                    "value": "37dp"
                },
                "_width_": {
                    "type": "string",
                    "value": "100%"
                },
                "canUpdateUI": true,
                "containerweight": 100,
                "contentalignment": 5,
                "displaytext": true,
                "focusskin": "blueButtonSkinFocus0i657d7bec22147",
                "id": "loginButton",
                "info": null,
                "iscustomlayout": false,
                "isvisible": true,
                "kuid": "e385414c89384523af9d0cf1b125eba8",
                "name": "kony.ui.Button",
                "parent": "paddingContainer",
                "pf": "collection-form",
                "retaincontentalignment": false,
                "retainflexpositionproperties": false,
                "wType": "Button",
                "zindex": 1
            },
            "loginTitleContainer": {
                "DNDConfig": null,
                "__parentReadjusting__": false,
                "_height_": {
                    "type": "string",
                    "value": "43dp"
                },
                "_left_": {
                    "type": "string",
                    "value": "0dp"
                },
                "_margin_": [
                    0,
                    0,
                    0,
                    0
                ],
                "_orientation_": 6,
                "_padding_": [
                    0,
                    0,
                    0,
                    0
                ],
                "_percent_": true,
                "_right_": {
                    "type": "number",
                    "value": "0"
                },
                "_skin_": "slFbox0d637e0536e5447",
                "_top_": {
                    "type": "string",
                    "value": "13dp"
                },
                "allboxes": [],
                "canUpdateUI": true,
                "centerx": {
                    "type": "string",
                    "value": "50%"
                },
                "children": [
                    "loginTitleEmployee",
                    "loginTitleDirectory"
                ],
                "clipbounds": true,
                "containerweight": 100,
                "enablescrolling": true,
                "id": "loginTitleContainer",
                "info": null,
                "iscustomlayout": false,
                "isvisible": true,
                "kuid": "ae848b8956d54d5c95e20151ab4fc608",
                "layouttype": 2,
                "loginTitleDirectory": {
                    "@class": "com.kony.gen.viz.model.component.KVizLabel",
                    "DNDConfig": null,
                    "__parentReadjusting__": false,
                    "_height_": {
                        "type": "ref",
                        "value": "preferred"
                    },
                    "_left_": {
                        "type": "string",
                        "value": "51.50%"
                    },
                    "_margin_": [
                        1,
                        1,
                        1,
                        1
                    ],
                    "_padding_": [
                        0,
                        0,
                        0,
                        0
                    ],
                    "_right_": {
                        "type": "string",
                        "value": "0%"
                    },
                    "_skin_": "CopydefLabel0j084b89bfd3446",
                    "_text_": "Directory",
                    "_top_": {
                        "type": "string",
                        "value": "0dp"
                    },
                    "_wrapping_": 2,
                    "canUpdateUI": true,
                    "containerweight": 100,
                    "contentalignment": 4,
                    "id": "loginTitleDirectory",
                    "info": null,
                    "iscustomlayout": false,
                    "isvisible": true,
                    "kuid": "g4687d03b6f1439f86125bac7d4a084f",
                    "name": "kony.ui.Label",
                    "parent": "loginTitleContainer",
                    "pf": "collection-form",
                    "retaincontentalignment": false,
                    "retainflexpositionproperties": false,
                    "textstyle": {},
                    "tooltip": "",
                    "wType": "Label",
                    "zindex": 1
                },
                "loginTitleEmployee": {
                    "@class": "com.kony.gen.viz.model.component.KVizLabel",
                    "DNDConfig": null,
                    "__parentReadjusting__": false,
                    "_height_": {
                        "type": "ref",
                        "value": "preferred"
                    },
                    "_left_": {
                        "type": "number",
                        "value": "0"
                    },
                    "_margin_": [
                        1,
                        1,
                        1,
                        1
                    ],
                    "_padding_": [
                        0,
                        0,
                        0,
                        0
                    ],
                    "_right_": {
                        "type": "string",
                        "value": "49.50%"
                    },
                    "_skin_": "CopydefLabel0a0bbe7f462be42",
                    "_text_": "Employee",
                    "_top_": {
                        "type": "string",
                        "value": "0dp"
                    },
                    "_wrapping_": 2,
                    "canUpdateUI": true,
                    "containerweight": 100,
                    "contentalignment": 6,
                    "id": "loginTitleEmployee",
                    "info": null,
                    "iscustomlayout": false,
                    "isvisible": true,
                    "kuid": "db43d2c4296849ea8dbf3c8a9c2c76fd",
                    "name": "kony.ui.Label",
                    "parent": "loginTitleContainer",
                    "pf": "collection-form",
                    "retaincontentalignment": false,
                    "retainflexpositionproperties": false,
                    "textstyle": {},
                    "tooltip": "",
                    "wType": "Label",
                    "zindex": 1
                },
                "name": "kony.ui.FlexContainer",
                "parent": "paddingContainer",
                "pf": "collection-form",
                "retaincontentalignment": false,
                "retainflexpositionproperties": false,
                "snapgridsize": 10,
                "snaptogrid": true,
                "wType": "FlexContainer",
                "widgetalignment": 1,
                "zindex": 1
            },
            "masterType": 1,
            "name": "kony.ui.FlexContainer",
            "parent": "masterContainer",
            "passwordFIeldContainer": {
                "DNDConfig": null,
                "__parentReadjusting__": false,
                "_height_": {
                    "type": "string",
                    "value": "53dp"
                },
                "_left_": {
                    "type": "string",
                    "value": "0dp"
                },
                "_margin_": [
                    0,
                    0,
                    0,
                    0
                ],
                "_orientation_": 6,
                "_padding_": [
                    0,
                    0,
                    0,
                    0
                ],
                "_percent_": true,
                "_right_": {
                    "type": "number",
                    "value": "0"
                },
                "_skin_": "slFbox0d637e0536e5447",
                "_top_": {
                    "type": "string",
                    "value": "3.8999999999999986%"
                },
                "allboxes": [],
                "autogrowmode": 0,
                "canUpdateUI": true,
                "children": [
                    "passwordLine",
                    "passwordTextbox"
                ],
                "clipbounds": true,
                "containerweight": 100,
                "enablescrolling": true,
                "id": "passwordFIeldContainer",
                "info": null,
                "iscustomlayout": false,
                "isvisible": true,
                "kuid": "f56876bb2f14496e8678bfd74791545d",
                "layouttype": 2,
                "name": "kony.ui.FlexContainer",
                "parent": "paddingContainer",
                "passwordLine": {
                    "DNDConfig": null,
                    "__parentReadjusting__": false,
                    "_bottom_": {
                        "type": "number",
                        "value": "0"
                    },
                    "_height_": {
                        "type": "string",
                        "value": "1dp"
                    },
                    "_left_": {
                        "type": "string",
                        "value": "0dp"
                    },
                    "_margin_": [
                        0,
                        0,
                        0,
                        0
                    ],
                    "_orientation_": 6,
                    "_padding_": [
                        0,
                        0,
                        0,
                        0
                    ],
                    "_percent_": true,
                    "_right_": {
                        "type": "number",
                        "value": "20"
                    },
                    "_skin_": "sepLineSkin0a34a34d9be474f",
                    "_width_": {
                        "type": "string",
                        "value": "100%"
                    },
                    "allboxes": [],
                    "autogrowmode": 0,
                    "canUpdateUI": true,
                    "children": [],
                    "clipbounds": true,
                    "containerweight": 100,
                    "enablescrolling": true,
                    "id": "passwordLine",
                    "info": null,
                    "iscustomlayout": false,
                    "isvisible": true,
                    "kuid": "h7d3a03cd72945d481d80fcc52a0acd2",
                    "layouttype": 2,
                    "name": "kony.ui.FlexContainer",
                    "parent": "passwordFIeldContainer",
                    "pf": "collection-form",
                    "retaincontentalignment": false,
                    "retainflexpositionproperties": false,
                    "snapgridsize": 10,
                    "snaptogrid": true,
                    "wType": "FlexContainer",
                    "widgetalignment": 1,
                    "zindex": 1
                },
                "passwordTextbox": {
                    "@class": "com.kony.gen.viz.model.component.KVizTextBox2",
                    "DNDConfig": null,
                    "__parentReadjusting__": false,
                    "_height_": {
                        "type": "string",
                        "value": "100%"
                    },
                    "_left_": {
                        "type": "string",
                        "value": "0dp"
                    },
                    "_margin_": [
                        0,
                        0,
                        0,
                        0
                    ],
                    "_padding_": [
                        3,
                        0,
                        0,
                        0
                    ],
                    "_placeholder_": "Password",
                    "_skin_": "loginFieldSkin0ea3f8c58621e49",
                    "_text_": "",
                    "_top_": {
                        "type": "string",
                        "value": "0dp"
                    },
                    "_width_": {
                        "type": "string",
                        "value": "100%"
                    },
                    "autocapitalize": "none",
                    "autocomplete": false,
                    "autocorrect": false,
                    "autofilter": false,
                    "canUpdateUI": true,
                    "containerheight": "",
                    "containerheightmode": 1,
                    "containerweight": 100,
                    "contentalignment": 4,
                    "desktopweb": {
                        "placeholderSkin": "CopydefTextBoxPlaceholder0ba9a1ade33fa48"
                    },
                    "disabledSkins": {},
                    "focusskin": "CopydefTextBoxNormal0e0037a5ab7684c",
                    "id": "passwordTextbox",
                    "info": null,
                    "iscustomlayout": false,
                    "isvisible": true,
                    "keyboardtype": "A",
                    "kuid": "b464dda779994056a0dbc0ff0a0f4ff8",
                    "mode": "A",
                    "name": "kony.ui.TextBox2",
                    "parent": "passwordFIeldContainer",
                    "pf": "collection-form",
                    "placeholderskin": "s2f41a84d44041cab8d826f34ffd00a4",
                    "retaincontentalignment": false,
                    "retainflexpositionproperties": false,
                    "securetextentry": true,
                    "textinputmode": "A",
                    "tooltip": "",
                    "viewtype": "default",
                    "wType": "TextField",
                    "zindex": 1
                },
                "pf": "collection-form",
                "retaincontentalignment": false,
                "retainflexpositionproperties": false,
                "snapgridsize": 10,
                "snaptogrid": true,
                "wType": "FlexContainer",
                "widgetalignment": 1,
                "zindex": 1
            },
            "pf": "collection-form",
            "retaincontentalignment": false,
            "retainflexpositionproperties": false,
            "snapgridsize": 10,
            "snaptogrid": true,
            "usernameFieldContainer": {
                "DNDConfig": null,
                "__parentReadjusting__": false,
                "_height_": {
                    "type": "string",
                    "value": "53dp"
                },
                "_left_": {
                    "type": "string",
                    "value": "0dp"
                },
                "_margin_": [
                    0,
                    0,
                    0,
                    0
                ],
                "_orientation_": 6,
                "_padding_": [
                    0,
                    0,
                    0,
                    0
                ],
                "_percent_": true,
                "_right_": {
                    "type": "number",
                    "value": "0"
                },
                "_skin_": "slFbox0d637e0536e5447",
                "_top_": {
                    "type": "string",
                    "value": "10.560000000000002%"
                },
                "allboxes": [],
                "autogrowmode": 0,
                "canUpdateUI": true,
                "children": [
                    "usernameLine",
                    "usernameTextbox"
                ],
                "clipbounds": true,
                "containerweight": 100,
                "enablescrolling": true,
                "id": "usernameFieldContainer",
                "info": null,
                "iscustomlayout": false,
                "isvisible": true,
                "kuid": "j50257d0e7fa4a759f8176e6f2ae2a49",
                "layouttype": 2,
                "name": "kony.ui.FlexContainer",
                "parent": "paddingContainer",
                "pf": "collection-form",
                "retaincontentalignment": false,
                "retainflexpositionproperties": false,
                "snapgridsize": 10,
                "snaptogrid": true,
                "usernameLine": {
                    "DNDConfig": null,
                    "__parentReadjusting__": false,
                    "_bottom_": {
                        "type": "number",
                        "value": "0"
                    },
                    "_height_": {
                        "type": "string",
                        "value": "1dp"
                    },
                    "_left_": {
                        "type": "string",
                        "value": "0dp"
                    },
                    "_margin_": [
                        0,
                        0,
                        0,
                        0
                    ],
                    "_orientation_": 6,
                    "_padding_": [
                        0,
                        0,
                        0,
                        0
                    ],
                    "_percent_": true,
                    "_right_": {
                        "type": "number",
                        "value": "20"
                    },
                    "_skin_": "sepLineSkin0a34a34d9be474f",
                    "_width_": {
                        "type": "string",
                        "value": "100%"
                    },
                    "allboxes": [],
                    "autogrowmode": 0,
                    "canUpdateUI": true,
                    "children": [],
                    "clipbounds": true,
                    "containerweight": 100,
                    "enablescrolling": true,
                    "id": "usernameLine",
                    "info": null,
                    "iscustomlayout": false,
                    "isvisible": true,
                    "kuid": "dc1c4fa532ef4eed9ea0663f300a0965",
                    "layouttype": 2,
                    "name": "kony.ui.FlexContainer",
                    "parent": "usernameFieldContainer",
                    "pf": "collection-form",
                    "retaincontentalignment": false,
                    "retainflexpositionproperties": false,
                    "snapgridsize": 10,
                    "snaptogrid": true,
                    "wType": "FlexContainer",
                    "widgetalignment": 1,
                    "zindex": 1
                },
                "usernameTextbox": {
                    "@class": "com.kony.gen.viz.model.component.KVizTextBox2",
                    "DNDConfig": null,
                    "__parentReadjusting__": false,
                    "_height_": {
                        "type": "string",
                        "value": "100%"
                    },
                    "_left_": {
                        "type": "string",
                        "value": "0dp"
                    },
                    "_margin_": [
                        0,
                        0,
                        0,
                        0
                    ],
                    "_padding_": [
                        3,
                        0,
                        0,
                        0
                    ],
                    "_placeholder_": "Username",
                    "_skin_": "loginFieldSkin0ea3f8c58621e49",
                    "_text_": "",
                    "_top_": {
                        "type": "string",
                        "value": "0dp"
                    },
                    "_width_": {
                        "type": "string",
                        "value": "100%"
                    },
                    "autocapitalize": "none",
                    "autocomplete": false,
                    "autocorrect": false,
                    "autofilter": false,
                    "canUpdateUI": true,
                    "containerheight": "",
                    "containerheightmode": 1,
                    "containerweight": 100,
                    "contentalignment": 4,
                    "desktopweb": {
                        "placeholderSkin": "CopydefTextBoxPlaceholder0ba9a1ade33fa48"
                    },
                    "disabledSkins": {},
                    "focusskin": "loginFieldSkinFocus0j61c4060ce7d4f",
                    "id": "usernameTextbox",
                    "info": null,
                    "iscustomlayout": false,
                    "isvisible": true,
                    "keyboardtype": "A",
                    "kuid": "f97a2baecda448b4bec3102318829ecc",
                    "mode": "A",
                    "name": "kony.ui.TextBox2",
                    "parent": "usernameFieldContainer",
                    "pf": "collection-form",
                    "placeholderskin": "s2f41a84d44041cab8d826f34ffd00a4",
                    "retaincontentalignment": false,
                    "retainflexpositionproperties": false,
                    "securetextentry": false,
                    "textinputmode": "A",
                    "tooltip": "",
                    "viewtype": "default",
                    "wType": "TextField",
                    "zindex": 1
                },
                "wType": "FlexContainer",
                "widgetalignment": 1,
                "zindex": 1
            },
            "wType": "FlexContainer",
            "widgetalignment": 1
        },
        "parent": "collection-form",
        "pf": "collection-form",
        "retaincontentalignment": false,
        "retainflexpositionproperties": false,
        "snapgridsize": 10,
        "snaptogrid": true,
        "wType": "FlexContainer",
        "widgetalignment": 1,
        "zindex": 1
    }
}