{
    "DNDConfig": null,
    "__parentReadjusting__": false,
    "_height_": {
        "type": "string",
        "value": "70dp"
    },
    "_left_": {
        "type": "string",
        "value": "0dp"
    },
    "_margin_": [
        0,
        0,
        0,
        0
    ],
    "_orientation_": 6,
    "_padding_": [
        0,
        0,
        0,
        0
    ],
    "_percent_": true,
    "_right_": 20,
    "_skin_": "s391674bfaee4019b7685fbeb8563c46",
    "_top_": {
        "type": "string",
        "value": "0dp"
    },
    "_width_": {
        "type": "string",
        "value": "100%"
    },
    "allboxes": [],
    "autogrowmode": 0,
    "canUpdateUI": true,
    "children": [
        "employeeDetailsSegDivide2",
        "employeeDetailsLabel2",
        "employeeDetailsValue2"
    ],
    "clipbounds": true,
    "containerweight": 100,
    "enablescrolling": true,
    "id": "detailsRowContainer2",
    "info": null,
    "iscustomlayout": false,
    "isvisible": true,
    "kuid": "c5a0ba8140b74981a95e91e20edba777",
    "layouttype": 2,
    "name": "kony.ui.FlexContainer",
    "parent": "employeeDetailsContent",
    "pf": "frmListDetails",
    "retaincontentalignment": false,
    "retainflexpositionproperties": false,
    "snapgridsize": 10,
    "snaptogrid": true,
    "wType": "FlexContainer",
    "widgetalignment": 1,
    "zindex": 1
}