{
    "DNDConfig": null,
    "__parentReadjusting__": false,
    "_bottom_": {
        "type": "number",
        "value": "0"
    },
    "_height_": {
        "type": "number",
        "value": ""
    },
    "_left_": {
        "type": "string",
        "value": "45%"
    },
    "_margin_": [
        0,
        0,
        0,
        0
    ],
    "_orientation_": 6,
    "_padding_": [
        0,
        0,
        0,
        0
    ],
    "_percent_": true,
    "_skin_": "s50381c3a8ec4f6082eea858f80d8d1d",
    "_top_": {
        "type": "string",
        "value": "60dp"
    },
    "_width_": {
        "type": "string",
        "value": "55%"
    },
    "allboxes": [],
    "allowhorizontalbounce": false,
    "allowverticalbounce": true,
    "bounces": true,
    "canUpdateUI": true,
    "children": [
        "detailsHeader",
        "employeeDetailImage",
        "employeeNameLabel",
        "employeeTitleLabel",
        "employeeDetailsContent"
    ],
    "clipbounds": true,
    "containerweight": 100,
    "decelerat": false,
    "desktopweb": {
        "render": true
    },
    "dragg": false,
    "enablescrolling": true,
    "horizontalscrollindicator": true,
    "id": "detailContainer",
    "info": null,
    "iscustomlayout": false,
    "isvisible": true,
    "kiosk": {
        "render": true
    },
    "kuid": "e20dbedcca5a496ab00fe4793bf9b567",
    "layouttype": 2,
    "masterType": 1,
    "name": "kony.ui.FlexScrollContainer",
    "pagingenabled": false,
    "parent": "masterContainer",
    "pf": "frmListDetails",
    "responsiveData": {
        "b3": {
            "height": {
                "type": "string",
                "value": "100%"
            },
            "isVisible": false,
            "left": {
                "type": "string",
                "value": "0%"
            },
            "top": {
                "type": "string",
                "value": "0%"
            },
            "width": {
                "type": "string",
                "value": "100%"
            }
        }
    },
    "retaincontentalignment": false,
    "retainflexpositionproperties": false,
    "scrolldirection": 2,
    "snapgridsize": 10,
    "snaptogrid": true,
    "track": false,
    "verticalscrollindicator": true,
    "wType": "FlexScrollContainer",
    "widgetalignment": 1
}