{
    "@class": "com.kony.gen.viz.model.component.KVizLabel",
    "DNDConfig": null,
    "__parentReadjusting__": false,
    "_height_": {
        "type": "ref",
        "value": "preferred"
    },
    "_left_": {
        "type": "string",
        "value": "0dp"
    },
    "_margin_": [
        1,
        1,
        1,
        1
    ],
    "_padding_": [
        0,
        0,
        0,
        0
    ],
    "_skin_": "s74fe7a9641e4e21912b20f0ca065918",
    "_text_": "Sales Engineer",
    "_top_": {
        "type": "string",
        "value": "199dp"
    },
    "_width_": {
        "type": "ref",
        "value": "preferred"
    },
    "_wrapping_": 2,
    "canUpdateUI": true,
    "centerx": {
        "type": "string",
        "value": "50.00%"
    },
    "containerweight": 100,
    "contentalignment": 5,
    "id": "employeeTitleLabel",
    "info": null,
    "iscustomlayout": false,
    "isvisible": true,
    "kuid": "b92931a652074b84b9f937cee19ae878",
    "name": "kony.ui.Label",
    "parent": "detailContainer",
    "pf": "frmListDetails",
    "responsiveData": {
        "b3": {
            "top": {
                "type": "string",
                "value": "259dp"
            }
        }
    },
    "retaincontentalignment": false,
    "retainflexpositionproperties": false,
    "textstyle": {},
    "tooltip": "",
    "wType": "Label",
    "zindex": 1
}