{
    "AS_Button_cf35f728c4bd4eae872ab5b0cbfdfb74": {
        "id": "AS_Button_cf35f728c4bd4eae872ab5b0cbfdfb74",
        "type": "ACTION_SEQUENCE",
        "params": [{
            "datatype": "collection",
            "name": "eventobject"
        }],
        "contextObj": {
            "name": "frmDetails",
            "type": "forms",
            "platform": null,
            "KUID": "b47df94354374a0dbffbf335118129ae"
        },
        "language": "js",
        "actions": [{
            "id": "NAVIGATE_TO_FORM___c36da05ac136423f80f767bb157d7733",
            "type": "NAVIGATE_TO_FORM",
            "formId": "frmList",
            "formKUID": "d1cac3809de14c57b7469c54df7ca620",
            "mappings": {},
            "mappingsOrder": [],
            "parentId": "",
            "callbackType": null,
            "enableMappingEditor": true,
            "package": "",
            "navigationObj": ""
        }]
    }
}