{
    "AS_Button_dc7a10e5a9994695b8ae39ed9f6c02fc": {
        "id": "AS_Button_dc7a10e5a9994695b8ae39ed9f6c02fc",
        "type": "ACTION_SEQUENCE",
        "params": [{
            "datatype": "collection",
            "name": "eventobject"
        }],
        "contextObj": {
            "name": "frmLogin",
            "type": "forms",
            "platform": null,
            "KUID": "ce5a3bbf16674c47a6c6e3562fcaad2b"
        },
        "language": "js",
        "actions": [{
            "id": "INVOKE_IDENTITY_SERVICE__db56a480d5dc4515bcbe501bfc94e3a5",
            "type": "INVOKE_IDENTITY_SERVICE",
            "mappings": {},
            "mappingsOrder": [],
            "serviceconfig": {
                "servicename": "employeeLogin",
                "type": "identity",
                "operationname": "login",
                "serviceid": "bd9ef744-cc26-488d-870f-d86fca8e303b",
                "login_type": "basic"
            },
            "enableMappingEditor": true
        }, {
            "id": "NAVIGATE_TO_FORM___c9dfd92a16cc47c69f4d2fef60f89741",
            "type": "NAVIGATE_TO_FORM",
            "formId": "frmList",
            "formKUID": "d1cac3809de14c57b7469c54df7ca620",
            "mappings": {},
            "mappingsOrder": [],
            "parentId": "INVOKE_IDENTITY_SERVICE__db56a480d5dc4515bcbe501bfc94e3a5",
            "callbackType": "Success",
            "enableMappingEditor": true,
            "package": ""
        }, {
            "id": "SHOW_ALERT__bf89a2415483420da827aec0475f982b",
            "type": "SHOW_ALERT",
            "alertType": "constants.ALERT_TYPE_INFO",
            "alertTitle": null,
            "yesLabel": null,
            "noLabel": null,
            "alertIcon": null,
            "alertMessage": "Authentication Failed!",
            "messageType": "constant",
            "alertHandler": null,
            "parentId": "INVOKE_IDENTITY_SERVICE__db56a480d5dc4515bcbe501bfc94e3a5",
            "callbackType": "Failure",
            "alertTitlei18n": null,
            "yesLabeli18n": null,
            "noLabeli18n": null,
            "alertMessagei18n": null,
            "iconPosition": "constants.ALERT_ICON_POSITION_LEFT",
            "disabled": null
        }]
    }
}