{
    "AS_Button_f3178959046b4301993adaa2719a61e4": {
        "id": "AS_Button_f3178959046b4301993adaa2719a61e4",
        "type": "ACTION_SEQUENCE",
        "params": [{
            "datatype": "collection",
            "name": "eventobject"
        }],
        "contextObj": {
            "name": "frmLogin",
            "type": "forms",
            "platform": "",
            "KUID": "ce5a3bbf16674c47a6c6e3562fcaad2b"
        },
        "language": "js",
        "actions": [{
            "id": "INVOKE_IDENTITY_SERVICE__f8531704f9f64da284401acd3483ff81",
            "type": "INVOKE_IDENTITY_SERVICE",
            "mappings": {
                "ME_Mapping_cb91400d89114bbea74ebc8acd327ada": {
                    "channel": "mobile",
                    "id": "ME_Mapping_cb91400d89114bbea74ebc8acd327ada",
                    "type": "MAPPING",
                    "callbackType": null,
                    "rectified": true,
                    "source": {
                        "type": "Forms",
                        "propertyName": "text",
                        "widgetId": "usernameTextbox",
                        "widgetPath": "this.view.usernameTextbox",
                        "widgetType": "TextField",
                        "dataType": "string",
                        "itemId": "frmLogin",
                        "widgetKUID": "fc76222221e04770a7fa50c6b84c353f",
                        "itemKUID": "ce5a3bbf16674c47a6c6e3562fcaad2b",
                        "forkedPlatform": "all"
                    },
                    "target": {
                        "type": "Services",
                        "propertyName": "userid",
                        "dataType": "string",
                        "forkedPlatform": "all",
                        "serviceconfig": {
                            "servicename": "employeeLogin",
                            "type": "identity",
                            "operationname": "login",
                            "serviceid": "bd9ef744-cc26-488d-870f-d86fca8e303b",
                            "login_type": "basic"
                        }
                    }
                },
                "ME_Mapping_ed1cd021c93f4b65b45c0698a7ee3984": {
                    "channel": "mobile",
                    "id": "ME_Mapping_ed1cd021c93f4b65b45c0698a7ee3984",
                    "type": "MAPPING",
                    "callbackType": null,
                    "rectified": true,
                    "source": {
                        "type": "Forms",
                        "propertyName": "text",
                        "widgetId": "passwordTextbox",
                        "widgetPath": "this.view.passwordTextbox",
                        "widgetType": "TextField",
                        "dataType": "string",
                        "itemId": "frmLogin",
                        "widgetKUID": "d866e3e5b43f4c1db9bda5d2b96b5da5",
                        "itemKUID": "ce5a3bbf16674c47a6c6e3562fcaad2b",
                        "forkedPlatform": "all"
                    },
                    "target": {
                        "type": "Services",
                        "propertyName": "password",
                        "dataType": "string",
                        "forkedPlatform": "all",
                        "serviceconfig": {
                            "servicename": "employeeLogin",
                            "type": "identity",
                            "operationname": "login",
                            "serviceid": "bd9ef744-cc26-488d-870f-d86fca8e303b",
                            "login_type": "basic"
                        }
                    }
                }
            },
            "mappingsOrder": ["ME_Mapping_cb91400d89114bbea74ebc8acd327ada", "ME_Mapping_ed1cd021c93f4b65b45c0698a7ee3984"],
            "serviceconfig": {
                "servicename": "employeeLogin",
                "type": "identity",
                "operationname": "login",
                "serviceid": "bd9ef744-cc26-488d-870f-d86fca8e303b",
                "login_type": "basic"
            },
            "enableMappingEditor": true
        }, {
            "id": "NAVIGATE_TO_FORM___g05e30355c124154b3aaeda172972df7",
            "type": "NAVIGATE_TO_FORM",
            "formId": "frmList",
            "formKUID": "d1cac3809de14c57b7469c54df7ca620",
            "mappings": {},
            "mappingsOrder": [],
            "parentId": "INVOKE_IDENTITY_SERVICE__f8531704f9f64da284401acd3483ff81",
            "callbackType": "Success",
            "enableMappingEditor": true,
            "package": ""
        }, {
            "id": "SHOW_ALERT__j9f7b610e1eb4004a5eaa33267677fd2",
            "type": "SHOW_ALERT",
            "alertType": "constants.ALERT_TYPE_INFO",
            "alertTitle": null,
            "yesLabel": null,
            "noLabel": null,
            "alertIcon": null,
            "alertMessage": "Authentication Failed!",
            "messageType": "constant",
            "alertHandler": null,
            "parentId": "INVOKE_IDENTITY_SERVICE__f8531704f9f64da284401acd3483ff81",
            "callbackType": "Failure",
            "alertTitlei18n": null,
            "yesLabeli18n": null,
            "noLabeli18n": null,
            "alertMessagei18n": null,
            "iconPosition": "constants.ALERT_ICON_POSITION_LEFT",
            "disabled": null
        }]
    }
}