{
    "AS_Button_ee7133816aee4367839f391cad18dc82": {
        "id": "AS_Button_ee7133816aee4367839f391cad18dc82",
        "type": "ACTION_SEQUENCE",
        "params": [{
            "datatype": "collection",
            "name": "eventobject"
        }],
        "contextObj": {
            "name": "frmList",
            "type": "forms",
            "platform": null,
            "KUID": "d1cac3809de14c57b7469c54df7ca620"
        },
        "language": "js",
        "actions": [{
            "id": "INVOKE_IDENTITY_SERVICE__j2b071e76fe847998722025fbc16d4a4",
            "type": "INVOKE_IDENTITY_SERVICE",
            "mappings": {},
            "mappingsOrder": [],
            "serviceconfig": {
                "servicename": "employeeLogin",
                "type": "identity",
                "operationname": "logout",
                "serviceid": "bd9ef744-cc26-488d-870f-d86fca8e303b",
                "login_type": "basic"
            },
            "enableMappingEditor": true
        }, {
            "id": "NAVIGATE_TO_FORM___h3ad83c4c5854a8f867fec3c31294682",
            "type": "NAVIGATE_TO_FORM",
            "formId": "frmLogin",
            "formKUID": "ce5a3bbf16674c47a6c6e3562fcaad2b",
            "mappings": {},
            "mappingsOrder": [],
            "parentId": "INVOKE_IDENTITY_SERVICE__j2b071e76fe847998722025fbc16d4a4",
            "callbackType": "Success",
            "enableMappingEditor": true,
            "package": ""
        }, {
            "id": "SHOW_ALERT__j62654bbe82244369e382cdeb0f996b6",
            "type": "SHOW_ALERT",
            "alertType": "constants.ALERT_TYPE_INFO",
            "alertTitle": null,
            "yesLabel": null,
            "noLabel": null,
            "alertIcon": null,
            "alertMessage": "Logout Failed!",
            "messageType": "constant",
            "alertHandler": null,
            "parentId": "INVOKE_IDENTITY_SERVICE__j2b071e76fe847998722025fbc16d4a4",
            "callbackType": "Failure",
            "alertTitlei18n": null,
            "yesLabeli18n": null,
            "noLabeli18n": null,
            "alertMessagei18n": null,
            "iconPosition": "constants.ALERT_ICON_POSITION_LEFT",
            "disabled": null
        }]
    }
}