{
    "AS_Button_c1a75c6623744453832062c8f5ea24b7": {
        "id": "AS_Button_c1a75c6623744453832062c8f5ea24b7",
        "type": "ACTION_SEQUENCE",
        "params": [{
            "datatype": "collection",
            "name": "eventobject"
        }],
        "contextObj": {
            "name": "frmDetails",
            "type": "forms",
            "platform": null,
            "KUID": "b47df94354374a0dbffbf335118129ae"
        },
        "language": "js",
        "actions": [{
            "id": "INVOKE_IDENTITY_SERVICE__g96aea8242e34afd8e00f580fd27d932",
            "type": "INVOKE_IDENTITY_SERVICE",
            "mappings": {},
            "mappingsOrder": [],
            "serviceconfig": {
                "servicename": "employeeLogin",
                "type": "identity",
                "operationname": "logout",
                "serviceid": "bd9ef744-cc26-488d-870f-d86fca8e303b",
                "login_type": "basic"
            },
            "enableMappingEditor": true
        }, {
            "id": "NAVIGATE_TO_FORM___i3f212bdbff64e5c884a5ee28785d028",
            "type": "NAVIGATE_TO_FORM",
            "formId": "frmLogin",
            "formKUID": "ce5a3bbf16674c47a6c6e3562fcaad2b",
            "mappings": {},
            "mappingsOrder": [],
            "parentId": "INVOKE_IDENTITY_SERVICE__g96aea8242e34afd8e00f580fd27d932",
            "callbackType": "Success",
            "enableMappingEditor": true,
            "package": ""
        }, {
            "id": "SHOW_ALERT__bbf4b0c0705f4d908809bcb9d1a7c59f",
            "type": "SHOW_ALERT",
            "alertType": "constants.ALERT_TYPE_INFO",
            "alertTitle": null,
            "yesLabel": null,
            "noLabel": null,
            "alertIcon": null,
            "alertMessage": "Logout Failed!",
            "messageType": "constant",
            "alertHandler": null,
            "parentId": "INVOKE_IDENTITY_SERVICE__g96aea8242e34afd8e00f580fd27d932",
            "callbackType": "Failure",
            "alertTitlei18n": null,
            "yesLabeli18n": null,
            "noLabeli18n": null,
            "alertMessagei18n": null,
            "iconPosition": "constants.ALERT_ICON_POSITION_LEFT",
            "disabled": null
        }]
    }
}