{
    "AS_Button_e6443f9fefbd48b4a5d13aaa143791eb": {
        "id": "AS_Button_e6443f9fefbd48b4a5d13aaa143791eb",
        "type": "ACTION_SEQUENCE",
        "params": [{
            "datatype": "collection",
            "name": "eventobject"
        }],
        "contextObj": {
            "name": "frmLogin",
            "type": "forms",
            "platform": null,
            "KUID": "ce5a3bbf16674c47a6c6e3562fcaad2b"
        },
        "language": "js",
        "actions": [{
            "id": "INVOKE_IDENTITY_SERVICE__dfe3a05a37af4dbe8a3ef4ae2a809370",
            "type": "INVOKE_IDENTITY_SERVICE",
            "mappings": {
                "ME_Mapping_ie581daa3244455f9550fe190b19dd19": {
                    "channel": "mobile",
                    "id": "ME_Mapping_ie581daa3244455f9550fe190b19dd19",
                    "type": "MAPPING",
                    "callbackType": null,
                    "rectified": true,
                    "source": {
                        "type": "Forms",
                        "propertyName": "text",
                        "widgetId": "usernameTextbox",
                        "widgetPath": "this.view.usernameTextbox",
                        "widgetType": "TextField",
                        "dataType": "string",
                        "itemId": "frmLogin",
                        "widgetKUID": "fc76222221e04770a7fa50c6b84c353f",
                        "itemKUID": "ce5a3bbf16674c47a6c6e3562fcaad2b",
                        "forkedPlatform": "all"
                    },
                    "target": {
                        "type": "Services",
                        "propertyName": "userid",
                        "dataType": "string",
                        "forkedPlatform": "all",
                        "serviceconfig": {
                            "servicename": "employeeLogin",
                            "type": "identity",
                            "operationname": "login",
                            "serviceid": "bd9ef744-cc26-488d-870f-d86fca8e303b",
                            "login_type": "basic"
                        }
                    }
                },
                "ME_Mapping_daebf67e10ed4ac3ba7f2199d8af7b5e": {
                    "channel": "mobile",
                    "id": "ME_Mapping_daebf67e10ed4ac3ba7f2199d8af7b5e",
                    "type": "MAPPING",
                    "callbackType": null,
                    "rectified": true,
                    "source": {
                        "type": "Forms",
                        "propertyName": "text",
                        "widgetId": "passwordTextbox",
                        "widgetPath": "this.view.passwordTextbox",
                        "widgetType": "TextField",
                        "dataType": "string",
                        "itemId": "frmLogin",
                        "widgetKUID": "d866e3e5b43f4c1db9bda5d2b96b5da5",
                        "itemKUID": "ce5a3bbf16674c47a6c6e3562fcaad2b",
                        "forkedPlatform": "all"
                    },
                    "target": {
                        "type": "Services",
                        "propertyName": "password",
                        "dataType": "string",
                        "forkedPlatform": "all",
                        "serviceconfig": {
                            "servicename": "employeeLogin",
                            "type": "identity",
                            "operationname": "login",
                            "serviceid": "bd9ef744-cc26-488d-870f-d86fca8e303b",
                            "login_type": "basic"
                        }
                    }
                }
            },
            "mappingsOrder": ["ME_Mapping_ie581daa3244455f9550fe190b19dd19", "ME_Mapping_daebf67e10ed4ac3ba7f2199d8af7b5e"],
            "serviceconfig": {
                "servicename": "employeeLogin",
                "type": "identity",
                "operationname": "login",
                "serviceid": "bd9ef744-cc26-488d-870f-d86fca8e303b",
                "login_type": "basic"
            },
            "enableMappingEditor": true
        }, {
            "id": "NAVIGATE_TO_FORM___a66651001f2749faa6341254db137c0f",
            "type": "NAVIGATE_TO_FORM",
            "formId": "frmList",
            "formKUID": "d1cac3809de14c57b7469c54df7ca620",
            "mappings": {},
            "mappingsOrder": [],
            "parentId": "INVOKE_IDENTITY_SERVICE__dfe3a05a37af4dbe8a3ef4ae2a809370",
            "callbackType": "Success",
            "enableMappingEditor": true,
            "package": ""
        }, {
            "id": "SHOW_ALERT__b9ee266415f1419a9f75da9e9ef3e356",
            "type": "SHOW_ALERT",
            "alertType": "constants.ALERT_TYPE_INFO",
            "alertTitle": null,
            "yesLabel": null,
            "noLabel": null,
            "alertIcon": null,
            "alertMessage": "Authentication Failed!",
            "messageType": "constant",
            "alertHandler": null,
            "parentId": "INVOKE_IDENTITY_SERVICE__dfe3a05a37af4dbe8a3ef4ae2a809370",
            "callbackType": "Failure",
            "alertTitlei18n": null,
            "yesLabeli18n": null,
            "noLabeli18n": null,
            "alertMessagei18n": null,
            "iconPosition": "constants.ALERT_ICON_POSITION_LEFT",
            "disabled": null
        }]
    }
}