{
    "AS_Form_f17f765777a747ee8cf68fa758f1c7ce": {
        "id": "AS_Form_f17f765777a747ee8cf68fa758f1c7ce",
        "type": "ACTION_SEQUENCE",
        "params": [{
            "datatype": "collection",
            "name": "eventobject"
        }],
        "contextObj": {
            "name": "frmList",
            "type": "forms",
            "platform": null,
            "KUID": "d1cac3809de14c57b7469c54df7ca620"
        },
        "language": "js",
        "actions": [{
            "id": "LOADING_INDICATOR__c404c7e4765b4aaeab32270d2f275bd3",
            "selectedOption": "show",
            "disabled": null,
            "type": "LOADING_INDICATOR",
            "skin": "none",
            "position": "constants.LOADING_SCREEN_POSITION_FULL_SCREEN",
            "isBlocked": "true",
            "showProgressIndicator": "true"
        }, {
            "id": "INVOKE_OBJECT_SERVICE__bcf9cce19eac473b99484c4347ec8049",
            "type": "INVOKE_OBJECT_SERVICE",
            "inputparams": null,
            "httpheaders": null,
            "httpconfigs": null,
            "isasynchronous": null,
            "isoffline": null,
            "isobject": true,
            "mappings": {},
            "mappingsOrder": [],
            "serviceconfig": {
                "servicename": "EmployeeServices",
                "type": "objectsvcs",
                "objectname": "employees",
                "serviceid": "bd298473-012c-4fd2-9c02-ac4547645816",
                "methodname": "get"
            },
            "enableMappingEditor": true
        }, {
            "id": "LOADING_INDICATOR__cccc1166e6a648c89dfdce4fc7bfb50d",
            "selectedOption": "dismiss",
            "parentId": "INVOKE_OBJECT_SERVICE__bcf9cce19eac473b99484c4347ec8049",
            "disabled": null,
            "type": "LOADING_INDICATOR",
            "callbackType": "Callback",
            "skin": "none",
            "position": "constants.LOADING_SCREEN_POSITION_FULL_SCREEN",
            "isBlocked": "true",
            "showProgressIndicator": "true"
        }, {
            "id": "ADD_MAPPING__ecef54a84da949cba293ac5b43c84746",
            "type": "ADD_MAPPING",
            "mappings": {
                "ME_Mapping_ee017065e4f247ca9551f77bb9a419ee": {
                    "channel": "mobile",
                    "id": "ME_Mapping_ee017065e4f247ca9551f77bb9a419ee",
                    "type": "MAPPING",
                    "callbackType": null,
                    "rectified": true,
                    "source": {
                        "type": "Services",
                        "propertyName": "records",
                        "dataType": "collection",
                        "forkedPlatform": "all",
                        "serviceconfig": {
                            "servicename": "EmployeeServices",
                            "type": "objectsvcs",
                            "objectname": "employees",
                            "serviceid": "bd298473-012c-4fd2-9c02-ac4547645816",
                            "methodname": "get"
                        }
                    },
                    "target": {
                        "type": "Forms",
                        "propertyName": "masterdata",
                        "widgetId": "employeeSegment",
                        "widgetPath": "this.view.employeeSegment",
                        "widgetType": "Segment",
                        "dataType": "collection",
                        "itemId": "frmList",
                        "widgetKUID": "gc301663d84d481fb826bdcff3328d00",
                        "itemKUID": "d1cac3809de14c57b7469c54df7ca620",
                        "forkedPlatform": "all"
                    }
                },
                "ME_Mapping_cb196c3d00d54a5c809b38078af932e0": {
                    "channel": "mobile",
                    "id": "ME_Mapping_cb196c3d00d54a5c809b38078af932e0",
                    "type": "MAPPING",
                    "callbackType": null,
                    "rectified": true,
                    "source": {
                        "type": "Services",
                        "propertyName": "Designation",
                        "dataType": "string",
                        "collectionId": "records",
                        "forkedPlatform": "all",
                        "serviceconfig": {
                            "servicename": "EmployeeServices",
                            "type": "objectsvcs",
                            "objectname": "employees",
                            "serviceid": "bd298473-012c-4fd2-9c02-ac4547645816",
                            "methodname": "get"
                        }
                    },
                    "target": {
                        "type": "Forms",
                        "propertyName": "text",
                        "widgetId": "employeeFieldTitle",
                        "widgetPath": "this.view.employeeFieldTitle",
                        "widgetType": "Label",
                        "dataType": "string",
                        "itemId": "frmList",
                        "parentMappingId": "ME_Mapping_ee017065e4f247ca9551f77bb9a419ee",
                        "segmentId": "employeeSegment",
                        "segmentKUID": "gc301663d84d481fb826bdcff3328d00",
                        "widgetKUID": "ec1ba42aba904bd2b5da5536287bfebf",
                        "itemKUID": "d1cac3809de14c57b7469c54df7ca620",
                        "forkedPlatform": "all"
                    }
                },
                "ME_Mapping_c924337b7809457faffd16023844c2f5": {
                    "channel": "mobile",
                    "id": "ME_Mapping_c924337b7809457faffd16023844c2f5",
                    "type": "MAPPING",
                    "callbackType": null,
                    "rectified": true,
                    "source": {
                        "type": "Services",
                        "propertyName": "Department",
                        "dataType": "string",
                        "collectionId": "records",
                        "forkedPlatform": "all",
                        "serviceconfig": {
                            "servicename": "EmployeeServices",
                            "type": "objectsvcs",
                            "objectname": "employees",
                            "serviceid": "bd298473-012c-4fd2-9c02-ac4547645816",
                            "methodname": "get"
                        }
                    },
                    "target": {
                        "type": "Forms",
                        "propertyName": "text",
                        "widgetId": "employeeFieldGroup",
                        "widgetPath": "this.view.employeeFieldGroup",
                        "widgetType": "Label",
                        "dataType": "string",
                        "itemId": "frmList",
                        "parentMappingId": "ME_Mapping_ee017065e4f247ca9551f77bb9a419ee",
                        "segmentId": "employeeSegment",
                        "segmentKUID": "gc301663d84d481fb826bdcff3328d00",
                        "widgetKUID": "a95efb26f60d45aba37fdd4a25a8e303",
                        "itemKUID": "d1cac3809de14c57b7469c54df7ca620",
                        "forkedPlatform": "all"
                    }
                },
                "ME_Mapping_c7280965fb374f7e9fb2623161a378cb": {
                    "channel": "mobile",
                    "id": "ME_Mapping_c7280965fb374f7e9fb2623161a378cb",
                    "type": "MAPPING",
                    "callbackType": null,
                    "rectified": true,
                    "source": {
                        "type": "Services",
                        "propertyName": "Emp_id",
                        "dataType": "string",
                        "collectionId": "records",
                        "forkedPlatform": "all",
                        "serviceconfig": {
                            "servicename": "EmployeeServices",
                            "type": "objectsvcs",
                            "objectname": "employees",
                            "serviceid": "bd298473-012c-4fd2-9c02-ac4547645816",
                            "methodname": "get"
                        }
                    },
                    "target": {
                        "type": "Forms",
                        "propertyName": "text",
                        "widgetId": "employeeId",
                        "widgetPath": "this.view.employeeId",
                        "widgetType": "Label",
                        "dataType": "string",
                        "itemId": "frmList",
                        "parentMappingId": "ME_Mapping_ee017065e4f247ca9551f77bb9a419ee",
                        "segmentId": "employeeSegment",
                        "segmentKUID": "gc301663d84d481fb826bdcff3328d00",
                        "widgetKUID": "d23386ac734249e2b1269976b3cf0666",
                        "itemKUID": "d1cac3809de14c57b7469c54df7ca620",
                        "forkedPlatform": "all"
                    }
                },
                "ME_Mapping_da8c697821124d1c9415cbb252d58f9f": {
                    "channel": "mobile",
                    "id": "ME_Mapping_da8c697821124d1c9415cbb252d58f9f",
                    "type": "MAPPING",
                    "callbackType": null,
                    "rectified": true,
                    "source": {
                        "type": "Services",
                        "propertyName": "Image_URL",
                        "dataType": "string",
                        "collectionId": "records",
                        "forkedPlatform": "all",
                        "serviceconfig": {
                            "servicename": "EmployeeServices",
                            "type": "objectsvcs",
                            "objectname": "employees",
                            "serviceid": "bd298473-012c-4fd2-9c02-ac4547645816",
                            "methodname": "get"
                        }
                    },
                    "target": {
                        "type": "Forms",
                        "propertyName": "src",
                        "widgetId": "employeeSegImage",
                        "widgetPath": "this.view.employeeSegImage",
                        "widgetType": "Image",
                        "dataType": "string",
                        "itemId": "frmList",
                        "parentMappingId": "ME_Mapping_ee017065e4f247ca9551f77bb9a419ee",
                        "segmentId": "employeeSegment",
                        "segmentKUID": "gc301663d84d481fb826bdcff3328d00",
                        "widgetKUID": "ed74486616f14441b49aab201e1d1988",
                        "itemKUID": "d1cac3809de14c57b7469c54df7ca620",
                        "forkedPlatform": "all"
                    }
                },
                "ME_Mapping_h271f777c2bc40faa6cbf23ef7bf539b": {
                    "channel": "mobile",
                    "id": "ME_Mapping_h271f777c2bc40faa6cbf23ef7bf539b",
                    "type": "MAPPING",
                    "callbackType": null,
                    "rectified": true,
                    "source": {
                        "type": "Services",
                        "propertyName": "Name",
                        "dataType": "string",
                        "collectionId": "records",
                        "forkedPlatform": "all",
                        "serviceconfig": {
                            "servicename": "EmployeeServices",
                            "type": "objectsvcs",
                            "objectname": "employees",
                            "serviceid": "bd298473-012c-4fd2-9c02-ac4547645816",
                            "methodname": "get"
                        }
                    },
                    "target": {
                        "type": "Forms",
                        "propertyName": "text",
                        "widgetId": "employeeFieldName",
                        "widgetPath": "this.view.employeeFieldName",
                        "widgetType": "Label",
                        "dataType": "string",
                        "itemId": "frmList",
                        "parentMappingId": "ME_Mapping_ee017065e4f247ca9551f77bb9a419ee",
                        "segmentId": "employeeSegment",
                        "segmentKUID": "gc301663d84d481fb826bdcff3328d00",
                        "widgetKUID": "a48aa6ab9932431ea69cb6af1e0effb3",
                        "itemKUID": "d1cac3809de14c57b7469c54df7ca620",
                        "forkedPlatform": "all"
                    }
                }
            },
            "mappingsOrder": ["ME_Mapping_ee017065e4f247ca9551f77bb9a419ee", "ME_Mapping_cb196c3d00d54a5c809b38078af932e0", "ME_Mapping_c924337b7809457faffd16023844c2f5", "ME_Mapping_c7280965fb374f7e9fb2623161a378cb", "ME_Mapping_da8c697821124d1c9415cbb252d58f9f", "ME_Mapping_h271f777c2bc40faa6cbf23ef7bf539b"],
            "parentId": "INVOKE_OBJECT_SERVICE__bcf9cce19eac473b99484c4347ec8049",
            "callbackType": "Callback",
            "enableMappingEditor": true
        }]
    }
}