{
    "AS_Form_j20d2ceaeb4a4f9bb6522c761034427c": {
        "id": "AS_Form_j20d2ceaeb4a4f9bb6522c761034427c",
        "type": "ACTION_SEQUENCE",
        "params": [{
            "datatype": "collection",
            "name": "eventobject"
        }],
        "contextObj": {
            "name": "frmList",
            "type": "forms",
            "platform": null,
            "KUID": "d1cac3809de14c57b7469c54df7ca620"
        },
        "language": "js",
        "actions": [{
            "id": "LOADING_INDICATOR__b40e298bebd044e4823b1605a73dc9f2",
            "selectedOption": "show",
            "disabled": null,
            "type": "LOADING_INDICATOR",
            "skin": "none",
            "position": "constants.LOADING_SCREEN_POSITION_FULL_SCREEN",
            "isBlocked": "true",
            "showProgressIndicator": "true"
        }, {
            "id": "INVOKE_OBJECT_SERVICE__a28cbb6e1b314dcbb56632e07e63663e",
            "type": "INVOKE_OBJECT_SERVICE",
            "inputparams": null,
            "httpheaders": null,
            "httpconfigs": null,
            "isasynchronous": null,
            "isoffline": null,
            "isobject": true,
            "mappings": {},
            "mappingsOrder": [],
            "serviceconfig": {
                "servicename": "employeeObjectService",
                "type": "objectsvcs",
                "objectname": "list_view",
                "serviceid": "c9f5bb4b-9d83-4b99-b854-7b7ab776b60a",
                "methodname": "get"
            },
            "enableMappingEditor": true
        }, {
            "id": "LOADING_INDICATOR__e8ce550ca709418ba171f373ea8205a7",
            "selectedOption": "dismiss",
            "parentId": "INVOKE_OBJECT_SERVICE__a28cbb6e1b314dcbb56632e07e63663e",
            "disabled": null,
            "type": "LOADING_INDICATOR",
            "callbackType": "Callback",
            "skin": "none",
            "position": "constants.LOADING_SCREEN_POSITION_FULL_SCREEN",
            "isBlocked": "true",
            "showProgressIndicator": "true"
        }, {
            "id": "ADD_MAPPING__fbf5876fdb994f45b56babb08d8c416e",
            "type": "ADD_MAPPING",
            "mappings": {
                "ME_Mapping_cede8e3e4be34eeeab42e6433d10b1b7": {
                    "channel": "mobile",
                    "id": "ME_Mapping_cede8e3e4be34eeeab42e6433d10b1b7",
                    "type": "MAPPING",
                    "callbackType": null,
                    "rectified": true,
                    "source": {
                        "type": "Services",
                        "propertyName": "records",
                        "dataType": "collection",
                        "forkedPlatform": "all",
                        "serviceconfig": {
                            "servicename": "employeeObjectService",
                            "type": "objectsvcs",
                            "objectname": "list_view",
                            "serviceid": "c9f5bb4b-9d83-4b99-b854-7b7ab776b60a",
                            "methodname": "get"
                        }
                    },
                    "target": {
                        "type": "Forms",
                        "propertyName": "masterdata",
                        "widgetId": "employeeSegment",
                        "widgetPath": "this.view.employeeSegment",
                        "widgetType": "Segment",
                        "dataType": "collection",
                        "itemId": "frmList",
                        "widgetKUID": "gc301663d84d481fb826bdcff3328d00",
                        "itemKUID": "d1cac3809de14c57b7469c54df7ca620",
                        "forkedPlatform": "all"
                    }
                },
                "ME_Mapping_d8ca7a97b02040afba38fc619916b253": {
                    "channel": "mobile",
                    "id": "ME_Mapping_d8ca7a97b02040afba38fc619916b253",
                    "type": "MAPPING",
                    "callbackType": null,
                    "rectified": true,
                    "source": {
                        "type": "Services",
                        "propertyName": "Department",
                        "dataType": "string",
                        "collectionId": "records",
                        "forkedPlatform": "all",
                        "serviceconfig": {
                            "servicename": "employeeObjectService",
                            "type": "objectsvcs",
                            "objectname": "list_view",
                            "serviceid": "c9f5bb4b-9d83-4b99-b854-7b7ab776b60a",
                            "methodname": "get"
                        }
                    },
                    "target": {
                        "type": "Forms",
                        "propertyName": "text",
                        "widgetId": "employeeId",
                        "widgetPath": "this.view.employeeId",
                        "widgetType": "Label",
                        "dataType": "string",
                        "itemId": "frmList",
                        "parentMappingId": "ME_Mapping_cede8e3e4be34eeeab42e6433d10b1b7",
                        "segmentId": "employeeSegment",
                        "segmentKUID": "gc301663d84d481fb826bdcff3328d00",
                        "widgetKUID": "d23386ac734249e2b1269976b3cf0666",
                        "itemKUID": "d1cac3809de14c57b7469c54df7ca620",
                        "forkedPlatform": "all"
                    }
                },
                "ME_Mapping_d8bf0b2df1da4ece88f8264a933d5757": {
                    "channel": "mobile",
                    "id": "ME_Mapping_d8bf0b2df1da4ece88f8264a933d5757",
                    "type": "MAPPING",
                    "callbackType": null,
                    "rectified": true,
                    "source": {
                        "type": "Services",
                        "propertyName": "Designation",
                        "dataType": "string",
                        "collectionId": "records",
                        "forkedPlatform": "all",
                        "serviceconfig": {
                            "servicename": "employeeObjectService",
                            "type": "objectsvcs",
                            "objectname": "list_view",
                            "serviceid": "c9f5bb4b-9d83-4b99-b854-7b7ab776b60a",
                            "methodname": "get"
                        }
                    },
                    "target": {
                        "type": "Forms",
                        "propertyName": "text",
                        "widgetId": "employeeFieldTitle",
                        "widgetPath": "this.view.employeeFieldTitle",
                        "widgetType": "Label",
                        "dataType": "string",
                        "itemId": "frmList",
                        "parentMappingId": "ME_Mapping_cede8e3e4be34eeeab42e6433d10b1b7",
                        "segmentId": "employeeSegment",
                        "segmentKUID": "gc301663d84d481fb826bdcff3328d00",
                        "widgetKUID": "ec1ba42aba904bd2b5da5536287bfebf",
                        "itemKUID": "d1cac3809de14c57b7469c54df7ca620",
                        "forkedPlatform": "all"
                    }
                },
                "ME_Mapping_cdc38815de024b94bb38e909c27d2ba0": {
                    "channel": "mobile",
                    "id": "ME_Mapping_cdc38815de024b94bb38e909c27d2ba0",
                    "type": "MAPPING",
                    "callbackType": null,
                    "rectified": true,
                    "source": {
                        "type": "Services",
                        "propertyName": "Employee_Name",
                        "dataType": "string",
                        "collectionId": "records",
                        "forkedPlatform": "all",
                        "serviceconfig": {
                            "servicename": "employeeObjectService",
                            "type": "objectsvcs",
                            "objectname": "list_view",
                            "serviceid": "c9f5bb4b-9d83-4b99-b854-7b7ab776b60a",
                            "methodname": "get"
                        }
                    },
                    "target": {
                        "type": "Forms",
                        "propertyName": "text",
                        "widgetId": "employeeFieldGroup",
                        "widgetPath": "this.view.employeeFieldGroup",
                        "widgetType": "Label",
                        "dataType": "string",
                        "itemId": "frmList",
                        "parentMappingId": "ME_Mapping_cede8e3e4be34eeeab42e6433d10b1b7",
                        "segmentId": "employeeSegment",
                        "segmentKUID": "gc301663d84d481fb826bdcff3328d00",
                        "widgetKUID": "a95efb26f60d45aba37fdd4a25a8e303",
                        "itemKUID": "d1cac3809de14c57b7469c54df7ca620",
                        "forkedPlatform": "all"
                    }
                },
                "ME_Mapping_bb34a35b3d8b4728a5dedd05d8516ec3": {
                    "channel": "mobile",
                    "id": "ME_Mapping_bb34a35b3d8b4728a5dedd05d8516ec3",
                    "type": "MAPPING",
                    "callbackType": null,
                    "rectified": true,
                    "source": {
                        "type": "Services",
                        "propertyName": "Emp_id",
                        "dataType": "string",
                        "collectionId": "records",
                        "forkedPlatform": "all",
                        "serviceconfig": {
                            "servicename": "employeeObjectService",
                            "type": "objectsvcs",
                            "objectname": "list_view",
                            "serviceid": "c9f5bb4b-9d83-4b99-b854-7b7ab776b60a",
                            "methodname": "get"
                        }
                    },
                    "target": {
                        "type": "Forms",
                        "propertyName": "text",
                        "widgetId": "employeeFieldName",
                        "widgetPath": "this.view.employeeFieldName",
                        "widgetType": "Label",
                        "dataType": "string",
                        "itemId": "frmList",
                        "parentMappingId": "ME_Mapping_cede8e3e4be34eeeab42e6433d10b1b7",
                        "segmentId": "employeeSegment",
                        "segmentKUID": "gc301663d84d481fb826bdcff3328d00",
                        "widgetKUID": "a48aa6ab9932431ea69cb6af1e0effb3",
                        "itemKUID": "d1cac3809de14c57b7469c54df7ca620",
                        "forkedPlatform": "all"
                    }
                }
            },
            "mappingsOrder": ["ME_Mapping_cede8e3e4be34eeeab42e6433d10b1b7", "ME_Mapping_d8ca7a97b02040afba38fc619916b253", "ME_Mapping_d8bf0b2df1da4ece88f8264a933d5757", "ME_Mapping_cdc38815de024b94bb38e909c27d2ba0", "ME_Mapping_bb34a35b3d8b4728a5dedd05d8516ec3"],
            "parentId": "INVOKE_OBJECT_SERVICE__a28cbb6e1b314dcbb56632e07e63663e",
            "callbackType": "Callback",
            "enableMappingEditor": true
        }]
    }
}