{
    "AS_Form_aa63d5275ed14441a3f1eb05fddb275e": {
        "id": "AS_Form_aa63d5275ed14441a3f1eb05fddb275e",
        "type": "ACTION_SEQUENCE",
        "params": [{
            "datatype": "collection",
            "name": "eventobject"
        }],
        "contextObj": {
            "name": "frmDetails",
            "type": "forms",
            "platform": null,
            "KUID": "b47df94354374a0dbffbf335118129ae"
        },
        "language": "js",
        "actions": [{
            "id": "LOADING_INDICATOR__fabed3c2b6d64a94850952f104673055",
            "selectedOption": "show",
            "parentId": null,
            "disabled": null,
            "type": "LOADING_INDICATOR",
            "callbackType": null,
            "skin": "none",
            "position": "constants.LOADING_SCREEN_POSITION_FULL_SCREEN",
            "isBlocked": "true",
            "showProgressIndicator": "true",
            "text": "Fetching Details"
        }, {
            "id": "INVOKE_OBJECT_SERVICE__d4d0d07813a048efb18d483c83e6274e",
            "type": "INVOKE_OBJECT_SERVICE",
            "inputparams": {
                "$filter": "\"Emp_id eq \" +selectedEmployeeId"
            },
            "httpheaders": null,
            "httpconfigs": null,
            "isasynchronous": null,
            "isoffline": null,
            "isobject": true,
            "mappings": {},
            "mappingsOrder": [],
            "serviceconfig": {
                "servicename": "EmployeeServices",
                "type": "objectsvcs",
                "objectname": "employees",
                "serviceid": "bd298473-012c-4fd2-9c02-ac4547645816",
                "methodname": "get"
            },
            "parentId": null,
            "callbackType": null,
            "enableMappingEditor": true
        }, {
            "id": "LOADING_INDICATOR__df74ba67b90449a7a56eb3de7affd6e4",
            "selectedOption": "Dismiss",
            "parentId": "INVOKE_OBJECT_SERVICE__d4d0d07813a048efb18d483c83e6274e",
            "disabled": null,
            "type": "LOADING_INDICATOR",
            "callbackType": "Callback",
            "skin": "none",
            "position": "constants.LOADING_SCREEN_POSITION_FULL_SCREEN",
            "isBlocked": "true",
            "showProgressIndicator": "true"
        }, {
            "id": "ADD_MAPPING__e072db2a2392462c9ee94992d140064a",
            "type": "ADD_MAPPING",
            "mappings": {
                "ME_Mapping_aca3f687586443248188984caaa3bb7d": {
                    "channel": "mobile",
                    "id": "ME_Mapping_aca3f687586443248188984caaa3bb7d",
                    "type": "MAPPING",
                    "callbackType": null,
                    "rectified": true,
                    "source": {
                        "type": "Services",
                        "propertyName": "Email",
                        "dataType": "string",
                        "collectionId": "records",
                        "forkedPlatform": "all",
                        "serviceconfig": {
                            "servicename": "EmployeeServices",
                            "type": "objectsvcs",
                            "objectname": "employees",
                            "serviceid": "bd298473-012c-4fd2-9c02-ac4547645816",
                            "methodname": "get"
                        }
                    },
                    "target": {
                        "type": "Forms",
                        "propertyName": "text",
                        "widgetId": "employeeDetailsValue1",
                        "widgetPath": "this.view.employeeDetailsValue1",
                        "widgetType": "Label",
                        "dataType": "string",
                        "itemId": "frmDetails",
                        "widgetKUID": "b7d7523048144a3db9f1e4a1e8487f52",
                        "itemKUID": "b47df94354374a0dbffbf335118129ae",
                        "forkedPlatform": "all"
                    }
                },
                "ME_Mapping_a28330e8bafe48afa46a17d67d0e1a4f": {
                    "channel": "mobile",
                    "id": "ME_Mapping_a28330e8bafe48afa46a17d67d0e1a4f",
                    "type": "MAPPING",
                    "callbackType": null,
                    "rectified": true,
                    "source": {
                        "type": "Services",
                        "propertyName": "Primary_Phone",
                        "dataType": "string",
                        "collectionId": "records",
                        "forkedPlatform": "all",
                        "serviceconfig": {
                            "servicename": "EmployeeServices",
                            "type": "objectsvcs",
                            "objectname": "employees",
                            "serviceid": "bd298473-012c-4fd2-9c02-ac4547645816",
                            "methodname": "get"
                        }
                    },
                    "target": {
                        "type": "Forms",
                        "propertyName": "text",
                        "widgetId": "employeeDetailsValue2",
                        "widgetPath": "this.view.employeeDetailsValue2",
                        "widgetType": "Label",
                        "dataType": "string",
                        "itemId": "frmDetails",
                        "widgetKUID": "f5aeef32c5704127975c024f13fd373e",
                        "itemKUID": "b47df94354374a0dbffbf335118129ae",
                        "forkedPlatform": "all"
                    }
                },
                "ME_Mapping_gcea2985441e4df3a8d8708369137aff": {
                    "channel": "mobile",
                    "id": "ME_Mapping_gcea2985441e4df3a8d8708369137aff",
                    "type": "MAPPING",
                    "callbackType": null,
                    "rectified": true,
                    "source": {
                        "type": "Services",
                        "propertyName": "Name",
                        "dataType": "string",
                        "collectionId": "records",
                        "forkedPlatform": "all",
                        "serviceconfig": {
                            "servicename": "EmployeeServices",
                            "type": "objectsvcs",
                            "objectname": "employees",
                            "serviceid": "bd298473-012c-4fd2-9c02-ac4547645816",
                            "methodname": "get"
                        }
                    },
                    "target": {
                        "type": "Forms",
                        "propertyName": "text",
                        "widgetId": "employeeNameLabel",
                        "widgetPath": "this.view.employeeNameLabel",
                        "widgetType": "Label",
                        "dataType": "string",
                        "itemId": "frmDetails",
                        "widgetKUID": "d94d69e4913542c28225a8d066608755",
                        "itemKUID": "b47df94354374a0dbffbf335118129ae",
                        "forkedPlatform": "all"
                    }
                },
                "ME_Mapping_c5a7639cc0a94c44a6fba43870a7a29b": {
                    "channel": "mobile",
                    "id": "ME_Mapping_c5a7639cc0a94c44a6fba43870a7a29b",
                    "type": "MAPPING",
                    "callbackType": null,
                    "rectified": true,
                    "source": {
                        "type": "Services",
                        "propertyName": "Image_URL",
                        "dataType": "string",
                        "collectionId": "records",
                        "forkedPlatform": "all",
                        "serviceconfig": {
                            "servicename": "EmployeeServices",
                            "type": "objectsvcs",
                            "objectname": "employees",
                            "serviceid": "bd298473-012c-4fd2-9c02-ac4547645816",
                            "methodname": "get"
                        }
                    },
                    "target": {
                        "type": "Forms",
                        "propertyName": "src",
                        "widgetId": "employeeDetailImage",
                        "widgetPath": "this.view.employeeDetailImage",
                        "widgetType": "Image",
                        "dataType": "string",
                        "itemId": "frmDetails",
                        "widgetKUID": "a28be142229a4848a820115895e51a18",
                        "itemKUID": "b47df94354374a0dbffbf335118129ae",
                        "forkedPlatform": "all"
                    }
                },
                "ME_Mapping_b01c6d345b4042d98dd7abf40d062d3e": {
                    "channel": "mobile",
                    "id": "ME_Mapping_b01c6d345b4042d98dd7abf40d062d3e",
                    "type": "MAPPING",
                    "callbackType": null,
                    "rectified": true,
                    "source": {
                        "type": "Services",
                        "propertyName": "Designation",
                        "dataType": "string",
                        "collectionId": "records",
                        "forkedPlatform": "all",
                        "serviceconfig": {
                            "servicename": "EmployeeServices",
                            "type": "objectsvcs",
                            "objectname": "employees",
                            "serviceid": "bd298473-012c-4fd2-9c02-ac4547645816",
                            "methodname": "get"
                        }
                    },
                    "target": {
                        "type": "Forms",
                        "propertyName": "text",
                        "widgetId": "employeeTitleLabel",
                        "widgetPath": "this.view.employeeTitleLabel",
                        "widgetType": "Label",
                        "dataType": "string",
                        "itemId": "frmDetails",
                        "widgetKUID": "ce029d03247f47708be95876d7653125",
                        "itemKUID": "b47df94354374a0dbffbf335118129ae",
                        "forkedPlatform": "all"
                    }
                },
                "ME_Mapping_c368a95d758847a88270ec8f9a518a7d": {
                    "channel": "mobile",
                    "id": "ME_Mapping_c368a95d758847a88270ec8f9a518a7d",
                    "type": "MAPPING",
                    "callbackType": null,
                    "rectified": true,
                    "source": {
                        "type": "Services",
                        "propertyName": "Department",
                        "dataType": "string",
                        "collectionId": "records",
                        "forkedPlatform": "all",
                        "serviceconfig": {
                            "servicename": "EmployeeServices",
                            "type": "objectsvcs",
                            "objectname": "employees",
                            "serviceid": "bd298473-012c-4fd2-9c02-ac4547645816",
                            "methodname": "get"
                        }
                    },
                    "target": {
                        "type": "Forms",
                        "propertyName": "text",
                        "widgetId": "employeeDetailsValue3",
                        "widgetPath": "this.view.employeeDetailsValue3",
                        "widgetType": "Label",
                        "dataType": "string",
                        "itemId": "frmDetails",
                        "widgetKUID": "c9cc3f33824e4c94996db76345168fb2",
                        "itemKUID": "b47df94354374a0dbffbf335118129ae",
                        "forkedPlatform": "all"
                    }
                },
                "ME_Mapping_a2b0dc9c336f45e69d12b400c628afcf": {
                    "channel": "mobile",
                    "id": "ME_Mapping_a2b0dc9c336f45e69d12b400c628afcf",
                    "type": "MAPPING",
                    "callbackType": null,
                    "rectified": true,
                    "source": {
                        "type": "Services",
                        "propertyName": "Manager_Name",
                        "dataType": "string",
                        "collectionId": "records",
                        "forkedPlatform": "all",
                        "serviceconfig": {
                            "servicename": "EmployeeServices",
                            "type": "objectsvcs",
                            "objectname": "employees",
                            "serviceid": "bd298473-012c-4fd2-9c02-ac4547645816",
                            "methodname": "get"
                        }
                    },
                    "target": {
                        "type": "Forms",
                        "propertyName": "text",
                        "widgetId": "employeeDetailsValue4",
                        "widgetPath": "this.view.employeeDetailsValue4",
                        "widgetType": "Label",
                        "dataType": "string",
                        "itemId": "frmDetails",
                        "widgetKUID": "ee35a39f230044bcbd87e0ecf33b80a2",
                        "itemKUID": "b47df94354374a0dbffbf335118129ae",
                        "forkedPlatform": "all"
                    }
                }
            },
            "mappingsOrder": ["ME_Mapping_aca3f687586443248188984caaa3bb7d", "ME_Mapping_a28330e8bafe48afa46a17d67d0e1a4f", "ME_Mapping_gcea2985441e4df3a8d8708369137aff", "ME_Mapping_c5a7639cc0a94c44a6fba43870a7a29b", "ME_Mapping_b01c6d345b4042d98dd7abf40d062d3e", "ME_Mapping_c368a95d758847a88270ec8f9a518a7d", "ME_Mapping_a2b0dc9c336f45e69d12b400c628afcf"],
            "parentId": "INVOKE_OBJECT_SERVICE__d4d0d07813a048efb18d483c83e6274e",
            "callbackType": "Callback",
            "enableMappingEditor": true
        }]
    }
}