{
    "AS_Segment_bc118b5d1d814ad4a197ae327cd8c1c1": {
        "id": "AS_Segment_bc118b5d1d814ad4a197ae327cd8c1c1",
        "type": "ACTION_SEQUENCE",
        "params": [{
            "datatype": "collection",
            "name": "eventobject"
        }, {
            "datatype": "number",
            "name": "sectionNumber"
        }, {
            "datatype": "number",
            "name": "rowNumber"
        }],
        "contextObj": {
            "name": "frmList",
            "type": "forms",
            "platform": null,
            "KUID": "d1cac3809de14c57b7469c54df7ca620"
        },
        "language": "js",
        "actions": [{
            "id": "ADD_SNIPPET__ga844461aaf04de5bcda943b44ed517a",
            "type": "ADD_SNIPPET",
            "codeSnippet": "selectedEmployeeId = this.view.employeeSegment.selectedRowItems[0].employeeId.text;\n",
            "parentId": null,
            "callbackType": null
        }, {
            "id": "NAVIGATE_TO_FORM___d0b383e914364e3a99e5e4e81842212d",
            "type": "NAVIGATE_TO_FORM",
            "formId": "frmDetails",
            "formKUID": "b47df94354374a0dbffbf335118129ae",
            "mappings": {},
            "mappingsOrder": [],
            "parentId": "",
            "callbackType": null,
            "enableMappingEditor": true,
            "package": ""
        }]
    }
}