{
    "AS_Segment_i3c027280c274b9ab5852b6761a05e3b": {
        "id": "AS_Segment_i3c027280c274b9ab5852b6761a05e3b",
        "type": "ACTION_SEQUENCE",
        "params": [{
            "datatype": "collection",
            "name": "eventobject"
        }, {
            "datatype": "number",
            "name": "sectionNumber"
        }, {
            "datatype": "number",
            "name": "rowNumber"
        }],
        "contextObj": {
            "name": "frmList",
            "type": "forms",
            "platform": null,
            "KUID": "d1cac3809de14c57b7469c54df7ca620"
        },
        "language": "js",
        "actions": [{
            "id": "ADD_LOCAL_VARIABLE__c57f7ceb9c3041e0b83c301dde4cc49a",
            "type": "ADD_LOCAL_VARIABLE",
            "name": "asdas1",
            "valuetype": "constant",
            "datatype": "string",
            "value": "\"\"",
            "parentId": null,
            "callbackType": null
        }, {
            "id": "NAVIGATE_TO_FORM___c7e2354308374f689c96c9393e6407c3",
            "type": "NAVIGATE_TO_FORM",
            "formId": "frmList",
            "formKUID": "d1cac3809de14c57b7469c54df7ca620",
            "mappings": {},
            "mappingsOrder": [],
            "parentId": "",
            "callbackType": null,
            "enableMappingEditor": true,
            "package": "",
            "enableNavigationObj": true,
            "navigationObj": "{\n  \"selectedIndex\" : asdas1\n}"
        }]
    }
}