{
    "AS_Segment_a7a3ef892da8478ead7f08355df22a4a": {
        "id": "AS_Segment_a7a3ef892da8478ead7f08355df22a4a",
        "type": "ACTION_SEQUENCE",
        "params": [{
            "datatype": "collection",
            "name": "eventobject"
        }, {
            "datatype": "number",
            "name": "sectionNumber"
        }, {
            "datatype": "number",
            "name": "rowNumber"
        }],
        "contextObj": {
            "name": "frmList",
            "type": "forms",
            "platform": null,
            "KUID": "d1cac3809de14c57b7469c54df7ca620"
        },
        "language": "js",
        "actions": [{
            "id": "LOADING_INDICATOR__aca66c1b119a41cbb269c6a4648588ff",
            "selectedOption": "show",
            "parentId": null,
            "disabled": null,
            "type": "LOADING_INDICATOR",
            "callbackType": null,
            "skin": "none",
            "position": "constants.LOADING_SCREEN_POSITION_FULL_SCREEN",
            "isBlocked": "true",
            "showProgressIndicator": "true"
        }]
    }
}