{
    "AS_Segment_ie46683f52874ae1bc2ca1614e73472c": {
        "id": "AS_Segment_ie46683f52874ae1bc2ca1614e73472c",
        "type": "ACTION_SEQUENCE",
        "params": [{
            "datatype": "collection",
            "name": "eventobject"
        }, {
            "datatype": "number",
            "name": "sectionNumber"
        }, {
            "datatype": "number",
            "name": "rowNumber"
        }],
        "contextObj": {
            "name": "frmList",
            "type": "forms",
            "platform": null,
            "KUID": "d1cac3809de14c57b7469c54df7ca620"
        },
        "language": "js",
        "actions": []
    }
}