[ {
  "entityTypeId" : "7d1adeca-195a-466e-b232-c044022ac881",
  "id" : "c6008292-d4fb-4c28-8a6b-73e0050edef1",
  "name" : "Department",
  "sourceFieldname" : "Department",
  "description" : "Department",
  "dataType" : "string",
  "hasIndex" : false,
  "unique" : false,
  "primarykey" : false,
  "namefield" : false,
  "nullable" : false,
  "custom" : false,
  "createable" : true,
  "updateable" : true,
  "audit" : false,
  "customizable" : false,
  "fieldLength" : 50,
  "precision" : 0,
  "fieldOrder" : 0,
  "fieldProperties" : {
    "autoGenerated" : "false"
  }
}, {
  "entityTypeId" : "7d1adeca-195a-466e-b232-c044022ac881",
  "id" : "22dc13aa-7544-4414-a7ac-cc2d3acb01c9",
  "name" : "Designation",
  "sourceFieldname" : "Designation",
  "description" : "Designation",
  "dataType" : "string",
  "hasIndex" : false,
  "unique" : false,
  "primarykey" : false,
  "namefield" : false,
  "nullable" : false,
  "custom" : false,
  "createable" : true,
  "updateable" : true,
  "audit" : false,
  "customizable" : false,
  "fieldLength" : 50,
  "precision" : 0,
  "fieldOrder" : 0,
  "fieldProperties" : {
    "autoGenerated" : "false"
  }
}, {
  "entityTypeId" : "7d1adeca-195a-466e-b232-c044022ac881",
  "id" : "77291d49-ce02-4482-8a7e-21a096f85b0b",
  "name" : "Email",
  "sourceFieldname" : "Email",
  "description" : "Email",
  "dataType" : "string",
  "hasIndex" : false,
  "unique" : false,
  "primarykey" : false,
  "namefield" : false,
  "nullable" : true,
  "custom" : false,
  "createable" : true,
  "updateable" : true,
  "audit" : false,
  "customizable" : false,
  "fieldLength" : 100,
  "precision" : 0,
  "fieldOrder" : 0,
  "fieldProperties" : {
    "autoGenerated" : "false"
  }
}, {
  "entityTypeId" : "7d1adeca-195a-466e-b232-c044022ac881",
  "id" : "9447f78f-98ea-4461-b537-b977328270a3",
  "name" : "Emp_id",
  "sourceFieldname" : "Emp_id",
  "description" : "Emp_id",
  "dataType" : "string",
  "hasIndex" : false,
  "unique" : false,
  "primarykey" : false,
  "namefield" : false,
  "nullable" : false,
  "custom" : false,
  "createable" : true,
  "updateable" : true,
  "audit" : false,
  "customizable" : false,
  "fieldLength" : 32,
  "precision" : 0,
  "fieldOrder" : 0,
  "fieldProperties" : {
    "autoGenerated" : "false"
  }
}, {
  "entityTypeId" : "7d1adeca-195a-466e-b232-c044022ac881",
  "id" : "c429721c-189b-4542-9504-3fce81082798",
  "name" : "Image_URL",
  "sourceFieldname" : "Image_URL",
  "description" : "Image_URL",
  "dataType" : "string",
  "hasIndex" : false,
  "unique" : false,
  "primarykey" : false,
  "namefield" : false,
  "nullable" : true,
  "custom" : false,
  "createable" : true,
  "updateable" : true,
  "audit" : false,
  "customizable" : false,
  "fieldLength" : 200,
  "precision" : 0,
  "fieldOrder" : 0,
  "fieldProperties" : {
    "autoGenerated" : "false"
  }
}, {
  "entityTypeId" : "7d1adeca-195a-466e-b232-c044022ac881",
  "id" : "6ab06f66-8ff5-4703-8ab7-86c15cb9d9c3",
  "name" : "Manager_Name",
  "sourceFieldname" : "Manager_Name",
  "description" : "Manager_Name",
  "dataType" : "string",
  "hasIndex" : false,
  "unique" : false,
  "primarykey" : false,
  "namefield" : false,
  "nullable" : true,
  "custom" : false,
  "createable" : true,
  "updateable" : true,
  "audit" : false,
  "customizable" : false,
  "fieldLength" : 65,
  "precision" : 0,
  "fieldOrder" : 0,
  "fieldProperties" : {
    "autoGenerated" : "false"
  }
}, {
  "entityTypeId" : "7d1adeca-195a-466e-b232-c044022ac881",
  "id" : "29e757f0-9ba7-4eee-8626-ee0ec5b5d03e",
  "name" : "Name",
  "sourceFieldname" : "Name",
  "description" : "Name",
  "dataType" : "string",
  "hasIndex" : false,
  "unique" : false,
  "primarykey" : false,
  "namefield" : false,
  "nullable" : true,
  "custom" : false,
  "createable" : true,
  "updateable" : true,
  "audit" : false,
  "customizable" : false,
  "fieldLength" : 65,
  "precision" : 0,
  "fieldOrder" : 0,
  "fieldProperties" : {
    "autoGenerated" : "false"
  }
}, {
  "entityTypeId" : "7d1adeca-195a-466e-b232-c044022ac881",
  "id" : "9653e8d4-514d-4163-9c5e-e211eb7b96bd",
  "name" : "Primary_Phone",
  "sourceFieldname" : "Primary_Phone",
  "description" : "Primary_Phone",
  "dataType" : "string",
  "hasIndex" : false,
  "unique" : false,
  "primarykey" : false,
  "namefield" : false,
  "nullable" : true,
  "custom" : false,
  "createable" : true,
  "updateable" : true,
  "audit" : false,
  "customizable" : false,
  "fieldLength" : 45,
  "precision" : 0,
  "fieldOrder" : 0,
  "fieldProperties" : {
    "autoGenerated" : "false"
  }
} ]