{
    "AS_Button_dbe59a095e2946829851315355c48f6f": {
        "id": "AS_Button_dbe59a095e2946829851315355c48f6f",
        "type": "ACTION_SEQUENCE",
        "params": [{
            "datatype": "collection",
            "name": "eventobject"
        }],
        "contextObj": {
            "name": "frmListDetails",
            "type": "forms",
            "platform": null,
            "KUID": "fff1be78fdf94c1c80400d1621dfacff"
        },
        "language": "js",
        "actions": [{
            "id": "INVOKE_IDENTITY_SERVICE__f2b61d522cf74f5fa8d36e22d2ddc7c7",
            "type": "INVOKE_IDENTITY_SERVICE",
            "mappings": {},
            "mappingsOrder": [],
            "serviceconfig": {
                "operationname": "logout",
                "servicename": "employeeLogin",
                "type": "identity",
                "login_type": "basic"
            },
            "enableMappingEditor": true,
            "useDeviceBrowser": false,
            "isDeepLinkRequired": false
        }, {
            "id": "NAVIGATE_TO_FORM___eac558e1f85d40cc8fd3b06c1af81b6b",
            "type": "NAVIGATE_TO_FORM",
            "formId": "frmLogin",
            "formKUID": "c91bfe328ad94f3983841ab1046725df",
            "mappings": {},
            "mappingsOrder": [],
            "parentId": "INVOKE_IDENTITY_SERVICE__f2b61d522cf74f5fa8d36e22d2ddc7c7",
            "callbackType": "Success",
            "enableMappingEditor": true,
            "package": "",
            "navigationObj": ""
        }, {
            "id": "SHOW_ALERT__c53c1cc3fea84d58af23032b475c6051",
            "type": "SHOW_ALERT",
            "alertType": "constants.ALERT_TYPE_INFO",
            "alertTitle": null,
            "yesLabel": null,
            "noLabel": null,
            "alertIcon": null,
            "alertMessage": "Logout Failed!",
            "messageType": "constant",
            "alertHandler": null,
            "parentId": "INVOKE_IDENTITY_SERVICE__f2b61d522cf74f5fa8d36e22d2ddc7c7",
            "callbackType": "Failure",
            "alertTitlei18n": null,
            "yesLabeli18n": null,
            "noLabeli18n": null,
            "alertMessagei18n": null,
            "iconPosition": "constants.ALERT_ICON_POSITION_LEFT",
            "disabled": null
        }]
    }
}