{
    "AS_Form_b8191bae10c84e9a91c23fd90884f7e3": {
        "id": "AS_Form_b8191bae10c84e9a91c23fd90884f7e3",
        "type": "ACTION_SEQUENCE",
        "params": [{
            "datatype": "collection",
            "name": "eventobject"
        }],
        "contextObj": {
            "type": "forms",
            "platform": null,
            "KUID": "e77b5a08d96d4e59a44cb60f27870c83"
        },
        "language": "js",
        "actions": [{
            "id": "LOADING_INDICATOR__e001dae300c540d99890175cbe5b2c4a",
            "selectedOption": "show",
            "disabled": null,
            "type": "LOADING_INDICATOR",
            "skin": "none",
            "position": "constants.LOADING_SCREEN_POSITION_FULL_SCREEN",
            "isBlocked": "true",
            "showProgressIndicator": "true"
        }, {
            "id": "INVOKE_OBJECT_SERVICE__fb780dad7dc34b0da51f4704153f4e08",
            "type": "INVOKE_OBJECT_SERVICE",
            "inputparams": null,
            "httpheaders": null,
            "httpconfigs": null,
            "isasynchronous": null,
            "isoffline": null,
            "isobject": true,
            "mappings": {},
            "mappingsOrder": [],
            "serviceconfig": {
                "servicename": "employeeObjectService",
                "type": "objectsvcs",
                "objectname": "details_view",
                "serviceid": "c9f5bb4b-9d83-4b99-b854-7b7ab776b60a",
                "methodname": "get"
            },
            "enableMappingEditor": true
        }, {
            "id": "LOADING_INDICATOR__c3fac33da7894d46bfa0a9c3756f29bc",
            "selectedOption": "dismiss",
            "parentId": "INVOKE_OBJECT_SERVICE__fb780dad7dc34b0da51f4704153f4e08",
            "disabled": null,
            "type": "LOADING_INDICATOR",
            "callbackType": "Callback",
            "skin": "none",
            "position": "constants.LOADING_SCREEN_POSITION_FULL_SCREEN",
            "isBlocked": "true",
            "showProgressIndicator": "true"
        }, {
            "id": "ADD_MAPPING__cf732f537dee4dc4a3ce349ee3b07b5a",
            "type": "ADD_MAPPING",
            "mappings": {},
            "mappingsOrder": [],
            "parentId": "INVOKE_OBJECT_SERVICE__fb780dad7dc34b0da51f4704153f4e08",
            "callbackType": "Callback",
            "enableMappingEditor": true
        }]
    }
}