{
    "@class": "com.kony.gen.viz.model.component.KVizLabel",
    "DNDConfig": null,
    "__parentReadjusting__": false,
    "_bottom_": {
        "type": "string",
        "value": "18dp"
    },
    "_height_": {
        "type": "ref",
        "value": "preferred"
    },
    "_left_": {
        "type": "string",
        "value": "139dp"
    },
    "_margin_": [
        1,
        1,
        1,
        1
    ],
    "_padding_": [
        0,
        0,
        0,
        0
    ],
    "_skin_": "s0ba158ebbd148c984dc2570c7f91f74",
    "_text_": "Employee List",
    "_width_": {
        "type": "ref",
        "value": "preferred"
    },
    "_wrapping_": 2,
    "canUpdateUI": true,
    "centerx": {
        "type": "string",
        "value": "50%"
    },
    "containerweight": 100,
    "contentalignment": 5,
    "id": "detailsHeaderTitle",
    "info": null,
    "iscustomlayout": false,
    "isvisible": true,
    "kuid": "daea178438fa4457b0d1a2f8a88ea311",
    "name": "kony.ui.Label",
    "parent": "detailsHeader",
    "pf": "frmEmployee",
    "responsiveData": {
        "b3": {
            "text": "Employee Details",
            "width": {
                "type": "string",
                "value": "80%"
            }
        }
    },
    "retaincontentalignment": false,
    "retainflexpositionproperties": false,
    "textstyle": {},
    "tooltip": "",
    "wType": "Label",
    "zindex": 1
}