{
    "DNDConfig": null,
    "__parentReadjusting__": false,
    "_height_": {
        "type": "string",
        "value": "70dp"
    },
    "_left_": {
        "type": "string",
        "value": "0dp"
    },
    "_margin_": [
        0,
        0,
        0,
        0
    ],
    "_orientation_": 6,
    "_padding_": [
        0,
        0,
        0,
        0
    ],
    "_percent_": true,
    "_right_": 20,
    "_skin_": "s09585e45ff14c76829b7d5d74e8e716",
    "_top_": {
        "type": "string",
        "value": "0dp"
    },
    "_width_": {
        "type": "string",
        "value": "100%"
    },
    "allboxes": [],
    "autogrowmode": 0,
    "canUpdateUI": true,
    "children": [
        "employeeDetailsSegDivide1",
        "employeeDetailsLabel1",
        "employeeDetailsValue1"
    ],
    "clipbounds": true,
    "containerweight": 100,
    "enablescrolling": true,
    "id": "detailsRowContainer1",
    "info": null,
    "iscustomlayout": false,
    "isvisible": true,
    "kuid": "daa25c1edbfa45f6b3fe77198aff0f56",
    "layouttype": 2,
    "name": "kony.ui.FlexContainer",
    "parent": "employeeDetailsContent",
    "pf": "frmEmployee",
    "retaincontentalignment": false,
    "retainflexpositionproperties": false,
    "snapgridsize": 10,
    "snaptogrid": true,
    "wType": "FlexContainer",
    "widgetalignment": 1,
    "zindex": 1
}