{
    "DNDConfig": null,
    "__parentReadjusting__": false,
    "_bottom_": {
        "type": "number",
        "value": "0"
    },
    "_height_": {
        "type": "number",
        "value": ""
    },
    "_left_": {
        "type": "string",
        "value": "45%"
    },
    "_margin_": [
        0,
        0,
        0,
        0
    ],
    "_orientation_": 6,
    "_padding_": [
        0,
        0,
        0,
        0
    ],
    "_percent_": true,
    "_skin_": "s383bc0972cc4c778c01490f54ac94df",
    "_top_": {
        "type": "string",
        "value": "60dp"
    },
    "_width_": {
        "type": "string",
        "value": "55%"
    },
    "allboxes": [],
    "allowhorizontalbounce": false,
    "allowverticalbounce": true,
    "bounces": true,
    "canUpdateUI": true,
    "children": [
        "detailsHeader",
        "employeeDetailImage",
        "employeeNameLabel",
        "employeeTitleLabel",
        "employeeDetailsContent"
    ],
    "clipbounds": true,
    "containerweight": 100,
    "decelerat": false,
    "desktopweb": {
        "render": true
    },
    "dragg": false,
    "enablescrolling": true,
    "horizontalscrollindicator": true,
    "id": "detailContainer",
    "info": null,
    "iscustomlayout": false,
    "isvisible": true,
    "kiosk": {
        "render": true
    },
    "kuid": "h790f2bb12594ad0b7c7d6fa935ab36d",
    "layouttype": 2,
    "name": "kony.ui.FlexScrollContainer",
    "pagingenabled": false,
    "parent": "masterContainer",
    "pf": "frmEmployee",
    "responsiveData": {
        "b1": {
            "bottom": {
                "type": "number",
                "value": "0"
            },
            "layoutType": 2,
            "left": {
                "type": "string",
                "value": "45.00%"
            },
            "top": {
                "type": "string",
                "value": "60dp"
            }
        },
        "b2": {
            "layoutType": 4
        },
        "b3": {
            "bottom": {
                "type": "string",
                "value": ""
            },
            "height": {
                "type": "string",
                "value": "100%"
            },
            "isVisible": false,
            "left": {
                "type": "string",
                "value": "0%"
            },
            "top": {
                "type": "string",
                "value": "0%"
            },
            "width": {
                "type": "string",
                "value": "100%"
            }
        }
    },
    "retaincontentalignment": false,
    "retainflexpositionproperties": false,
    "scrolldirection": 2,
    "snapgridsize": 10,
    "snaptogrid": true,
    "track": false,
    "verticalscrollindicator": true,
    "vizProps": {},
    "wType": "FlexScrollContainer",
    "widgetalignment": 1
}