{
    "DNDConfig": null,
    "__parentReadjusting__": false,
    "_height_": {
        "type": "string",
        "value": "60dp"
    },
    "_left_": {
        "type": "string",
        "value": "0dp"
    },
    "_margin_": [
        0,
        0,
        0,
        0
    ],
    "_orientation_": 6,
    "_padding_": [
        0,
        0,
        0,
        0
    ],
    "_percent_": true,
    "_skin_": "s4eb7586fb944e80b001aa7a869e76a1",
    "_top_": {
        "type": "string",
        "value": "0dp"
    },
    "_width_": {
        "type": "string",
        "value": "100%"
    },
    "allboxes": [],
    "autogrowmode": 0,
    "canUpdateUI": true,
    "children": [
        "detailsHeaderDivision",
        "detailsHeaderTitle",
        "detailsLogout",
        "detailsLogoutButton",
        "detailsPrevImage",
        "detailsPrevButton"
    ],
    "clipbounds": true,
    "containerweight": 100,
    "enablescrolling": true,
    "id": "detailsHeader",
    "info": null,
    "iscustomlayout": false,
    "isvisible": false,
    "kuid": "jd7b6db176b44cef9592ee8360a5ee39",
    "layouttype": 2,
    "masterType": 1,
    "name": "kony.ui.FlexContainer",
    "parent": "detailContainer",
    "pf": "frmEmployee",
    "responsiveData": {
        "b1": {
            "isVisible": false
        },
        "b2": {
            "isVisible": false
        },
        "b3": {
            "isVisible": true
        }
    },
    "retaincontentalignment": false,
    "retainflexpositionproperties": false,
    "snapgridsize": 10,
    "snaptogrid": true,
    "wType": "FlexContainer",
    "widgetalignment": 1,
    "zindex": 1
}