{
    "@class": "com.kony.gen.viz.model.component.KVizLabel",
    "DNDConfig": null,
    "__parentReadjusting__": false,
    "_height_": {
        "type": "ref",
        "value": "preferred"
    },
    "_left_": {
        "type": "string",
        "value": "0dp"
    },
    "_margin_": [
        1,
        1,
        1,
        1
    ],
    "_padding_": [
        0,
        0,
        0,
        0
    ],
    "_skin_": "s56b17536e30495292786b8a28c9047f",
    "_text_": "REPORTING TO",
    "_top_": {
        "type": "string",
        "value": "12dp"
    },
    "_width_": {
        "type": "ref",
        "value": "preferred"
    },
    "_wrapping_": 2,
    "canUpdateUI": true,
    "containerweight": 100,
    "contentalignment": 4,
    "id": "employeeDetailsLabel4",
    "info": null,
    "iscustomlayout": false,
    "isvisible": true,
    "kuid": "j34f58a933314616a5967d3f567ff41d",
    "name": "kony.ui.Label",
    "parent": "detailsRowContainer4",
    "pf": "frmEmployee",
    "retaincontentalignment": false,
    "retainflexpositionproperties": false,
    "textstyle": {},
    "tooltip": "",
    "wType": "Label",
    "zindex": 1
}