{
    "DNDConfig": null,
    "__parentReadjusting__": false,
    "_height_": {
        "type": "ref",
        "value": "preferred"
    },
    "_left_": {
        "type": "string",
        "value": "20dp"
    },
    "_margin_": [
        0,
        0,
        0,
        0
    ],
    "_orientation_": 6,
    "_padding_": [
        0,
        0,
        0,
        0
    ],
    "_percent_": true,
    "_right_": {
        "type": "number",
        "value": "20"
    },
    "_skin_": "s09585e45ff14c76829b7d5d74e8e716",
    "_top_": {
        "type": "string",
        "value": "284dp"
    },
    "_width_": {
        "type": "number",
        "value": ""
    },
    "allboxes": [],
    "autogrowmode": 1,
    "canUpdateUI": true,
    "centerx": {
        "type": "number",
        "value": ""
    },
    "children": [
        "detailsRowContainer1",
        "detailsRowContainer2",
        "detailsRowContainer3",
        "detailsRowContainer4"
    ],
    "clipbounds": true,
    "containerweight": 100,
    "enablescrolling": true,
    "id": "employeeDetailsContent",
    "info": null,
    "iscustomlayout": false,
    "isvisible": true,
    "kuid": "f56b91507e7d40cf9d9dfeb3fb270f37",
    "layouttype": 4,
    "name": "kony.ui.FlexContainer",
    "parent": "detailContainer",
    "pf": "frmEmployee",
    "responsiveData": {
        "b3": {
            "centerX": {
                "type": "string",
                "value": "50%"
            },
            "left": {
                "type": "string",
                "value": ""
            },
            "top": {
                "type": "string",
                "value": "340dp"
            },
            "width": {
                "type": "string",
                "value": "90%"
            }
        }
    },
    "retaincontentalignment": false,
    "retainflexpositionproperties": false,
    "snapgridsize": 10,
    "snaptogrid": true,
    "wType": "FlexContainer",
    "widgetalignment": 1
}