{
    "@class": "com.kony.gen.viz.model.component.KVizLabel",
    "DNDConfig": null,
    "__parentReadjusting__": false,
    "_bottom_": {
        "type": "number",
        "value": "12"
    },
    "_height_": {
        "type": "ref",
        "value": "preferred"
    },
    "_left_": {
        "type": "string",
        "value": "0dp"
    },
    "_margin_": [
        1,
        1,
        1,
        1
    ],
    "_padding_": [
        0,
        0,
        0,
        0
    ],
    "_skin_": "s612acb18b78466e9f5ef24bbfe7aecd",
    "_text_": "johnson.george@acme.com",
    "_width_": {
        "type": "ref",
        "value": "preferred"
    },
    "_wrapping_": 2,
    "canUpdateUI": true,
    "containerweight": 100,
    "contentalignment": 4,
    "id": "employeeDetailsValue1",
    "info": null,
    "iscustomlayout": false,
    "isvisible": true,
    "kuid": "h26bf4a38c0148e4a6340925e7ef64f7",
    "name": "kony.ui.Label",
    "parent": "detailsRowContainer1",
    "pf": "frmEmployee",
    "retaincontentalignment": false,
    "retainflexpositionproperties": false,
    "textstyle": {},
    "tooltip": "",
    "wType": "Label",
    "zindex": 1
}