{
    "@class": "com.kony.gen.viz.model.component.KVizButton",
    "DNDConfig": null,
    "__parentReadjusting__": false,
    "_height_": {
        "type": "string",
        "value": "100%"
    },
    "_left_": {
        "type": "number",
        "value": "0"
    },
    "_margin_": [
        6,
        6,
        6,
        6
    ],
    "_padding_": [
        0,
        0,
        0,
        0
    ],
    "_right_": {
        "type": "number",
        "value": "0"
    },
    "_skin_": "s112df8982bc43cb84334756c2af7fa2",
    "_text_": "Button",
    "_top_": {
        "type": "string",
        "value": "0dp"
    },
    "_width_": {
        "type": "string",
        "value": "56dp"
    },
    "canUpdateUI": true,
    "containerweight": 100,
    "contentalignment": 5,
    "displaytext": false,
    "focusskin": "s112df8982bc43cb84334756c2af7fa2",
    "id": "headerBackButton",
    "info": null,
    "iscustomlayout": false,
    "isvisible": false,
    "kuid": "af6936604062417aa710ab24f6c9c344",
    "name": "kony.ui.Button",
    "parent": "headerContainer",
    "pf": "frmEmployee",
    "retaincontentalignment": false,
    "retainflexpositionproperties": false,
    "wType": "Button",
    "zindex": 1
}