{
    "@class": "com.kony.gen.viz.model.component.KVizButton",
    "DNDConfig": null,
    "__parentReadjusting__": false,
    "_height_": {
        "type": "string",
        "value": "100%"
    },
    "_margin_": [
        6,
        6,
        6,
        6
    ],
    "_padding_": [
        0,
        0,
        0,
        0
    ],
    "_right_": {
        "type": "number",
        "value": "0"
    },
    "_skin_": "s112df8982bc43cb84334756c2af7fa2",
    "_text_": "Button",
    "_top_": {
        "type": "string",
        "value": "0dp"
    },
    "_width_": {
        "type": "string",
        "value": "56dp"
    },
    "canUpdateUI": true,
    "containerweight": 100,
    "contentalignment": 5,
    "displaytext": false,
    "focusskin": "s0f259c138464dcd818989f8ecd5748d",
    "id": "headerLogoutButton",
    "info": null,
    "iscustomlayout": false,
    "isvisible": true,
    "kuid": "f134a38b0ec247dbb06b344672e7b754",
    "name": "kony.ui.Button",
    "onclick": "AS_Button_e517ae9e772d433f89463dc159290281",
    "parent": "headerContainer",
    "pf": "frmEmployee",
    "retaincontentalignment": false,
    "retainflexpositionproperties": false,
    "wType": "Button",
    "zindex": 1
}