{
    "images": [
        "common/logo.png"
    ],
    "screenshotGenerated": true,
    "skinDefs": {
        "CopydefLabel0a02e56a1881d41": {
            "android": {
                "font_name": "default"
            },
            "androidwearos": {
                "font_name": "default"
            },
            "background_color": "00000000",
            "bg_type": "one",
            "border_color": "424242ff",
            "border_style": "plain",
            "border_type": 0,
            "border_width": 0,
            "delinkedPltfrms": {
                "androidwear": [],
                "desktop": [
                    "desktopweb"
                ],
                "mobile": [],
                "tablet": [
                    "ipad"
                ],
                "watch": []
            },
            "desktopweb": {
                "font_name": "Helvetica",
                "isForked": true
            },
            "font_color": "333333ff",
            "font_name": "iphoneSystem",
            "font_size": 200,
            "font_style": "normal",
            "font_weight": "normal",
            "id": "sf617c821f12403ba18e24f79f3a2b87",
            "ipad": {
                "font_name": "System-Bold",
                "isForked": true
            },
            "iphone": {
                "font_name": "System-Bold"
            },
            "isDefaultSkin": false,
            "kiosk": {
                "font_name": "None"
            },
            "kuid": "sf617c821f12403ba18e24f79f3a2b87",
            "spaan": {
                "font_name": "Helvetica"
            },
            "spaandroidtablet": {
                "font_name": "Helvetica"
            },
            "spabb": {
                "font_name": "Helvetica"
            },
            "spaip": {
                "font_name": "Helvetica"
            },
            "spaipad": {
                "font_name": "Helvetica"
            },
            "spawindowstablet": {
                "font_name": "Helvetica"
            },
            "spawinphone8": {
                "font_name": "Helvetica"
            },
            "tabrcandroid": {
                "font_name": "default"
            },
            "wType": "Label",
            "watchos": {
                "font_name": "System"
            },
            "windows8": {
                "font_name": "None"
            },
            "winphone8": {
                "font_name": "None"
            }
        },
        "CopydefTextBoxNormal0ha350121b2f44a": {
            "android": {
                "font_name": "default"
            },
            "androidwearos": {
                "font_name": "default"
            },
            "background_color": "ffffff00",
            "bg_type": "one",
            "border_color": "333333ff",
            "border_style": "plain",
            "border_type": 0,
            "border_width": 0,
            "desktopweb": {
                "font_name": "Helvetica"
            },
            "font_color": "333333ff",
            "font_name": "iphoneSystem",
            "font_size": 107,
            "font_style": "normal",
            "font_weight": "normal",
            "id": "s9b65a8804b84adf8427e5bbf54fd05b",
            "ipad": {
                "font_name": "System"
            },
            "iphone": {
                "font_name": "System"
            },
            "isDefaultSkin": false,
            "kiosk": {
                "font_name": "None"
            },
            "kuid": "s9b65a8804b84adf8427e5bbf54fd05b",
            "spaan": {
                "font_name": "Helvetica"
            },
            "spaandroidtablet": {
                "font_name": "Helvetica"
            },
            "spabb": {
                "font_name": "Helvetica"
            },
            "spaip": {
                "font_name": "Helvetica"
            },
            "spaipad": {
                "font_name": "Helvetica"
            },
            "spawindowstablet": {
                "font_name": "Helvetica"
            },
            "spawinphone8": {
                "font_name": "Helvetica"
            },
            "tabrcandroid": {
                "font_name": "default"
            },
            "wType": "TextField",
            "watchos": {
                "font_name": "System"
            },
            "windows8": {
                "font_name": "None"
            },
            "winphone8": {
                "font_name": "None"
            }
        },
        "blueButtonSkin0h081ae3382eb40": {
            "android": {
                "font_name": "default",
                "font_size": 110,
                "isForked": false
            },
            "androidwearos": {
                "font_name": "default",
                "font_size": 110,
                "isForked": false
            },
            "background_color": "2c90d5ff",
            "bg_type": "one",
            "border_color": "2c90d5ff",
            "border_radius": 10,
            "border_style": "custom",
            "border_type": 0,
            "border_width": 1,
            "desktopweb": {
                "font_name": "Helvetica",
                "font_size": 110,
                "isForked": false
            },
            "fontSizeInPx": false,
            "font_color": "ffffffff",
            "font_name": "iphoneSystem",
            "font_size": 110,
            "font_style": "normal",
            "font_weight": "normal",
            "id": "s4b496a08ea6409ba71467623ed670f9",
            "ipad": {
                "font_name": "System",
                "font_size": 110,
                "isForked": false
            },
            "iphone": {
                "font_name": "System",
                "font_size": 110,
                "isForked": false
            },
            "isDefaultSkin": false,
            "kiosk": {
                "font_name": "None",
                "font_size": 110,
                "isForked": false
            },
            "kuid": "s4b496a08ea6409ba71467623ed670f9",
            "spaan": {
                "font_name": "Helvetica",
                "font_size": 110,
                "isForked": false
            },
            "spaandroidtablet": {
                "font_name": "Helvetica",
                "font_size": 110,
                "isForked": false
            },
            "spabb": {
                "font_name": "Helvetica",
                "font_size": 110,
                "isForked": false
            },
            "spaip": {
                "font_name": "Helvetica",
                "font_size": 110,
                "isForked": false
            },
            "spaipad": {
                "font_name": "Helvetica",
                "font_size": 110,
                "isForked": false
            },
            "spawindowstablet": {
                "font_name": "Helvetica",
                "font_size": 110,
                "isForked": false
            },
            "spawinphone8": {
                "font_name": "Helvetica",
                "font_size": 110,
                "isForked": false
            },
            "tabrcandroid": {
                "font_name": "default",
                "font_size": 110,
                "isForked": false
            },
            "wType": "Button",
            "watchos": {
                "font_name": "System",
                "font_size": 110,
                "isForked": false
            },
            "windows8": {
                "font_name": "None",
                "font_size": 110,
                "isForked": false
            },
            "winphone8": {
                "font_name": "None",
                "font_size": 110,
                "isForked": false
            }
        },
        "blueButtonSkinFocus0i064fab20e7041": {
            "android": {
                "font_name": "default",
                "font_size": 110,
                "isForked": false
            },
            "androidwearos": {
                "font_name": "default",
                "font_size": 110,
                "isForked": false
            },
            "background_color": "0b3957ff",
            "bg_type": "one",
            "border_color": "0b3957ff",
            "border_radius": 10,
            "border_style": "custom",
            "border_type": 0,
            "border_width": 1,
            "desktopweb": {
                "font_name": "Helvetica",
                "font_size": 110,
                "isForked": false
            },
            "fontSizeInPx": false,
            "font_color": "ffffffff",
            "font_name": "iphoneSystem",
            "font_size": 110,
            "font_style": "normal",
            "font_weight": "normal",
            "id": "sb39930d7f7d4afca7b676f27d926e38",
            "ipad": {
                "font_name": "System",
                "font_size": 110,
                "isForked": false
            },
            "iphone": {
                "font_name": "System",
                "font_size": 110,
                "isForked": false
            },
            "isDefaultSkin": false,
            "kiosk": {
                "font_name": "None",
                "font_size": 110,
                "isForked": false
            },
            "kuid": "sb39930d7f7d4afca7b676f27d926e38",
            "spaan": {
                "font_name": "Helvetica",
                "font_size": 110,
                "isForked": false
            },
            "spaandroidtablet": {
                "font_name": "Helvetica",
                "font_size": 110,
                "isForked": false
            },
            "spabb": {
                "font_name": "Helvetica",
                "font_size": 110,
                "isForked": false
            },
            "spaip": {
                "font_name": "Helvetica",
                "font_size": 110,
                "isForked": false
            },
            "spaipad": {
                "font_name": "Helvetica",
                "font_size": 110,
                "isForked": false
            },
            "spawindowstablet": {
                "font_name": "Helvetica",
                "font_size": 110,
                "isForked": false
            },
            "spawinphone8": {
                "font_name": "Helvetica",
                "font_size": 110,
                "isForked": false
            },
            "tabrcandroid": {
                "font_name": "default",
                "font_size": 110,
                "isForked": false
            },
            "wType": "Button",
            "watchos": {
                "font_name": "System",
                "font_size": 110,
                "isForked": false
            },
            "windows8": {
                "font_name": "None",
                "font_size": 110,
                "isForked": false
            },
            "winphone8": {
                "font_name": "None",
                "font_size": 110,
                "isForked": false
            }
        },
        "defLabel0a717e6dc29794d": {
            "android": {
                "font_name": "default"
            },
            "androidwearos": {
                "font_name": "default"
            },
            "background_color": "00000000",
            "bg_type": "one",
            "border_color": "424242ff",
            "border_style": "plain",
            "border_type": 0,
            "border_width": 0,
            "desktopweb": {
                "font_name": "Helvetica"
            },
            "font_color": "333333ff",
            "font_name": "iphoneSystem",
            "font_size": 200,
            "font_style": "normal",
            "font_weight": "normal",
            "id": "sfd453ce147149d59a06e418bce7e386",
            "ipad": {
                "font_name": "System"
            },
            "iphone": {
                "font_name": "System"
            },
            "isDefaultSkin": false,
            "kiosk": {
                "font_name": "None"
            },
            "kuid": "sfd453ce147149d59a06e418bce7e386",
            "spaan": {
                "font_name": "Helvetica"
            },
            "spaandroidtablet": {
                "font_name": "Helvetica"
            },
            "spabb": {
                "font_name": "Helvetica"
            },
            "spaip": {
                "font_name": "Helvetica"
            },
            "spaipad": {
                "font_name": "Helvetica"
            },
            "spawindowstablet": {
                "font_name": "Helvetica"
            },
            "spawinphone8": {
                "font_name": "Helvetica"
            },
            "tabrcandroid": {
                "font_name": "default"
            },
            "wType": "Label",
            "watchos": {
                "font_name": "System"
            },
            "windows8": {
                "font_name": "None"
            },
            "winphone8": {
                "font_name": "None"
            }
        },
        "loginFieldSkin0ie706042fb2142": {
            "android": {
                "font_name": "default"
            },
            "androidwearos": {
                "font_name": "default"
            },
            "background_color": "ffffff00",
            "bg_type": "one",
            "border_color": "333333ff",
            "border_style": "plain",
            "border_type": 0,
            "border_width": 0,
            "desktopweb": {
                "font_name": "Helvetica"
            },
            "font_color": "333333ff",
            "font_name": "iphoneSystem",
            "font_size": 107,
            "font_style": "normal",
            "font_weight": "normal",
            "id": "s6f65d6be2b64eb98b7fc1099fc9f440",
            "ipad": {
                "font_name": "System"
            },
            "iphone": {
                "font_name": "System"
            },
            "isDefaultSkin": false,
            "kiosk": {
                "font_name": "None"
            },
            "kuid": "s6f65d6be2b64eb98b7fc1099fc9f440",
            "spaan": {
                "font_name": "Helvetica"
            },
            "spaandroidtablet": {
                "font_name": "Helvetica"
            },
            "spabb": {
                "font_name": "Helvetica"
            },
            "spaip": {
                "font_name": "Helvetica"
            },
            "spaipad": {
                "font_name": "Helvetica"
            },
            "spawindowstablet": {
                "font_name": "Helvetica"
            },
            "spawinphone8": {
                "font_name": "Helvetica"
            },
            "tabrcandroid": {
                "font_name": "default"
            },
            "wType": "TextField",
            "watchos": {
                "font_name": "System"
            },
            "windows8": {
                "font_name": "None"
            },
            "winphone8": {
                "font_name": "None"
            }
        },
        "loginFieldSkinFocus0e1b135a98c2649": {
            "android": {
                "font_name": "default"
            },
            "androidwearos": {
                "font_name": "default"
            },
            "background_color": "ffffff00",
            "bg_type": "one",
            "border_color": "333333ff",
            "border_style": "plain",
            "border_type": 0,
            "border_width": 0,
            "desktopweb": {
                "font_name": "Helvetica"
            },
            "font_color": "333333ff",
            "font_name": "iphoneSystem",
            "font_size": 107,
            "font_style": "normal",
            "font_weight": "normal",
            "id": "s12ffa2d93f74701a17dceb0d3f5347f",
            "ipad": {
                "font_name": "System"
            },
            "iphone": {
                "font_name": "System"
            },
            "isDefaultSkin": false,
            "kiosk": {
                "font_name": "None"
            },
            "kuid": "s12ffa2d93f74701a17dceb0d3f5347f",
            "spaan": {
                "font_name": "Helvetica"
            },
            "spaandroidtablet": {
                "font_name": "Helvetica"
            },
            "spabb": {
                "font_name": "Helvetica"
            },
            "spaip": {
                "font_name": "Helvetica"
            },
            "spaipad": {
                "font_name": "Helvetica"
            },
            "spawindowstablet": {
                "font_name": "Helvetica"
            },
            "spawinphone8": {
                "font_name": "Helvetica"
            },
            "tabrcandroid": {
                "font_name": "default"
            },
            "wType": "TextField",
            "watchos": {
                "font_name": "System"
            },
            "windows8": {
                "font_name": "None"
            },
            "winphone8": {
                "font_name": "None"
            }
        },
        "sepLineSkin0gfe8ac43312047": {
            "android": {
                "font_name": "default"
            },
            "androidwearos": {
                "font_name": "default"
            },
            "background_color": "e3e3e3ff",
            "bg_type": "one",
            "border_color": "000000ff",
            "border_style": "plain",
            "border_type": 0,
            "border_width": 0,
            "desktopweb": {
                "font_name": "Helvetica"
            },
            "id": "scd28999af294369b7c5eec245342e7b",
            "ipad": {
                "font_name": "System"
            },
            "iphone": {
                "font_name": "System"
            },
            "isDefaultSkin": false,
            "kiosk": {
                "font_name": "None"
            },
            "kuid": "scd28999af294369b7c5eec245342e7b",
            "spaan": {
                "font_name": "Helvetica"
            },
            "spaandroidtablet": {
                "font_name": "Helvetica"
            },
            "spabb": {
                "font_name": "Helvetica"
            },
            "spaip": {
                "font_name": "Helvetica"
            },
            "spaipad": {
                "font_name": "Helvetica"
            },
            "spawindowstablet": {
                "font_name": "Helvetica"
            },
            "spawinphone8": {
                "font_name": "Helvetica"
            },
            "tabrcandroid": {
                "font_name": "default"
            },
            "wType": "FlexContainer",
            "watchos": {
                "font_name": "System"
            },
            "windows8": {
                "font_name": "None"
            },
            "winphone8": {
                "font_name": "None"
            }
        },
        "slFbox0dca50d49f7844e": {
            "android": {
                "font_name": "default"
            },
            "androidwearos": {
                "font_name": "default"
            },
            "background_color": "00000000",
            "bg_type": "one",
            "border_color": "000000ff",
            "border_style": "plain",
            "border_type": 0,
            "border_width": 0,
            "desktopweb": {
                "font_name": "Helvetica"
            },
            "id": "sb1383433c7046169e6ce0b19973edd3",
            "ipad": {
                "font_name": "System"
            },
            "iphone": {
                "font_name": "System"
            },
            "isDefaultSkin": false,
            "kiosk": {
                "font_name": "None"
            },
            "kuid": "sb1383433c7046169e6ce0b19973edd3",
            "spaan": {
                "font_name": "Helvetica"
            },
            "spaandroidtablet": {
                "font_name": "Helvetica"
            },
            "spabb": {
                "font_name": "Helvetica"
            },
            "spaip": {
                "font_name": "Helvetica"
            },
            "spaipad": {
                "font_name": "Helvetica"
            },
            "spawindowstablet": {
                "font_name": "Helvetica"
            },
            "spawinphone8": {
                "font_name": "Helvetica"
            },
            "tabrcandroid": {
                "font_name": "default"
            },
            "wType": "FlexContainer",
            "watchos": {
                "font_name": "System"
            },
            "windows8": {
                "font_name": "None"
            },
            "winphone8": {
                "font_name": "None"
            }
        },
        "slImage0bbc358d05b7f41": {
            "android": {
                "font_name": "default"
            },
            "androidwearos": {
                "font_name": "default"
            },
            "background_color": "00000000",
            "bg_type": "one",
            "border_color": "000000ff",
            "border_style": "plain",
            "border_type": 0,
            "border_width": 0,
            "desktopweb": {
                "font_name": "Helvetica"
            },
            "font_color": "000000ff",
            "font_name": "Helvetica",
            "font_size": 156,
            "font_style": "normal",
            "font_weight": "normal",
            "id": "s5fa4a66c1964a8bb625aed9876bf81b",
            "ipad": {
                "font_name": "System"
            },
            "iphone": {
                "font_name": "System"
            },
            "isDefaultSkin": false,
            "kiosk": {
                "font_name": "None"
            },
            "kuid": "s5fa4a66c1964a8bb625aed9876bf81b",
            "spaan": {
                "font_name": "Helvetica"
            },
            "spaandroidtablet": {
                "font_name": "Helvetica"
            },
            "spabb": {
                "font_name": "Helvetica"
            },
            "spaip": {
                "font_name": "Helvetica"
            },
            "spaipad": {
                "font_name": "Helvetica"
            },
            "spawindowstablet": {
                "font_name": "Helvetica"
            },
            "spawinphone8": {
                "font_name": "Helvetica"
            },
            "tabrcandroid": {
                "font_name": "default"
            },
            "wType": "Image",
            "watchos": {
                "font_name": "System"
            },
            "windows8": {
                "font_name": "None"
            },
            "winphone8": {
                "font_name": "None"
            }
        },
        "whiteContainerSkin0eb962f1f889d40": {
            "android": {
                "font_name": "default"
            },
            "androidwearos": {
                "font_name": "default"
            },
            "background_color": "ffffffff",
            "bg_type": "one",
            "border_color": "000000ff",
            "border_style": "plain",
            "border_type": 0,
            "border_width": 0,
            "desktopweb": {
                "font_name": "Helvetica"
            },
            "id": "sb19ebabc63444bdaa02af88246a28ff",
            "ipad": {
                "font_name": "System"
            },
            "iphone": {
                "font_name": "System"
            },
            "isDefaultSkin": false,
            "kiosk": {
                "font_name": "None"
            },
            "kuid": "sb19ebabc63444bdaa02af88246a28ff",
            "spaan": {
                "font_name": "Helvetica"
            },
            "spaandroidtablet": {
                "font_name": "Helvetica"
            },
            "spabb": {
                "font_name": "Helvetica"
            },
            "spaip": {
                "font_name": "Helvetica"
            },
            "spaipad": {
                "font_name": "Helvetica"
            },
            "spawindowstablet": {
                "font_name": "Helvetica"
            },
            "spawinphone8": {
                "font_name": "Helvetica"
            },
            "tabrcandroid": {
                "font_name": "default"
            },
            "wType": "FlexContainer",
            "watchos": {
                "font_name": "System"
            },
            "windows8": {
                "font_name": "None"
            },
            "winphone8": {
                "font_name": "None"
            }
        }
    },
    "sourceChannel": "mobile",
    "templateDef": {
        "DNDConfig": null,
        "__parentReadjusting__": false,
        "_height_": {
            "type": "string",
            "value": "100%"
        },
        "_left_": {
            "type": "string",
            "value": "0dp"
        },
        "_margin_": [
            0,
            0,
            0,
            0
        ],
        "_orientation_": 6,
        "_padding_": [
            0,
            0,
            0,
            0
        ],
        "_percent_": true,
        "_skin_": "whiteContainerSkin0eb962f1f889d40",
        "_top_": {
            "type": "string",
            "value": "0dp"
        },
        "_width_": {
            "type": "string",
            "value": "100%"
        },
        "allboxes": [],
        "autogrowmode": 0,
        "canUpdateUI": true,
        "children": [
            "paddingContainer"
        ],
        "clipbounds": true,
        "containerweight": 100,
        "enablescrolling": true,
        "id": "masterContainer",
        "info": null,
        "iscustomlayout": false,
        "isvisible": true,
        "kuid": "gb153c90091f4255a033b7de3b334fd2",
        "layouttype": 2,
        "masterType": 1,
        "name": "kony.ui.FlexContainer",
        "paddingContainer": {
            "DNDConfig": null,
            "__parentReadjusting__": false,
            "_height_": {
                "type": "string",
                "value": "100%"
            },
            "_left_": {
                "type": "string",
                "value": "40dp"
            },
            "_margin_": [
                0,
                0,
                0,
                0
            ],
            "_orientation_": 6,
            "_padding_": [
                0,
                0,
                0,
                0
            ],
            "_percent_": true,
            "_right_": {
                "type": "number",
                "value": "40"
            },
            "_skin_": "slFbox0dca50d49f7844e",
            "_top_": {
                "type": "string",
                "value": "0dp"
            },
            "allboxes": [],
            "autogrowmode": 0,
            "canUpdateUI": true,
            "children": [
                "companyLogoImage",
                "loginTitleContainer",
                "usernameFieldContainer",
                "passwordFIeldContainer",
                "loginButton"
            ],
            "clipbounds": true,
            "companyLogoImage": {
                "@class": "com.kony.gen.viz.model.component.KVizImage2",
                "DNDConfig": null,
                "__parentReadjusting__": false,
                "_base64_": null,
                "_height_": {
                    "type": "string",
                    "value": "123dp"
                },
                "_left_": {
                    "type": "string",
                    "value": "100dp"
                },
                "_margin_": [
                    0,
                    0,
                    0,
                    0
                ],
                "_padding_": [
                    0,
                    0,
                    0,
                    0
                ],
                "_skin_": "slImage0bbc358d05b7f41",
                "_src_": "logo.png",
                "_top_": {
                    "type": "string",
                    "value": "37dp"
                },
                "_width_": {
                    "type": "string",
                    "value": "123dp"
                },
                "canUpdateUI": true,
                "centerx": {
                    "type": "string",
                    "value": "50.00%"
                },
                "containerweight": 100,
                "context": {
                    "channel": "mobile",
                    "platform": "iphone",
                    "templateType": "forms"
                },
                "id": "companyLogoImage",
                "imagescalemode": 1,
                "info": null,
                "iscustomlayout": false,
                "isvisible": true,
                "kuid": "e75613b015e941909218bab2f4b085c7",
                "name": "kony.ui.Image2",
                "parent": "paddingContainer",
                "pf": "collection-form",
                "retaincontentalignment": false,
                "retainflexpositionproperties": false,
                "srcType": 1,
                "wType": "Image",
                "widgetalignment": 5,
                "zindex": 1
            },
            "containerweight": 100,
            "enablescrolling": true,
            "id": "paddingContainer",
            "info": null,
            "iscustomlayout": false,
            "isvisible": true,
            "kuid": "b8a1dd304f25477581df967eb2a0e678",
            "layouttype": 4,
            "loginButton": {
                "@class": "com.kony.gen.viz.model.component.KVizButton",
                "DNDConfig": null,
                "__parentReadjusting__": false,
                "_height_": {
                    "type": "string",
                    "value": "50dp"
                },
                "_left_": {
                    "type": "string",
                    "value": "0dp"
                },
                "_margin_": [
                    6,
                    6,
                    6,
                    6
                ],
                "_padding_": [
                    0,
                    0,
                    0,
                    0
                ],
                "_right_": {
                    "type": "number",
                    "value": "0"
                },
                "_skin_": "blueButtonSkin0h081ae3382eb40",
                "_text_": "Login",
                "_top_": {
                    "type": "string",
                    "value": "37dp"
                },
                "_width_": {
                    "type": "string",
                    "value": "100%"
                },
                "canUpdateUI": true,
                "containerweight": 100,
                "contentalignment": 5,
                "displaytext": true,
                "focusskin": "blueButtonSkinFocus0i064fab20e7041",
                "id": "loginButton",
                "info": null,
                "iscustomlayout": false,
                "isvisible": true,
                "kuid": "d8cba6562c5847cdb436e61c13f8c697",
                "name": "kony.ui.Button",
                "parent": "paddingContainer",
                "pf": "collection-form",
                "retaincontentalignment": false,
                "retainflexpositionproperties": false,
                "wType": "Button",
                "zindex": 1
            },
            "loginTitleContainer": {
                "DNDConfig": null,
                "__parentReadjusting__": false,
                "_height_": {
                    "type": "string",
                    "value": "33dp"
                },
                "_left_": {
                    "type": "string",
                    "value": "0dp"
                },
                "_margin_": [
                    0,
                    0,
                    0,
                    0
                ],
                "_orientation_": 6,
                "_padding_": [
                    0,
                    0,
                    0,
                    0
                ],
                "_percent_": true,
                "_right_": {
                    "type": "number",
                    "value": "0"
                },
                "_skin_": "slFbox0dca50d49f7844e",
                "_top_": {
                    "type": "string",
                    "value": "13dp"
                },
                "allboxes": [],
                "autogrowmode": 0,
                "canUpdateUI": true,
                "centerx": {
                    "type": "string",
                    "value": "50%"
                },
                "children": [
                    "loginTitleEmployee",
                    "loginTitleDirectory"
                ],
                "clipbounds": true,
                "containerweight": 100,
                "enablescrolling": true,
                "id": "loginTitleContainer",
                "info": null,
                "iscustomlayout": false,
                "isvisible": true,
                "kuid": "c003d5ae8a264dda9cda280a9dc237ae",
                "layouttype": 2,
                "loginTitleDirectory": {
                    "@class": "com.kony.gen.viz.model.component.KVizLabel",
                    "DNDConfig": null,
                    "__parentReadjusting__": false,
                    "_height_": {
                        "type": "ref",
                        "value": "preferred"
                    },
                    "_left_": {
                        "type": "string",
                        "value": "51.50%"
                    },
                    "_margin_": [
                        1,
                        1,
                        1,
                        1
                    ],
                    "_padding_": [
                        0,
                        0,
                        0,
                        0
                    ],
                    "_right_": {
                        "type": "string",
                        "value": "0%"
                    },
                    "_skin_": "defLabel0a717e6dc29794d",
                    "_text_": "Directory",
                    "_top_": {
                        "type": "string",
                        "value": "0dp"
                    },
                    "_width_": {
                        "type": "ref",
                        "value": "preferred"
                    },
                    "_wrapping_": 2,
                    "android": {
                        "textStyle": {
                            "letterSpacing": 0,
                            "strikeThrough": false
                        }
                    },
                    "canUpdateUI": true,
                    "containerweight": 100,
                    "contentalignment": 4,
                    "id": "loginTitleDirectory",
                    "info": null,
                    "ipad": {
                        "psp": {
                            "wrapping": 2
                        }
                    },
                    "iphone": {
                        "psp": {
                            "wrapping": 2
                        }
                    },
                    "iscustomlayout": false,
                    "isvisible": true,
                    "kuid": "cc2425ddf678455c86d871d7475bbbba",
                    "name": "kony.ui.Label",
                    "parent": "loginTitleContainer",
                    "pf": "collection-form",
                    "retaincontentalignment": false,
                    "retainflexpositionproperties": false,
                    "textstyle": {},
                    "tooltip": "",
                    "wType": "Label",
                    "zindex": 1
                },
                "loginTitleEmployee": {
                    "@class": "com.kony.gen.viz.model.component.KVizLabel",
                    "DNDConfig": null,
                    "__parentReadjusting__": false,
                    "_height_": {
                        "type": "ref",
                        "value": "preferred"
                    },
                    "_left_": {
                        "type": "number",
                        "value": "0"
                    },
                    "_margin_": [
                        1,
                        1,
                        1,
                        1
                    ],
                    "_padding_": [
                        0,
                        0,
                        0,
                        0
                    ],
                    "_right_": {
                        "type": "string",
                        "value": "49.50%"
                    },
                    "_skin_": "CopydefLabel0a02e56a1881d41",
                    "_text_": "Employee",
                    "_top_": {
                        "type": "string",
                        "value": "0dp"
                    },
                    "_width_": {
                        "type": "ref",
                        "value": "preferred"
                    },
                    "_wrapping_": 2,
                    "android": {
                        "textStyle": {
                            "letterSpacing": 0,
                            "strikeThrough": false
                        }
                    },
                    "canUpdateUI": true,
                    "containerweight": 100,
                    "contentalignment": 6,
                    "id": "loginTitleEmployee",
                    "info": null,
                    "ipad": {
                        "psp": {
                            "wrapping": 2
                        }
                    },
                    "iphone": {
                        "psp": {
                            "wrapping": 2
                        }
                    },
                    "iscustomlayout": false,
                    "isvisible": true,
                    "kuid": "ec98048486b04fa48e5d5e25540b6ce3",
                    "name": "kony.ui.Label",
                    "parent": "loginTitleContainer",
                    "pf": "collection-form",
                    "retaincontentalignment": false,
                    "retainflexpositionproperties": false,
                    "textstyle": {},
                    "tooltip": "",
                    "wType": "Label",
                    "zindex": 1
                },
                "name": "kony.ui.FlexContainer",
                "parent": "paddingContainer",
                "pf": "collection-form",
                "retaincontentalignment": false,
                "retainflexpositionproperties": false,
                "snapgridsize": 10,
                "snaptogrid": true,
                "wType": "FlexContainer",
                "widgetalignment": 1,
                "zindex": 1
            },
            "masterType": 1,
            "name": "kony.ui.FlexContainer",
            "parent": "masterContainer",
            "passwordFIeldContainer": {
                "DNDConfig": null,
                "__parentReadjusting__": false,
                "_height_": {
                    "type": "string",
                    "value": "53dp"
                },
                "_left_": {
                    "type": "string",
                    "value": "0dp"
                },
                "_margin_": [
                    0,
                    0,
                    0,
                    0
                ],
                "_orientation_": 6,
                "_padding_": [
                    0,
                    0,
                    0,
                    0
                ],
                "_percent_": true,
                "_right_": {
                    "type": "number",
                    "value": "0"
                },
                "_skin_": "slFbox0dca50d49f7844e",
                "_top_": {
                    "type": "string",
                    "value": "3.8999999999999986%"
                },
                "allboxes": [],
                "autogrowmode": 0,
                "canUpdateUI": true,
                "children": [
                    "passwordLine",
                    "passwordTextbox"
                ],
                "clipbounds": true,
                "containerweight": 100,
                "enablescrolling": true,
                "id": "passwordFIeldContainer",
                "info": null,
                "iscustomlayout": false,
                "isvisible": true,
                "kuid": "e129fa2d2fae4846a072bf37baedfbdc",
                "layouttype": 2,
                "name": "kony.ui.FlexContainer",
                "parent": "paddingContainer",
                "passwordLine": {
                    "DNDConfig": null,
                    "__parentReadjusting__": false,
                    "_bottom_": {
                        "type": "number",
                        "value": "0"
                    },
                    "_height_": {
                        "type": "string",
                        "value": "1dp"
                    },
                    "_left_": {
                        "type": "string",
                        "value": "0dp"
                    },
                    "_margin_": [
                        0,
                        0,
                        0,
                        0
                    ],
                    "_orientation_": 6,
                    "_padding_": [
                        0,
                        0,
                        0,
                        0
                    ],
                    "_percent_": true,
                    "_right_": {
                        "type": "number",
                        "value": "20"
                    },
                    "_skin_": "sepLineSkin0gfe8ac43312047",
                    "_width_": {
                        "type": "string",
                        "value": "100%"
                    },
                    "allboxes": [],
                    "autogrowmode": 0,
                    "canUpdateUI": true,
                    "children": [],
                    "clipbounds": true,
                    "containerweight": 100,
                    "enablescrolling": true,
                    "id": "passwordLine",
                    "info": null,
                    "iscustomlayout": false,
                    "isvisible": true,
                    "kuid": "b6d8440fcd174879abc9d63ad601e6f3",
                    "layouttype": 2,
                    "name": "kony.ui.FlexContainer",
                    "parent": "passwordFIeldContainer",
                    "pf": "collection-form",
                    "retaincontentalignment": false,
                    "retainflexpositionproperties": false,
                    "snapgridsize": 10,
                    "snaptogrid": true,
                    "wType": "FlexContainer",
                    "widgetalignment": 1,
                    "zindex": 1
                },
                "passwordTextbox": {
                    "@class": "com.kony.gen.viz.model.component.KVizTextBox2",
                    "DNDConfig": null,
                    "__parentReadjusting__": false,
                    "_height_": {
                        "type": "string",
                        "value": "100%"
                    },
                    "_left_": {
                        "type": "string",
                        "value": "0dp"
                    },
                    "_margin_": [
                        0,
                        0,
                        0,
                        0
                    ],
                    "_padding_": [
                        3,
                        0,
                        0,
                        0
                    ],
                    "_placeholder_": "Password",
                    "_skin_": "loginFieldSkin0ie706042fb2142",
                    "_text_": "",
                    "_top_": {
                        "type": "string",
                        "value": "0dp"
                    },
                    "_width_": {
                        "type": "string",
                        "value": "100%"
                    },
                    "autocapitalize": "none",
                    "autocomplete": false,
                    "autocorrect": false,
                    "autofilter": false,
                    "canUpdateUI": true,
                    "containerheight": "",
                    "containerheightmode": 1,
                    "containerweight": 100,
                    "contentalignment": 4,
                    "focusskin": "CopydefTextBoxNormal0ha350121b2f44a",
                    "id": "passwordTextbox",
                    "info": null,
                    "iphone": {},
                    "iscustomlayout": false,
                    "isvisible": true,
                    "keyboardtype": "A",
                    "kuid": "d450bc75e5424af7ac1a076e740d8812",
                    "mode": "A",
                    "name": "kony.ui.TextBox2",
                    "parent": "passwordFIeldContainer",
                    "pf": "collection-form",
                    "placeholderskin": "s7d84534170d4c9b814be657bf008b3a",
                    "retaincontentalignment": false,
                    "retainflexpositionproperties": false,
                    "securetextentry": true,
                    "textinputmode": "A",
                    "tooltip": "",
                    "viewtype": "default",
                    "wType": "TextField",
                    "zindex": 1
                },
                "pf": "collection-form",
                "retaincontentalignment": false,
                "retainflexpositionproperties": false,
                "snapgridsize": 10,
                "snaptogrid": true,
                "wType": "FlexContainer",
                "widgetalignment": 1,
                "zindex": 1
            },
            "pf": "collection-form",
            "retaincontentalignment": false,
            "retainflexpositionproperties": false,
            "snapgridsize": 10,
            "snaptogrid": true,
            "usernameFieldContainer": {
                "DNDConfig": null,
                "__parentReadjusting__": false,
                "_height_": {
                    "type": "string",
                    "value": "53dp"
                },
                "_left_": {
                    "type": "string",
                    "value": "0dp"
                },
                "_margin_": [
                    0,
                    0,
                    0,
                    0
                ],
                "_orientation_": 6,
                "_padding_": [
                    0,
                    0,
                    0,
                    0
                ],
                "_percent_": true,
                "_right_": {
                    "type": "number",
                    "value": "0"
                },
                "_skin_": "slFbox0dca50d49f7844e",
                "_top_": {
                    "type": "string",
                    "value": "10.560000000000002%"
                },
                "allboxes": [],
                "autogrowmode": 0,
                "canUpdateUI": true,
                "children": [
                    "usernameLine",
                    "usernameTextbox"
                ],
                "clipbounds": true,
                "containerweight": 100,
                "enablescrolling": true,
                "id": "usernameFieldContainer",
                "info": null,
                "iscustomlayout": false,
                "isvisible": true,
                "kuid": "d98779af252b4b3a863094e134720b28",
                "layouttype": 2,
                "name": "kony.ui.FlexContainer",
                "parent": "paddingContainer",
                "pf": "collection-form",
                "retaincontentalignment": false,
                "retainflexpositionproperties": false,
                "snapgridsize": 10,
                "snaptogrid": true,
                "usernameLine": {
                    "DNDConfig": null,
                    "__parentReadjusting__": false,
                    "_bottom_": {
                        "type": "number",
                        "value": "0"
                    },
                    "_height_": {
                        "type": "string",
                        "value": "1dp"
                    },
                    "_left_": {
                        "type": "string",
                        "value": "0dp"
                    },
                    "_margin_": [
                        0,
                        0,
                        0,
                        0
                    ],
                    "_orientation_": 6,
                    "_padding_": [
                        0,
                        0,
                        0,
                        0
                    ],
                    "_percent_": true,
                    "_right_": {
                        "type": "number",
                        "value": "20"
                    },
                    "_skin_": "sepLineSkin0gfe8ac43312047",
                    "_width_": {
                        "type": "string",
                        "value": "100%"
                    },
                    "allboxes": [],
                    "autogrowmode": 0,
                    "canUpdateUI": true,
                    "children": [],
                    "clipbounds": true,
                    "containerweight": 100,
                    "enablescrolling": true,
                    "id": "usernameLine",
                    "info": null,
                    "iscustomlayout": false,
                    "isvisible": true,
                    "kuid": "i1d5ffbb9788425bb989a7328db079db",
                    "layouttype": 2,
                    "name": "kony.ui.FlexContainer",
                    "parent": "usernameFieldContainer",
                    "pf": "collection-form",
                    "retaincontentalignment": false,
                    "retainflexpositionproperties": false,
                    "snapgridsize": 10,
                    "snaptogrid": true,
                    "wType": "FlexContainer",
                    "widgetalignment": 1,
                    "zindex": 1
                },
                "usernameTextbox": {
                    "@class": "com.kony.gen.viz.model.component.KVizTextBox2",
                    "DNDConfig": null,
                    "__parentReadjusting__": false,
                    "_height_": {
                        "type": "string",
                        "value": "100%"
                    },
                    "_left_": {
                        "type": "string",
                        "value": "0dp"
                    },
                    "_margin_": [
                        0,
                        0,
                        0,
                        0
                    ],
                    "_padding_": [
                        3,
                        0,
                        0,
                        0
                    ],
                    "_placeholder_": "Username",
                    "_skin_": "loginFieldSkin0ie706042fb2142",
                    "_text_": "",
                    "_top_": {
                        "type": "string",
                        "value": "0dp"
                    },
                    "_width_": {
                        "type": "string",
                        "value": "100%"
                    },
                    "autocapitalize": "none",
                    "autocomplete": false,
                    "autocorrect": false,
                    "autofilter": false,
                    "canUpdateUI": true,
                    "containerheight": "",
                    "containerheightmode": 1,
                    "containerweight": 100,
                    "contentalignment": 4,
                    "focusskin": "loginFieldSkinFocus0e1b135a98c2649",
                    "id": "usernameTextbox",
                    "info": null,
                    "iphone": {},
                    "iscustomlayout": false,
                    "isvisible": true,
                    "keyboardtype": "A",
                    "kuid": "c1477a5a6ef64362ac1ff1e7d1b64aff",
                    "mode": "A",
                    "name": "kony.ui.TextBox2",
                    "parent": "usernameFieldContainer",
                    "pf": "collection-form",
                    "placeholderskin": "s7d84534170d4c9b814be657bf008b3a",
                    "retaincontentalignment": false,
                    "retainflexpositionproperties": false,
                    "securetextentry": false,
                    "textinputmode": "A",
                    "tooltip": "",
                    "viewtype": "default",
                    "wType": "TextField",
                    "zindex": 1
                },
                "wType": "FlexContainer",
                "widgetalignment": 1,
                "zindex": 1
            },
            "wType": "FlexContainer",
            "widgetalignment": 1
        },
        "parent": "collection-form",
        "pf": "collection-form",
        "retaincontentalignment": false,
        "retainflexpositionproperties": false,
        "snapgridsize": 10,
        "snaptogrid": true,
        "wType": "FlexContainer",
        "widgetalignment": 1,
        "zindex": 1
    }
}