{
    "AS_Form_f137f613a1034f27ab9f758ce187856f": {
        "id": "AS_Form_f137f613a1034f27ab9f758ce187856f",
        "type": "ACTION_SEQUENCE",
        "params": [{
            "datatype": "collection",
            "name": "eventobject"
        }],
        "contextObj": {
            "name": "frmList",
            "type": "forms",
            "platform": null,
            "KUID": "a5f4a43913094f90a21411622a129a5b"
        },
        "language": "js",
        "actions": [{
            "id": "INVOKE_OBJECT_SERVICE__a927b7e02a554f5c8f9ef347c0ba849a",
            "type": "INVOKE_OBJECT_SERVICE",
            "inputparams": null,
            "httpheaders": null,
            "httpconfigs": null,
            "isasynchronous": null,
            "isoffline": null,
            "isobject": true,
            "mappings": {},
            "mappingsOrder": [],
            "serviceconfig": {
                "servicename": "EmployeeServices",
                "type": "objectsvcs",
                "objectname": "employees",
                "serviceid": "bd298473-012c-4fd2-9c02-ac4547645816",
                "methodname": "get"
            },
            "enableMappingEditor": true
        }, {
            "id": "ADD_MAPPING__e55bb06b2ce14cd58cbc8b7d811f578d",
            "type": "ADD_MAPPING",
            "mappings": {
                "ME_Mapping_fca756c377af476f9cfbe904d4965124": {
                    "channel": "mobile",
                    "id": "ME_Mapping_fca756c377af476f9cfbe904d4965124",
                    "type": "MAPPING",
                    "callbackType": null,
                    "rectified": true,
                    "source": {
                        "type": "Services",
                        "propertyName": "records",
                        "dataType": "collection",
                        "forkedPlatform": "all",
                        "serviceconfig": {
                            "servicename": "EmployeeServices",
                            "type": "objectsvcs",
                            "objectname": "employees",
                            "serviceid": "bd298473-012c-4fd2-9c02-ac4547645816",
                            "methodname": "get"
                        }
                    },
                    "target": {
                        "type": "Forms",
                        "propertyName": "masterdata",
                        "widgetId": "employeeSegment",
                        "widgetPath": "this.view.employeeSegment",
                        "widgetType": "Segment",
                        "dataType": "collection",
                        "itemId": "frmList",
                        "widgetKUID": "d83ae33212af45c4b76d7682c9967727",
                        "itemKUID": "a5f4a43913094f90a21411622a129a5b",
                        "forkedPlatform": "all"
                    }
                },
                "ME_Mapping_e878c850130f43e1b6bf93665dbf3d03": {
                    "channel": "mobile",
                    "id": "ME_Mapping_e878c850130f43e1b6bf93665dbf3d03",
                    "type": "MAPPING",
                    "callbackType": null,
                    "rectified": true,
                    "source": {
                        "type": "Services",
                        "propertyName": "Emp_id",
                        "dataType": "string",
                        "collectionId": "records",
                        "forkedPlatform": "all",
                        "serviceconfig": {
                            "servicename": "EmployeeServices",
                            "type": "objectsvcs",
                            "objectname": "employees",
                            "serviceid": "bd298473-012c-4fd2-9c02-ac4547645816",
                            "methodname": "get"
                        }
                    },
                    "target": {
                        "type": "Forms",
                        "propertyName": "text",
                        "widgetId": "employeeId",
                        "widgetPath": "this.view.employeeId",
                        "widgetType": "Label",
                        "dataType": "string",
                        "itemId": "frmList",
                        "parentMappingId": "ME_Mapping_fca756c377af476f9cfbe904d4965124",
                        "segmentId": "employeeSegment",
                        "segmentKUID": "d83ae33212af45c4b76d7682c9967727",
                        "widgetKUID": "d23386ac734249e2b1269976b3cf0666",
                        "itemKUID": "a5f4a43913094f90a21411622a129a5b",
                        "forkedPlatform": "all"
                    }
                },
                "ME_Mapping_c945ad43170a44a59fb63d1900a2bded": {
                    "channel": "mobile",
                    "id": "ME_Mapping_c945ad43170a44a59fb63d1900a2bded",
                    "type": "MAPPING",
                    "callbackType": null,
                    "rectified": true,
                    "source": {
                        "type": "Services",
                        "propertyName": "Designation",
                        "dataType": "string",
                        "collectionId": "records",
                        "forkedPlatform": "all",
                        "serviceconfig": {
                            "servicename": "EmployeeServices",
                            "type": "objectsvcs",
                            "objectname": "employees",
                            "serviceid": "bd298473-012c-4fd2-9c02-ac4547645816",
                            "methodname": "get"
                        }
                    },
                    "target": {
                        "type": "Forms",
                        "propertyName": "text",
                        "widgetId": "employeeFieldGroup",
                        "widgetPath": "this.view.employeeFieldGroup",
                        "widgetType": "Label",
                        "dataType": "string",
                        "itemId": "frmList",
                        "parentMappingId": "ME_Mapping_fca756c377af476f9cfbe904d4965124",
                        "segmentId": "employeeSegment",
                        "segmentKUID": "d83ae33212af45c4b76d7682c9967727",
                        "widgetKUID": "a95efb26f60d45aba37fdd4a25a8e303",
                        "itemKUID": "a5f4a43913094f90a21411622a129a5b",
                        "forkedPlatform": "all"
                    }
                },
                "ME_Mapping_bc3a8786aa8443b1b10890afcccf5ce8": {
                    "channel": "mobile",
                    "id": "ME_Mapping_bc3a8786aa8443b1b10890afcccf5ce8",
                    "type": "MAPPING",
                    "callbackType": null,
                    "rectified": true,
                    "source": {
                        "type": "Services",
                        "propertyName": "Department",
                        "dataType": "string",
                        "collectionId": "records",
                        "forkedPlatform": "all",
                        "serviceconfig": {
                            "servicename": "EmployeeServices",
                            "type": "objectsvcs",
                            "objectname": "employees",
                            "serviceid": "bd298473-012c-4fd2-9c02-ac4547645816",
                            "methodname": "get"
                        }
                    },
                    "target": {
                        "type": "Forms",
                        "propertyName": "text",
                        "widgetId": "employeeFieldTitle",
                        "widgetPath": "this.view.employeeFieldTitle",
                        "widgetType": "Label",
                        "dataType": "string",
                        "itemId": "frmList",
                        "parentMappingId": "ME_Mapping_fca756c377af476f9cfbe904d4965124",
                        "segmentId": "employeeSegment",
                        "segmentKUID": "d83ae33212af45c4b76d7682c9967727",
                        "widgetKUID": "ec1ba42aba904bd2b5da5536287bfebf",
                        "itemKUID": "a5f4a43913094f90a21411622a129a5b",
                        "forkedPlatform": "all"
                    }
                },
                "ME_Mapping_ade0e9e95a444359972f4baceb358f8a": {
                    "channel": "mobile",
                    "id": "ME_Mapping_ade0e9e95a444359972f4baceb358f8a",
                    "type": "MAPPING",
                    "callbackType": null,
                    "rectified": true,
                    "source": {
                        "type": "Services",
                        "propertyName": "Name",
                        "dataType": "string",
                        "collectionId": "records",
                        "forkedPlatform": "all",
                        "serviceconfig": {
                            "servicename": "EmployeeServices",
                            "type": "objectsvcs",
                            "objectname": "employees",
                            "serviceid": "bd298473-012c-4fd2-9c02-ac4547645816",
                            "methodname": "get"
                        }
                    },
                    "target": {
                        "type": "Forms",
                        "propertyName": "text",
                        "widgetId": "employeeFieldName",
                        "widgetPath": "this.view.employeeFieldName",
                        "widgetType": "Label",
                        "dataType": "string",
                        "itemId": "frmList",
                        "parentMappingId": "ME_Mapping_fca756c377af476f9cfbe904d4965124",
                        "segmentId": "employeeSegment",
                        "segmentKUID": "d83ae33212af45c4b76d7682c9967727",
                        "widgetKUID": "a48aa6ab9932431ea69cb6af1e0effb3",
                        "itemKUID": "a5f4a43913094f90a21411622a129a5b",
                        "forkedPlatform": "all"
                    }
                },
                "ME_Mapping_g3994e899960474c92a5c3e5f4ca01c6": {
                    "channel": "mobile",
                    "id": "ME_Mapping_g3994e899960474c92a5c3e5f4ca01c6",
                    "type": "MAPPING",
                    "callbackType": null,
                    "rectified": true,
                    "source": {
                        "type": "Services",
                        "propertyName": "Image_URL",
                        "dataType": "string",
                        "collectionId": "records",
                        "forkedPlatform": "all",
                        "serviceconfig": {
                            "servicename": "EmployeeServices",
                            "type": "objectsvcs",
                            "objectname": "employees",
                            "serviceid": "bd298473-012c-4fd2-9c02-ac4547645816",
                            "methodname": "get"
                        }
                    },
                    "target": {
                        "type": "Forms",
                        "propertyName": "src",
                        "widgetId": "employeeSegImage",
                        "widgetPath": "this.view.employeeSegImage",
                        "widgetType": "Image",
                        "dataType": "string",
                        "itemId": "frmList",
                        "parentMappingId": "ME_Mapping_fca756c377af476f9cfbe904d4965124",
                        "segmentId": "employeeSegment",
                        "segmentKUID": "d83ae33212af45c4b76d7682c9967727",
                        "widgetKUID": "ed74486616f14441b49aab201e1d1988",
                        "itemKUID": "a5f4a43913094f90a21411622a129a5b",
                        "forkedPlatform": "all"
                    }
                }
            },
            "mappingsOrder": ["ME_Mapping_fca756c377af476f9cfbe904d4965124", "ME_Mapping_e878c850130f43e1b6bf93665dbf3d03", "ME_Mapping_c945ad43170a44a59fb63d1900a2bded", "ME_Mapping_bc3a8786aa8443b1b10890afcccf5ce8", "ME_Mapping_ade0e9e95a444359972f4baceb358f8a", "ME_Mapping_g3994e899960474c92a5c3e5f4ca01c6"],
            "parentId": "INVOKE_OBJECT_SERVICE__a927b7e02a554f5c8f9ef347c0ba849a",
            "callbackType": "Callback",
            "enableMappingEditor": true
        }]
    }
}