{
    "images": [
        "common/logouticon.png",
        "common/backicon.png",
        "common/image1.png",
        "common/image2.png",
        "common/image3.png",
        "common/image4.png",
        "common/image5.png",
        "common/image6.png",
        "common/image7.png",
        "common/image8.png",
        "common/image9.png",
        "common/pageoffdot.png",
        "common/pageondot.png",
        "common/imagedrag.png",
        "fonts/iPhone/OpenSans-Regular.ttf",
        "fonts/Android/OpenSans-Regular.ttf",
        "fonts/iPhone/OpenSans-Regular.ttf",
        "fonts/Android/OpenSans-Regular.ttf",
        "fonts/iPhone/OpenSans-Bold.ttf",
        "fonts/Android/OpenSans-Bold.ttf"
    ],
    "screenshotGenerated": true,
    "skinDefs": {
        "CopydefBtnNormal0a18963ebcf204b": {
            "android": {
                "font_name": "default"
            },
            "androidwearos": {
                "font_name": "default"
            },
            "background_color": "4b88f193",
            "bg_type": "one",
            "border_color": "ffffffff",
            "border_style": "plain",
            "border_type": 0,
            "border_width": 0,
            "desktopweb": {
                "font_name": "Helvetica"
            },
            "font_color": "ffffffff",
            "font_name": "iphoneSystem",
            "font_size": 150,
            "font_style": "normal",
            "font_weight": "normal",
            "id": "s46e05adddc14f338086a6265b7a10ac",
            "ipad": {
                "font_name": "System"
            },
            "iphone": {
                "font_name": "System"
            },
            "isDefaultSkin": false,
            "kiosk": {
                "font_name": "None"
            },
            "kuid": "s46e05adddc14f338086a6265b7a10ac",
            "spaan": {
                "font_name": "Helvetica"
            },
            "spaandroidtablet": {
                "font_name": "Helvetica"
            },
            "spabb": {
                "font_name": "Helvetica"
            },
            "spaip": {
                "font_name": "Helvetica"
            },
            "spaipad": {
                "font_name": "Helvetica"
            },
            "spawindowstablet": {
                "font_name": "Helvetica"
            },
            "spawinphone8": {
                "font_name": "Helvetica"
            },
            "tabrcandroid": {
                "font_name": "default"
            },
            "wType": "Button",
            "watchos": {
                "font_name": "System"
            },
            "windows8": {
                "font_name": "None"
            },
            "winphone8": {
                "font_name": "None"
            }
        },
        "CopydefLabel0bf0aa2e41da149": {
            "android": {
                "font_name": "default",
                "font_size": 110,
                "isForked": false
            },
            "androidwearos": {
                "font_name": "default",
                "font_size": 110,
                "isForked": false
            },
            "background_color": "00000000",
            "bg_type": "one",
            "border_color": "424242ff",
            "border_style": "plain",
            "border_type": 0,
            "border_width": 0,
            "desktopweb": {
                "font_name": "Helvetica",
                "font_size": 110,
                "isForked": false
            },
            "fontSizeInPx": false,
            "font_color": "333333ff",
            "font_name": "iphoneSystem",
            "font_size": 110,
            "font_style": "normal",
            "font_weight": "bold",
            "id": "sedc718eb5854038a91b883a796e7bbc",
            "ipad": {
                "font_name": "System-Bold",
                "font_size": 110,
                "isForked": false
            },
            "iphone": {
                "font_name": "System-Bold",
                "font_size": 110,
                "isForked": false
            },
            "isDefaultSkin": false,
            "kiosk": {
                "font_name": "None",
                "font_size": 110,
                "isForked": false
            },
            "kuid": "sedc718eb5854038a91b883a796e7bbc",
            "spaan": {
                "font_name": "Helvetica",
                "font_size": 110,
                "isForked": false
            },
            "spaandroidtablet": {
                "font_name": "Helvetica",
                "font_size": 110,
                "isForked": false
            },
            "spabb": {
                "font_name": "Helvetica",
                "font_size": 110,
                "isForked": false
            },
            "spaip": {
                "font_name": "Helvetica",
                "font_size": 110,
                "isForked": false
            },
            "spaipad": {
                "font_name": "Helvetica",
                "font_size": 110,
                "isForked": false
            },
            "spawindowstablet": {
                "font_name": "Helvetica",
                "font_size": 110,
                "isForked": false
            },
            "spawinphone8": {
                "font_name": "Helvetica",
                "font_size": 110,
                "isForked": false
            },
            "tabrcandroid": {
                "font_name": "default",
                "font_size": 110,
                "isForked": false
            },
            "wType": "Label",
            "watchos": {
                "font_name": "System",
                "font_size": 110,
                "isForked": false
            },
            "windows8": {
                "font_name": "None",
                "font_size": 110,
                "isForked": false
            },
            "winphone8": {
                "font_name": "None",
                "font_size": 110,
                "isForked": false
            }
        },
        "CopydefLabel0fa7c21b3ee3644": {
            "android": {
                "font_name": "OpenSans-Regular",
                "font_size": 61,
                "isForked": false
            },
            "androidwearos": {
                "font_name": "default",
                "font_size": 121,
                "isForked": false
            },
            "background_color": "00000000",
            "bg_type": "one",
            "border_color": "424242ff",
            "border_style": "plain",
            "border_type": 0,
            "border_width": 0,
            "delinkedPltfrms": {
                "androidwear": [],
                "desktop": [
                    "desktopweb"
                ],
                "mobile": [
                    "iphone"
                ],
                "tablet": [
                    "ipad"
                ],
                "watch": []
            },
            "desktopweb": {
                "font_name": "Helvetica",
                "font_size": 113,
                "isForked": true
            },
            "fontSizeInPx": true,
            "font_color": "333333ff",
            "font_name": "iphoneSystem",
            "font_size": 61,
            "font_style": "normal",
            "font_weight": "normal",
            "id": "sa90a6f9cdde40cb9524a9cdb8d52ced",
            "ipad": {
                "font_name": "System",
                "font_size": 79,
                "isForked": true
            },
            "iphone": {
                "font_name": "OpenSans-Regular",
                "font_size": 81,
                "isForked": true
            },
            "isDefaultSkin": false,
            "kiosk": {
                "font_name": "None",
                "font_size": 213,
                "isForked": false
            },
            "kuid": "sa90a6f9cdde40cb9524a9cdb8d52ced",
            "spaan": {
                "font_name": "Helvetica",
                "font_size": 57,
                "isForked": false
            },
            "spaandroidtablet": {
                "font_name": "Helvetica",
                "font_size": 47,
                "isForked": false
            },
            "spabb": {
                "font_name": "Helvetica",
                "font_size": 71,
                "isForked": false
            },
            "spaip": {
                "font_name": "Helvetica",
                "font_size": 71,
                "isForked": false
            },
            "spaipad": {
                "font_name": "Helvetica",
                "font_size": 50,
                "isForked": false
            },
            "spawindowstablet": {
                "font_name": "Helvetica",
                "font_size": 50,
                "isForked": false
            },
            "spawinphone8": {
                "font_name": "Helvetica",
                "font_size": 71,
                "isForked": false
            },
            "tabrcandroid": {
                "font_name": "default",
                "font_size": 201,
                "isForked": false
            },
            "wType": "Label",
            "watchos": {
                "font_name": "System",
                "font_size": 121,
                "isForked": false
            },
            "windows8": {
                "font_name": "None",
                "font_size": 83,
                "isForked": false
            },
            "winphone8": {
                "font_name": "None",
                "font_size": 113,
                "isForked": false
            }
        },
        "CopydefLabel0fb68f2cd41a34e": {
            "android": {
                "font_name": "OpenSans-Bold",
                "font_size": 79,
                "isForked": true
            },
            "androidwearos": {
                "font_name": "default",
                "font_size": 157,
                "isForked": true
            },
            "background_color": "00000000",
            "bg_type": "one",
            "border_color": "424242ff",
            "border_style": "plain",
            "border_type": 0,
            "border_width": 0,
            "delinkedPltfrms": {
                "androidwear": [],
                "desktop": [
                    "desktopweb"
                ],
                "mobile": [
                    "iphone"
                ],
                "tablet": [
                    "ipad"
                ],
                "watch": []
            },
            "desktopweb": {
                "font_name": "Helvetica",
                "font_size": 125,
                "font_weight": "bold",
                "isForked": true
            },
            "fontSizeInPx": true,
            "font_color": "333333ff",
            "font_name": "iphoneSystem",
            "font_size": 105,
            "font_style": "normal",
            "font_weight": "normal",
            "id": "s0cf0bbdf254420092daff973555a907",
            "ipad": {
                "font_name": "System-Bold",
                "font_size": 114,
                "isForked": true
            },
            "iphone": {
                "font_name": "OpenSans-Bold",
                "font_size": 105,
                "isForked": true
            },
            "isDefaultSkin": false,
            "kiosk": {
                "font_name": "None",
                "font_size": 275,
                "isForked": true
            },
            "kuid": "s0cf0bbdf254420092daff973555a907",
            "spaan": {
                "font_name": "Helvetica",
                "font_size": 73,
                "isForked": true
            },
            "spaandroidtablet": {
                "font_name": "Helvetica",
                "font_size": 61,
                "isForked": true
            },
            "spabb": {
                "font_name": "Helvetica",
                "font_size": 92,
                "isForked": true
            },
            "spaip": {
                "font_name": "Helvetica",
                "font_size": 92,
                "isForked": true
            },
            "spaipad": {
                "font_name": "Helvetica",
                "font_size": 65,
                "isForked": true
            },
            "spawindowstablet": {
                "font_name": "Helvetica",
                "font_size": 65,
                "isForked": true
            },
            "spawinphone8": {
                "font_name": "Helvetica",
                "font_size": 92,
                "isForked": true
            },
            "tabrcandroid": {
                "font_name": "default",
                "font_size": 261,
                "isForked": true
            },
            "wType": "Label",
            "watchos": {
                "font_name": "System",
                "font_size": 157,
                "isForked": true
            },
            "windows8": {
                "font_name": "None",
                "font_size": 107,
                "isForked": true
            },
            "winphone8": {
                "font_name": "None",
                "font_size": 147,
                "isForked": true
            }
        },
        "CopydefLabel0ib3f85bc57a245": {
            "android": {
                "font_name": "OpenSans-Regular",
                "font_size": 61,
                "isForked": false
            },
            "androidwearos": {
                "font_name": "default",
                "font_size": 121,
                "isForked": false
            },
            "background_color": "00000000",
            "bg_type": "one",
            "border_color": "424242ff",
            "border_style": "plain",
            "border_type": 0,
            "border_width": 0,
            "delinkedPltfrms": {
                "androidwear": [],
                "desktop": [
                    "desktopweb"
                ],
                "mobile": [
                    "iphone"
                ],
                "tablet": [
                    "ipad"
                ],
                "watch": []
            },
            "desktopweb": {
                "font_name": "Helvetica",
                "font_size": 100,
                "isForked": true
            },
            "fontSizeInPx": true,
            "font_color": "939393ff",
            "font_name": "iphoneSystem",
            "font_size": 61,
            "font_style": "normal",
            "font_weight": "normal",
            "id": "s7072baa9a3142c3aa2b4ef9344a4279",
            "ipad": {
                "font_name": "System",
                "font_size": 79,
                "isForked": true
            },
            "iphone": {
                "font_name": "OpenSans-Regular",
                "font_size": 81,
                "isForked": true
            },
            "isDefaultSkin": false,
            "kiosk": {
                "font_name": "None",
                "font_size": 213,
                "isForked": false
            },
            "kuid": "s7072baa9a3142c3aa2b4ef9344a4279",
            "spaan": {
                "font_name": "Helvetica",
                "font_size": 57,
                "isForked": false
            },
            "spaandroidtablet": {
                "font_name": "Helvetica",
                "font_size": 47,
                "isForked": false
            },
            "spabb": {
                "font_name": "Helvetica",
                "font_size": 71,
                "isForked": false
            },
            "spaip": {
                "font_name": "Helvetica",
                "font_size": 71,
                "isForked": false
            },
            "spaipad": {
                "font_name": "Helvetica",
                "font_size": 50,
                "isForked": false
            },
            "spawindowstablet": {
                "font_name": "Helvetica",
                "font_size": 50,
                "isForked": false
            },
            "spawinphone8": {
                "font_name": "Helvetica",
                "font_size": 71,
                "isForked": false
            },
            "tabrcandroid": {
                "font_name": "default",
                "font_size": 201,
                "isForked": false
            },
            "wType": "Label",
            "watchos": {
                "font_name": "System",
                "font_size": 121,
                "isForked": false
            },
            "windows8": {
                "font_name": "None",
                "font_size": 83,
                "isForked": false
            },
            "winphone8": {
                "font_name": "None",
                "font_size": 113,
                "isForked": false
            }
        },
        "CopyslFbox0e356b42fe1574a": {
            "android": {
                "font_name": "default"
            },
            "androidwearos": {
                "font_name": "default"
            },
            "background_color": "ffffffff",
            "bg_type": "one",
            "border_color": "000000ff",
            "border_style": "plain",
            "border_type": 0,
            "border_width": 0,
            "desktopweb": {
                "font_name": "Helvetica"
            },
            "id": "sdbe6bf01f934228ba4b00d4a1a1622a",
            "ipad": {
                "font_name": "System"
            },
            "iphone": {
                "font_name": "System"
            },
            "isDefaultSkin": false,
            "kiosk": {
                "font_name": "None"
            },
            "kuid": "sdbe6bf01f934228ba4b00d4a1a1622a",
            "spaan": {
                "font_name": "Helvetica"
            },
            "spaandroidtablet": {
                "font_name": "Helvetica"
            },
            "spabb": {
                "font_name": "Helvetica"
            },
            "spaip": {
                "font_name": "Helvetica"
            },
            "spaipad": {
                "font_name": "Helvetica"
            },
            "spawindowstablet": {
                "font_name": "Helvetica"
            },
            "spawinphone8": {
                "font_name": "Helvetica"
            },
            "tabrcandroid": {
                "font_name": "default"
            },
            "wType": "FlexContainer",
            "watchos": {
                "font_name": "System"
            },
            "windows8": {
                "font_name": "None"
            },
            "winphone8": {
                "font_name": "None"
            }
        },
        "defLabel0j17e0eb7d06943": {
            "android": {
                "font_name": "default"
            },
            "androidwearos": {
                "font_name": "default"
            },
            "background_color": "00000000",
            "bg_type": "one",
            "border_color": "424242ff",
            "border_style": "plain",
            "border_type": 0,
            "border_width": 0,
            "desktopweb": {
                "font_name": "Helvetica"
            },
            "font_color": "333333ff",
            "font_name": "iphoneSystem",
            "font_size": 200,
            "font_style": "normal",
            "font_weight": "400",
            "id": "s5bcad9f59fe4345938faee47772f3bd",
            "ipad": {
                "font_name": "System"
            },
            "iphone": {
                "font_name": "System"
            },
            "isDefaultSkin": false,
            "kiosk": {
                "font_name": "None"
            },
            "kuid": "s5bcad9f59fe4345938faee47772f3bd",
            "spaan": {
                "font_name": "Helvetica"
            },
            "spaandroidtablet": {
                "font_name": "Helvetica"
            },
            "spabb": {
                "font_name": "Helvetica"
            },
            "spaip": {
                "font_name": "Helvetica"
            },
            "spaipad": {
                "font_name": "Helvetica"
            },
            "spawindowstablet": {
                "font_name": "Helvetica"
            },
            "spawinphone8": {
                "font_name": "Helvetica"
            },
            "tabrcandroid": {
                "font_name": "default"
            },
            "wType": "Label",
            "watchos": {
                "font_name": "System"
            },
            "windows8": {
                "font_name": "None"
            },
            "winphone8": {
                "font_name": "None"
            }
        },
        "headerButtonSkin0j09c9a35d48048": {
            "android": {
                "font_name": "default"
            },
            "androidwearos": {
                "font_name": "default"
            },
            "background_color": "4b88f100",
            "bg_type": "one",
            "border_color": "ffffffff",
            "border_style": "plain",
            "border_type": 0,
            "border_width": 0,
            "desktopweb": {
                "font_name": "Helvetica"
            },
            "font_color": "ffffffff",
            "font_name": "iphoneSystem",
            "font_size": 150,
            "font_style": "normal",
            "font_weight": "normal",
            "id": "s36db985b3ed4185826b3e79242d5d4c",
            "ipad": {
                "font_name": "System"
            },
            "iphone": {
                "font_name": "System"
            },
            "isDefaultSkin": false,
            "kiosk": {
                "font_name": "None"
            },
            "kuid": "s36db985b3ed4185826b3e79242d5d4c",
            "spaan": {
                "font_name": "Helvetica"
            },
            "spaandroidtablet": {
                "font_name": "Helvetica"
            },
            "spabb": {
                "font_name": "Helvetica"
            },
            "spaip": {
                "font_name": "Helvetica"
            },
            "spaipad": {
                "font_name": "Helvetica"
            },
            "spawindowstablet": {
                "font_name": "Helvetica"
            },
            "spawinphone8": {
                "font_name": "Helvetica"
            },
            "tabrcandroid": {
                "font_name": "default"
            },
            "wType": "Button",
            "watchos": {
                "font_name": "System"
            },
            "windows8": {
                "font_name": "None"
            },
            "winphone8": {
                "font_name": "None"
            }
        },
        "seg0d20f6edea8ae48": {
            "android": {
                "font_name": "default"
            },
            "androidwearos": {
                "font_name": "default"
            },
            "background_color": "00000000",
            "bg_type": "one",
            "border_color": "000000ff",
            "border_style": "plain",
            "border_type": 0,
            "border_width": 0,
            "desktopweb": {
                "font_name": "Helvetica"
            },
            "id": "saf63aaec88d4dc9a3d9748b0671fce6",
            "ipad": {
                "font_name": "System"
            },
            "iphone": {
                "font_name": "System"
            },
            "isDefaultSkin": false,
            "kiosk": {
                "font_name": "None"
            },
            "kuid": "saf63aaec88d4dc9a3d9748b0671fce6",
            "spaan": {
                "font_name": "Helvetica"
            },
            "spaandroidtablet": {
                "font_name": "Helvetica"
            },
            "spabb": {
                "font_name": "Helvetica"
            },
            "spaip": {
                "font_name": "Helvetica"
            },
            "spaipad": {
                "font_name": "Helvetica"
            },
            "spawindowstablet": {
                "font_name": "Helvetica"
            },
            "spawinphone8": {
                "font_name": "Helvetica"
            },
            "tabrcandroid": {
                "font_name": "default"
            },
            "wType": "Segment",
            "watchos": {
                "font_name": "System"
            },
            "windows8": {
                "font_name": "None"
            },
            "winphone8": {
                "font_name": "None"
            }
        },
        "seg0e915fad2672f42": {
            "android": {
                "font_name": "default"
            },
            "androidwearos": {
                "font_name": "default"
            },
            "background_color": "ffffffff",
            "bg_type": "one",
            "border_color": "000000ff",
            "border_style": "plain",
            "border_type": 0,
            "border_width": 0,
            "desktopweb": {
                "font_name": "Helvetica"
            },
            "id": "sa630a340005482ca3a9dde4cc1defa4",
            "ipad": {
                "font_name": "System"
            },
            "iphone": {
                "font_name": "System"
            },
            "isDefaultSkin": false,
            "kiosk": {
                "font_name": "None"
            },
            "kuid": "sa630a340005482ca3a9dde4cc1defa4",
            "spaan": {
                "font_name": "Helvetica"
            },
            "spaandroidtablet": {
                "font_name": "Helvetica"
            },
            "spabb": {
                "font_name": "Helvetica"
            },
            "spaip": {
                "font_name": "Helvetica"
            },
            "spaipad": {
                "font_name": "Helvetica"
            },
            "spawindowstablet": {
                "font_name": "Helvetica"
            },
            "spawinphone8": {
                "font_name": "Helvetica"
            },
            "tabrcandroid": {
                "font_name": "default"
            },
            "wType": "Segment",
            "watchos": {
                "font_name": "System"
            },
            "windows8": {
                "font_name": "None"
            },
            "winphone8": {
                "font_name": "None"
            }
        },
        "sepLineSkin0h2238caa6e9e4b": {
            "android": {
                "font_name": "default"
            },
            "androidwearos": {
                "font_name": "default"
            },
            "background_color": "e3e3e3ff",
            "bg_type": "one",
            "border_color": "000000ff",
            "border_style": "plain",
            "border_type": 0,
            "border_width": 0,
            "desktopweb": {
                "font_name": "Helvetica"
            },
            "id": "safcbe82dfcf45b7945170b05eb5e250",
            "ipad": {
                "font_name": "System"
            },
            "iphone": {
                "font_name": "System"
            },
            "isDefaultSkin": false,
            "kiosk": {
                "font_name": "None"
            },
            "kuid": "safcbe82dfcf45b7945170b05eb5e250",
            "spaan": {
                "font_name": "Helvetica"
            },
            "spaandroidtablet": {
                "font_name": "Helvetica"
            },
            "spabb": {
                "font_name": "Helvetica"
            },
            "spaip": {
                "font_name": "Helvetica"
            },
            "spaipad": {
                "font_name": "Helvetica"
            },
            "spawindowstablet": {
                "font_name": "Helvetica"
            },
            "spawinphone8": {
                "font_name": "Helvetica"
            },
            "tabrcandroid": {
                "font_name": "default"
            },
            "wType": "FlexContainer",
            "watchos": {
                "font_name": "System"
            },
            "windows8": {
                "font_name": "None"
            },
            "winphone8": {
                "font_name": "None"
            }
        },
        "slFbox0a70f3f7bff9b44": {
            "android": {
                "font_name": "default"
            },
            "androidwearos": {
                "font_name": "default"
            },
            "background_color": "00000000",
            "bg_type": "one",
            "border_color": "000000ff",
            "border_style": "plain",
            "border_type": 0,
            "border_width": 0,
            "desktopweb": {
                "font_name": "Helvetica"
            },
            "id": "se984f171bc64be489a6c4afcb79548a",
            "ipad": {
                "font_name": "System"
            },
            "iphone": {
                "font_name": "System"
            },
            "isDefaultSkin": false,
            "kiosk": {
                "font_name": "None"
            },
            "kuid": "se984f171bc64be489a6c4afcb79548a",
            "spaan": {
                "font_name": "Helvetica"
            },
            "spaandroidtablet": {
                "font_name": "Helvetica"
            },
            "spabb": {
                "font_name": "Helvetica"
            },
            "spaip": {
                "font_name": "Helvetica"
            },
            "spaipad": {
                "font_name": "Helvetica"
            },
            "spawindowstablet": {
                "font_name": "Helvetica"
            },
            "spawinphone8": {
                "font_name": "Helvetica"
            },
            "tabrcandroid": {
                "font_name": "default"
            },
            "wType": "FlexContainer",
            "watchos": {
                "font_name": "System"
            },
            "windows8": {
                "font_name": "None"
            },
            "winphone8": {
                "font_name": "None"
            }
        },
        "slImage0a33c2f937ffb43": {
            "android": {
                "font_name": "default"
            },
            "androidwearos": {
                "font_name": "default"
            },
            "background_color": "00000000",
            "bg_type": "one",
            "border_color": "000000ff",
            "border_style": "plain",
            "border_type": 0,
            "border_width": 0,
            "desktopweb": {
                "font_name": "Helvetica"
            },
            "font_color": "000000ff",
            "font_name": "Helvetica",
            "font_size": 156,
            "font_style": "normal",
            "font_weight": "normal",
            "id": "se90e4e929834633b4a7a7022302a16d",
            "ipad": {
                "font_name": "System"
            },
            "iphone": {
                "font_name": "System"
            },
            "isDefaultSkin": false,
            "kiosk": {
                "font_name": "None"
            },
            "kuid": "se90e4e929834633b4a7a7022302a16d",
            "spaan": {
                "font_name": "Helvetica"
            },
            "spaandroidtablet": {
                "font_name": "Helvetica"
            },
            "spabb": {
                "font_name": "Helvetica"
            },
            "spaip": {
                "font_name": "Helvetica"
            },
            "spaipad": {
                "font_name": "Helvetica"
            },
            "spawindowstablet": {
                "font_name": "Helvetica"
            },
            "spawinphone8": {
                "font_name": "Helvetica"
            },
            "tabrcandroid": {
                "font_name": "default"
            },
            "wType": "Image",
            "watchos": {
                "font_name": "System"
            },
            "windows8": {
                "font_name": "None"
            },
            "winphone8": {
                "font_name": "None"
            }
        },
        "sliPhoneSegmentHeader0j02c6f3591dd4d": {
            "android": {
                "font_name": "default"
            },
            "androidwearos": {
                "font_name": "default"
            },
            "background_color": "a7a7a7ff",
            "bg_type": "one",
            "border_color": "000000ff",
            "border_style": "plain",
            "border_type": 0,
            "border_width": 0,
            "desktopweb": {
                "font_name": "Helvetica"
            },
            "id": "s5e518e817834f758a561dbc588edf10",
            "ipad": {
                "font_name": "System"
            },
            "iphone": {
                "font_name": "System"
            },
            "isDefaultSkin": false,
            "kiosk": {
                "font_name": "None"
            },
            "kuid": "s5e518e817834f758a561dbc588edf10",
            "spaan": {
                "font_name": "Helvetica"
            },
            "spaandroidtablet": {
                "font_name": "Helvetica"
            },
            "spabb": {
                "font_name": "Helvetica"
            },
            "spaip": {
                "font_name": "Helvetica"
            },
            "spaipad": {
                "font_name": "Helvetica"
            },
            "spawindowstablet": {
                "font_name": "Helvetica"
            },
            "spawinphone8": {
                "font_name": "Helvetica"
            },
            "tabrcandroid": {
                "font_name": "default"
            },
            "wType": "Segment",
            "watchos": {
                "font_name": "System"
            },
            "windows8": {
                "font_name": "None"
            },
            "winphone8": {
                "font_name": "None"
            }
        },
        "whiteContainerSkin0gf988f8d7b4a47": {
            "android": {
                "font_name": "default"
            },
            "androidwearos": {
                "font_name": "default"
            },
            "background_color": "ffffffff",
            "bg_type": "one",
            "border_color": "000000ff",
            "border_style": "plain",
            "border_type": 0,
            "border_width": 0,
            "desktopweb": {
                "font_name": "Helvetica"
            },
            "id": "sf73de523279487480cd8cce0179f0db",
            "ipad": {
                "font_name": "System"
            },
            "iphone": {
                "font_name": "System"
            },
            "isDefaultSkin": false,
            "kiosk": {
                "font_name": "None"
            },
            "kuid": "sf73de523279487480cd8cce0179f0db",
            "spaan": {
                "font_name": "Helvetica"
            },
            "spaandroidtablet": {
                "font_name": "Helvetica"
            },
            "spabb": {
                "font_name": "Helvetica"
            },
            "spaip": {
                "font_name": "Helvetica"
            },
            "spaipad": {
                "font_name": "Helvetica"
            },
            "spawindowstablet": {
                "font_name": "Helvetica"
            },
            "spawinphone8": {
                "font_name": "Helvetica"
            },
            "tabrcandroid": {
                "font_name": "default"
            },
            "wType": "FlexContainer",
            "watchos": {
                "font_name": "System"
            },
            "windows8": {
                "font_name": "None"
            },
            "winphone8": {
                "font_name": "None"
            }
        }
    },
    "sourceChannel": "mobile",
    "templateDef": {
        "DNDConfig": null,
        "__parentReadjusting__": false,
        "_height_": {
            "type": "string",
            "value": "100%"
        },
        "_left_": {
            "type": "string",
            "value": "0dp"
        },
        "_margin_": [
            0,
            0,
            0,
            0
        ],
        "_orientation_": 6,
        "_padding_": [
            0,
            0,
            0,
            0
        ],
        "_percent_": true,
        "_skin_": "whiteContainerSkin0gf988f8d7b4a47",
        "_top_": {
            "type": "string",
            "value": "0dp"
        },
        "_width_": {
            "type": "string",
            "value": "100%"
        },
        "allboxes": [],
        "canUpdateUI": true,
        "children": [
            "headerContainer",
            "listContainer"
        ],
        "clipbounds": true,
        "containerweight": 100,
        "enablescrolling": true,
        "headerContainer": {
            "DNDConfig": null,
            "__parentReadjusting__": false,
            "_height_": {
                "type": "string",
                "value": "60dp"
            },
            "_left_": {
                "type": "string",
                "value": "0dp"
            },
            "_margin_": [
                0,
                0,
                0,
                0
            ],
            "_orientation_": 6,
            "_padding_": [
                0,
                0,
                0,
                0
            ],
            "_percent_": true,
            "_skin_": "CopyslFbox0e356b42fe1574a",
            "_top_": {
                "type": "string",
                "value": "0dp"
            },
            "_width_": {
                "type": "string",
                "value": "100%"
            },
            "allboxes": [],
            "autogrowmode": 0,
            "canUpdateUI": true,
            "children": [
                "headerDivider",
                "headerTitle",
                "headerLogoutImage",
                "headerLogoutButton",
                "headerBackChevron",
                "headerBackButton"
            ],
            "clipbounds": true,
            "containerweight": 100,
            "enablescrolling": true,
            "headerBackButton": {
                "@class": "com.kony.gen.viz.model.component.KVizButton",
                "DNDConfig": null,
                "__parentReadjusting__": false,
                "_height_": {
                    "type": "string",
                    "value": "100%"
                },
                "_left_": {
                    "type": "number",
                    "value": "0"
                },
                "_margin_": [
                    6,
                    6,
                    6,
                    6
                ],
                "_padding_": [
                    0,
                    0,
                    0,
                    0
                ],
                "_right_": {
                    "type": "number",
                    "value": "0"
                },
                "_skin_": "headerButtonSkin0j09c9a35d48048",
                "_text_": "Button",
                "_top_": {
                    "type": "string",
                    "value": "0dp"
                },
                "_width_": {
                    "type": "string",
                    "value": "56dp"
                },
                "android": {
                    "render": false
                },
                "canUpdateUI": true,
                "containerweight": 100,
                "contentalignment": 5,
                "displaytext": false,
                "focusskin": "CopydefBtnNormal0a18963ebcf204b",
                "genericProperties": {},
                "id": "headerBackButton",
                "info": null,
                "iphone": {
                    "render": false
                },
                "iscustomlayout": false,
                "isvisible": true,
                "kuid": "ib4b8698e7b04423938880a5b82508dc",
                "name": "kony.ui.Button",
                "parent": "headerContainer",
                "pf": "collection-form",
                "retaincontentalignment": false,
                "retainflexpositionproperties": false,
                "spaan": {
                    "render": false
                },
                "spabb": {
                    "render": false
                },
                "spaip": {
                    "render": false
                },
                "spawinphone8": {
                    "render": false
                },
                "wType": "Button",
                "winphone8": {
                    "render": false
                },
                "zindex": 1
            },
            "headerBackChevron": {
                "@class": "com.kony.gen.viz.model.component.KVizImage2",
                "DNDConfig": null,
                "__parentReadjusting__": false,
                "_base64_": null,
                "_height_": {
                    "type": "string",
                    "value": "18dp"
                },
                "_left_": {
                    "type": "number",
                    "value": "14"
                },
                "_margin_": [
                    0,
                    0,
                    0,
                    0
                ],
                "_padding_": [
                    0,
                    0,
                    0,
                    0
                ],
                "_right_": {
                    "type": "number",
                    "value": "16"
                },
                "_skin_": "slImage0a33c2f937ffb43",
                "_src_": "backicon.png",
                "_top_": {
                    "type": "string",
                    "value": "16dp"
                },
                "_width_": {
                    "type": "string",
                    "value": "18dp"
                },
                "android": {
                    "render": false
                },
                "canUpdateUI": true,
                "centery": {
                    "type": "string",
                    "value": "50%"
                },
                "containerweight": 100,
                "context": {
                    "channel": "mobile",
                    "platform": "iphone",
                    "templateType": "forms"
                },
                "genericProperties": {},
                "id": "headerBackChevron",
                "imagescalemode": 1,
                "info": null,
                "invokedProperty": "src",
                "iphone": {
                    "render": false
                },
                "iscustomlayout": false,
                "isvisible": true,
                "kuid": "fc2ab549a0c1430fb33a849a2741ff9f",
                "name": "kony.ui.Image2",
                "parent": "headerContainer",
                "pf": "collection-form",
                "retaincontentalignment": false,
                "retainflexpositionproperties": false,
                "spaan": {
                    "render": false
                },
                "spabb": {
                    "render": false
                },
                "spaip": {
                    "render": false
                },
                "spawinphone8": {
                    "render": false
                },
                "srcType": 1,
                "wType": "Image",
                "widgetalignment": 5,
                "winphone8": {
                    "render": false
                },
                "zindex": 1
            },
            "headerDivider": {
                "DNDConfig": null,
                "__parentReadjusting__": false,
                "_bottom_": {
                    "type": "number",
                    "value": "0"
                },
                "_height_": {
                    "type": "string",
                    "value": "1dp"
                },
                "_left_": {
                    "type": "string",
                    "value": "0dp"
                },
                "_margin_": [
                    0,
                    0,
                    0,
                    0
                ],
                "_orientation_": 6,
                "_padding_": [
                    0,
                    0,
                    0,
                    0
                ],
                "_percent_": true,
                "_skin_": "sepLineSkin0h2238caa6e9e4b",
                "_width_": {
                    "type": "string",
                    "value": "100%"
                },
                "allboxes": [],
                "autogrowmode": 0,
                "canUpdateUI": true,
                "children": [],
                "clipbounds": true,
                "containerweight": 100,
                "enablescrolling": true,
                "id": "headerDivider",
                "info": null,
                "iscustomlayout": false,
                "isvisible": true,
                "kuid": "ea6bb54ba5604cd190f54b18d0325d46",
                "layouttype": 2,
                "name": "kony.ui.FlexContainer",
                "parent": "headerContainer",
                "pf": "collection-form",
                "retaincontentalignment": false,
                "retainflexpositionproperties": false,
                "snapgridsize": 10,
                "snaptogrid": true,
                "wType": "FlexContainer",
                "widgetalignment": 1,
                "zindex": 1
            },
            "headerLogoutButton": {
                "@class": "com.kony.gen.viz.model.component.KVizButton",
                "DNDConfig": null,
                "__parentReadjusting__": false,
                "_height_": {
                    "type": "string",
                    "value": "100%"
                },
                "_margin_": [
                    6,
                    6,
                    6,
                    6
                ],
                "_padding_": [
                    0,
                    0,
                    0,
                    0
                ],
                "_right_": {
                    "type": "number",
                    "value": "0"
                },
                "_skin_": "headerButtonSkin0j09c9a35d48048",
                "_text_": "Button",
                "_top_": {
                    "type": "string",
                    "value": "0dp"
                },
                "_width_": {
                    "type": "string",
                    "value": "56dp"
                },
                "canUpdateUI": true,
                "containerweight": 100,
                "contentalignment": 5,
                "displaytext": false,
                "focusskin": "headerButtonSkin0j09c9a35d48048",
                "id": "headerLogoutButton",
                "info": null,
                "iscustomlayout": false,
                "isvisible": true,
                "kuid": "bf1fc31a5ec646abab5f2b062c84c110",
                "name": "kony.ui.Button",
                "parent": "headerContainer",
                "pf": "collection-form",
                "retaincontentalignment": false,
                "retainflexpositionproperties": false,
                "wType": "Button",
                "zindex": 1
            },
            "headerLogoutImage": {
                "@class": "com.kony.gen.viz.model.component.KVizImage2",
                "DNDConfig": null,
                "__parentReadjusting__": false,
                "_base64_": null,
                "_height_": {
                    "type": "string",
                    "value": "22dp"
                },
                "_margin_": [
                    0,
                    0,
                    0,
                    0
                ],
                "_padding_": [
                    0,
                    0,
                    0,
                    0
                ],
                "_right_": {
                    "type": "number",
                    "value": "16"
                },
                "_skin_": "slImage0a33c2f937ffb43",
                "_src_": "logouticon.png",
                "_top_": {
                    "type": "string",
                    "value": "16dp"
                },
                "_width_": {
                    "type": "string",
                    "value": "22dp"
                },
                "canUpdateUI": true,
                "centery": {
                    "type": "string",
                    "value": "50%"
                },
                "containerweight": 100,
                "context": {
                    "channel": "mobile",
                    "platform": "iphone",
                    "templateType": "forms"
                },
                "id": "headerLogoutImage",
                "imagescalemode": 1,
                "info": null,
                "iscustomlayout": false,
                "isvisible": true,
                "kuid": "a28eaf61188441769af05c7dfb744f02",
                "name": "kony.ui.Image2",
                "parent": "headerContainer",
                "pf": "collection-form",
                "retaincontentalignment": false,
                "retainflexpositionproperties": false,
                "srcType": 1,
                "wType": "Image",
                "widgetalignment": 5,
                "zindex": 1
            },
            "headerTitle": {
                "@class": "com.kony.gen.viz.model.component.KVizLabel",
                "DNDConfig": null,
                "__parentReadjusting__": false,
                "_bottom_": {
                    "type": "string",
                    "value": "18dp"
                },
                "_height_": {
                    "type": "ref",
                    "value": "preferred"
                },
                "_left_": {
                    "type": "string",
                    "value": "139dp"
                },
                "_margin_": [
                    1,
                    1,
                    1,
                    1
                ],
                "_padding_": [
                    0,
                    0,
                    0,
                    0
                ],
                "_skin_": "CopydefLabel0bf0aa2e41da149",
                "_text_": "Employee List",
                "_width_": {
                    "type": "string",
                    "value": "60%"
                },
                "_wrapping_": 2,
                "android": {
                    "textStyle": {
                        "letterSpacing": 0,
                        "strikeThrough": false
                    }
                },
                "canUpdateUI": true,
                "centerx": {
                    "type": "string",
                    "value": "50%"
                },
                "containerweight": 100,
                "contentalignment": 5,
                "id": "headerTitle",
                "info": null,
                "ipad": {
                    "psp": {
                        "wrapping": 2
                    }
                },
                "iphone": {
                    "psp": {
                        "wrapping": 2
                    }
                },
                "iscustomlayout": false,
                "isvisible": true,
                "kuid": "dca9bb18f00342c2b517e0b36c4ede08",
                "name": "kony.ui.Label",
                "parent": "headerContainer",
                "pf": "collection-form",
                "retaincontentalignment": false,
                "retainflexpositionproperties": false,
                "textstyle": {},
                "tooltip": "",
                "wType": "Label",
                "zindex": 1
            },
            "id": "headerContainer",
            "info": null,
            "iscustomlayout": false,
            "isvisible": true,
            "kuid": "hab64940cfe64cdf8ab4480a5bd50136",
            "layouttype": 2,
            "masterType": 1,
            "name": "kony.ui.FlexContainer",
            "parent": "masterContainer",
            "pf": "collection-form",
            "retaincontentalignment": false,
            "retainflexpositionproperties": false,
            "snapgridsize": 10,
            "snaptogrid": true,
            "wType": "FlexContainer",
            "widgetalignment": 1,
            "zindex": 1
        },
        "id": "masterContainer",
        "info": null,
        "iscustomlayout": false,
        "isvisible": true,
        "kuid": "ifb60aab97bc4ce5858f3e15f850f798",
        "layouttype": 2,
        "listContainer": {
            "DNDConfig": null,
            "__parentReadjusting__": false,
            "_bottom_": {
                "type": "number",
                "value": "0"
            },
            "_left_": {
                "type": "string",
                "value": "0dp"
            },
            "_margin_": [
                0,
                0,
                0,
                0
            ],
            "_orientation_": 6,
            "_padding_": [
                0,
                0,
                0,
                0
            ],
            "_percent_": true,
            "_skin_": "slFbox0a70f3f7bff9b44",
            "_top_": {
                "type": "string",
                "value": "60dp"
            },
            "_width_": {
                "type": "string",
                "value": "100%"
            },
            "allboxes": [],
            "autogrowmode": 0,
            "canUpdateUI": true,
            "children": [
                "employeeSegment"
            ],
            "clipbounds": true,
            "containerweight": 100,
            "employeeSegment": {
                "@class": "com.kony.gen.viz.model.container.KVizSegment2",
                "DNDConfig": null,
                "__parentReadjusting__": false,
                "_bottom_": {
                    "type": "number",
                    "value": "0"
                },
                "_data_": [
                    {
                        "employeeFieldGroup": {
                            "@class": "com.viz.ide.model.segment.SimpleTextSegmentData",
                            "text": "Product Management"
                        },
                        "employeeFieldName": {
                            "@class": "com.viz.ide.model.segment.SimpleTextSegmentData",
                            "text": "Alex Sion"
                        },
                        "employeeFieldTitle": {
                            "@class": "com.viz.ide.model.segment.SimpleTextSegmentData",
                            "text": "President"
                        },
                        "employeeId": {
                            "@class": "com.viz.ide.model.segment.SimpleTextSegmentData",
                            "text": "Label"
                        },
                        "employeeSegImage": {
                            "@class": "com.viz.ide.model.segment.ImageSegmentData",
                            "src": "image1.png"
                        }
                    },
                    {
                        "employeeFieldGroup": {
                            "@class": "com.viz.ide.model.segment.SimpleTextSegmentData",
                            "text": "Product Management"
                        },
                        "employeeFieldName": {
                            "@class": "com.viz.ide.model.segment.SimpleTextSegmentData",
                            "text": "Ben Cortez"
                        },
                        "employeeFieldTitle": {
                            "@class": "com.viz.ide.model.segment.SimpleTextSegmentData",
                            "text": "Senior Director"
                        },
                        "employeeId": {
                            "@class": "com.viz.ide.model.segment.SimpleTextSegmentData",
                            "text": "Label"
                        },
                        "employeeSegImage": {
                            "@class": "com.viz.ide.model.segment.ImageSegmentData",
                            "src": "image2.png"
                        }
                    },
                    {
                        "employeeFieldGroup": {
                            "@class": "com.viz.ide.model.segment.SimpleTextSegmentData",
                            "text": "Product Management"
                        },
                        "employeeFieldName": {
                            "@class": "com.viz.ide.model.segment.SimpleTextSegmentData",
                            "text": "Dan Marous"
                        },
                        "employeeFieldTitle": {
                            "@class": "com.viz.ide.model.segment.SimpleTextSegmentData",
                            "text": "Senior Product Manager"
                        },
                        "employeeId": {
                            "@class": "com.viz.ide.model.segment.SimpleTextSegmentData",
                            "text": "Label"
                        },
                        "employeeSegImage": {
                            "@class": "com.viz.ide.model.segment.ImageSegmentData",
                            "src": "image3.png"
                        }
                    },
                    {
                        "employeeFieldGroup": {
                            "@class": "com.viz.ide.model.segment.SimpleTextSegmentData",
                            "text": "Product Management"
                        },
                        "employeeFieldName": {
                            "@class": "com.viz.ide.model.segment.SimpleTextSegmentData",
                            "text": "Dawn Edwards"
                        },
                        "employeeFieldTitle": {
                            "@class": "com.viz.ide.model.segment.SimpleTextSegmentData",
                            "text": "Product Manager"
                        },
                        "employeeId": {
                            "@class": "com.viz.ide.model.segment.SimpleTextSegmentData",
                            "text": "Label"
                        },
                        "employeeSegImage": {
                            "@class": "com.viz.ide.model.segment.ImageSegmentData",
                            "src": "image4.png"
                        }
                    },
                    {
                        "employeeFieldGroup": {
                            "@class": "com.viz.ide.model.segment.SimpleTextSegmentData",
                            "text": "Product Management"
                        },
                        "employeeFieldName": {
                            "@class": "com.viz.ide.model.segment.SimpleTextSegmentData",
                            "text": "Elizabeth James"
                        },
                        "employeeFieldTitle": {
                            "@class": "com.viz.ide.model.segment.SimpleTextSegmentData",
                            "text": "Associate Product Manager"
                        },
                        "employeeId": {
                            "@class": "com.viz.ide.model.segment.SimpleTextSegmentData",
                            "text": "Label"
                        },
                        "employeeSegImage": {
                            "@class": "com.viz.ide.model.segment.ImageSegmentData",
                            "src": "image5.png"
                        }
                    },
                    {
                        "employeeFieldGroup": {
                            "@class": "com.viz.ide.model.segment.SimpleTextSegmentData",
                            "text": "Sales"
                        },
                        "employeeFieldName": {
                            "@class": "com.viz.ide.model.segment.SimpleTextSegmentData",
                            "text": "Ha Joon Lee"
                        },
                        "employeeFieldTitle": {
                            "@class": "com.viz.ide.model.segment.SimpleTextSegmentData",
                            "text": "President"
                        },
                        "employeeId": {
                            "@class": "com.viz.ide.model.segment.SimpleTextSegmentData",
                            "text": "Label"
                        },
                        "employeeSegImage": {
                            "@class": "com.viz.ide.model.segment.ImageSegmentData",
                            "src": "image6.png"
                        }
                    },
                    {
                        "employeeFieldGroup": {
                            "@class": "com.viz.ide.model.segment.SimpleTextSegmentData",
                            "text": "Sales"
                        },
                        "employeeFieldName": {
                            "@class": "com.viz.ide.model.segment.SimpleTextSegmentData",
                            "text": "Jared Ridge"
                        },
                        "employeeFieldTitle": {
                            "@class": "com.viz.ide.model.segment.SimpleTextSegmentData",
                            "text": "Senior Director"
                        },
                        "employeeId": {
                            "@class": "com.viz.ide.model.segment.SimpleTextSegmentData",
                            "text": "Label"
                        },
                        "employeeSegImage": {
                            "@class": "com.viz.ide.model.segment.ImageSegmentData",
                            "src": "image7.png"
                        }
                    },
                    {
                        "employeeFieldGroup": {
                            "@class": "com.viz.ide.model.segment.SimpleTextSegmentData",
                            "text": "Sales"
                        },
                        "employeeFieldName": {
                            "@class": "com.viz.ide.model.segment.SimpleTextSegmentData",
                            "text": "Jeremaih Crosman"
                        },
                        "employeeFieldTitle": {
                            "@class": "com.viz.ide.model.segment.SimpleTextSegmentData",
                            "text": "Business Development Manager"
                        },
                        "employeeId": {
                            "@class": "com.viz.ide.model.segment.SimpleTextSegmentData",
                            "text": "Label"
                        },
                        "employeeSegImage": {
                            "@class": "com.viz.ide.model.segment.ImageSegmentData",
                            "src": "image8.png"
                        }
                    },
                    {
                        "employeeFieldGroup": {
                            "@class": "com.viz.ide.model.segment.SimpleTextSegmentData",
                            "text": "Product Management"
                        },
                        "employeeFieldName": {
                            "@class": "com.viz.ide.model.segment.SimpleTextSegmentData",
                            "text": "Jim Lathmore"
                        },
                        "employeeFieldTitle": {
                            "@class": "com.viz.ide.model.segment.SimpleTextSegmentData",
                            "text": "Chief Executive Officer"
                        },
                        "employeeId": {
                            "@class": "com.viz.ide.model.segment.SimpleTextSegmentData",
                            "text": "Label"
                        },
                        "employeeSegImage": {
                            "@class": "com.viz.ide.model.segment.ImageSegmentData",
                            "src": "image9.png"
                        }
                    }
                ],
                "_indicator_": "none",
                "_left_": {
                    "type": "string",
                    "value": "0dp"
                },
                "_margin_": [
                    0,
                    0,
                    0,
                    0
                ],
                "_orientation_": 2,
                "_padding_": [
                    0,
                    0,
                    0,
                    0
                ],
                "_rowTemplate": {
                    "DNDConfig": null,
                    "_height_": {
                        "type": "string",
                        "value": "120dp"
                    },
                    "_margin_": [
                        0,
                        0,
                        0,
                        0
                    ],
                    "_orientation_": 6,
                    "_padding_": [
                        0,
                        0,
                        0,
                        0
                    ],
                    "_percent_": true,
                    "_width_": {
                        "type": "string",
                        "value": "100%"
                    },
                    "allboxes": [],
                    "autogrowmode": 0,
                    "canUpdateUI": true,
                    "children": [
                        "employeeSegLine",
                        "employeeSegFields",
                        "employeeSegImage",
                        "employeeFieldTitle",
                        "employeeFieldGroup",
                        "employeeFieldName",
                        "employeeId"
                    ],
                    "clipbounds": false,
                    "containerId": true,
                    "containerweight": 100,
                    "controllerInfo": {
                        "default": {
                            "channel": "mobile",
                            "name": "FBox0f8ef70119cb149Controller"
                        }
                    },
                    "employeeFieldGroup": {
                        "@class": "com.kony.gen.viz.model.component.KVizLabel",
                        "DNDConfig": null,
                        "__parentReadjusting__": false,
                        "_bottom_": {
                            "type": "string",
                            "value": "20dp"
                        },
                        "_height_": {
                            "type": "string",
                            "value": "22dp"
                        },
                        "_left_": {
                            "type": "string",
                            "value": "143dp"
                        },
                        "_margin_": [
                            1,
                            1,
                            1,
                            1
                        ],
                        "_padding_": [
                            0,
                            0,
                            0,
                            0
                        ],
                        "_skin_": "CopydefLabel0fa7c21b3ee3644",
                        "_text_": "Label",
                        "_width_": {
                            "type": "string",
                            "value": "200dp"
                        },
                        "_wrapping_": 2,
                        "android": {
                            "textStyle": {
                                "letterSpacing": 0,
                                "strikeThrough": false
                            }
                        },
                        "canUpdateUI": true,
                        "containerId": true,
                        "containerweight": 100,
                        "contentalignment": 4,
                        "id": "employeeFieldGroup",
                        "info": null,
                        "ipad": {
                            "psp": {
                                "wrapping": 2
                            }
                        },
                        "iphone": {
                            "psp": {
                                "wrapping": 2
                            }
                        },
                        "iscustomlayout": false,
                        "isvisible": true,
                        "kuid": "a95efb26f60d45aba37fdd4a25a8e303",
                        "name": "kony.ui.Label",
                        "parent": "FBox0f8ef70119cb149",
                        "pf": "FBox0f8ef70119cb149",
                        "retaincontentalignment": false,
                        "retainflexpositionproperties": false,
                        "textstyle": {},
                        "tooltip": "",
                        "wType": "Label",
                        "zindex": 1
                    },
                    "employeeFieldName": {
                        "@class": "com.kony.gen.viz.model.component.KVizLabel",
                        "DNDConfig": null,
                        "__parentReadjusting__": false,
                        "_height_": {
                            "type": "string",
                            "value": "22dp"
                        },
                        "_left_": {
                            "type": "string",
                            "value": "143dp"
                        },
                        "_margin_": [
                            1,
                            1,
                            1,
                            1
                        ],
                        "_padding_": [
                            0,
                            0,
                            0,
                            0
                        ],
                        "_skin_": "CopydefLabel0fb68f2cd41a34e",
                        "_text_": "Label",
                        "_top_": {
                            "type": "string",
                            "value": "20dp"
                        },
                        "_width_": {
                            "type": "string",
                            "value": "200dp"
                        },
                        "_wrapping_": 2,
                        "android": {
                            "textStyle": {
                                "letterSpacing": 0,
                                "strikeThrough": false
                            }
                        },
                        "canUpdateUI": true,
                        "containerId": true,
                        "containerweight": 100,
                        "contentalignment": 4,
                        "id": "employeeFieldName",
                        "info": null,
                        "ipad": {
                            "psp": {
                                "wrapping": 2
                            }
                        },
                        "iphone": {
                            "psp": {
                                "wrapping": 2
                            }
                        },
                        "iscustomlayout": false,
                        "isvisible": true,
                        "kuid": "a48aa6ab9932431ea69cb6af1e0effb3",
                        "name": "kony.ui.Label",
                        "parent": "FBox0f8ef70119cb149",
                        "pf": "FBox0f8ef70119cb149",
                        "retaincontentalignment": false,
                        "retainflexpositionproperties": false,
                        "textstyle": {},
                        "tooltip": "",
                        "wType": "Label",
                        "zindex": 1
                    },
                    "employeeFieldTitle": {
                        "@class": "com.kony.gen.viz.model.component.KVizLabel",
                        "DNDConfig": null,
                        "__parentReadjusting__": false,
                        "_height_": {
                            "type": "string",
                            "value": "22dp"
                        },
                        "_left_": {
                            "type": "string",
                            "value": "143dp"
                        },
                        "_margin_": [
                            1,
                            1,
                            1,
                            1
                        ],
                        "_padding_": [
                            0,
                            0,
                            0,
                            0
                        ],
                        "_skin_": "CopydefLabel0ib3f85bc57a245",
                        "_text_": "Label",
                        "_top_": {
                            "type": "string",
                            "value": "0dp"
                        },
                        "_width_": {
                            "type": "string",
                            "value": "200dp"
                        },
                        "_wrapping_": 2,
                        "android": {
                            "textStyle": {
                                "letterSpacing": 0,
                                "strikeThrough": false
                            }
                        },
                        "canUpdateUI": true,
                        "centery": {
                            "type": "string",
                            "value": "50%"
                        },
                        "containerId": true,
                        "containerweight": 100,
                        "contentalignment": 4,
                        "id": "employeeFieldTitle",
                        "info": null,
                        "ipad": {
                            "psp": {
                                "wrapping": 2
                            }
                        },
                        "iphone": {
                            "psp": {
                                "wrapping": 2
                            }
                        },
                        "iscustomlayout": false,
                        "isvisible": true,
                        "kuid": "ec1ba42aba904bd2b5da5536287bfebf",
                        "name": "kony.ui.Label",
                        "parent": "FBox0f8ef70119cb149",
                        "pf": "FBox0f8ef70119cb149",
                        "retaincontentalignment": false,
                        "retainflexpositionproperties": false,
                        "textstyle": {},
                        "tooltip": "",
                        "wType": "Label",
                        "zindex": 1
                    },
                    "employeeId": {
                        "@class": "com.kony.gen.viz.model.component.KVizLabel",
                        "DNDConfig": null,
                        "__parentReadjusting__": false,
                        "_height_": {
                            "type": "ref",
                            "value": "preferred"
                        },
                        "_left_": {
                            "type": "string",
                            "value": "243dp"
                        },
                        "_margin_": [
                            1,
                            1,
                            1,
                            1
                        ],
                        "_padding_": [
                            0,
                            0,
                            0,
                            0
                        ],
                        "_skin_": "defLabel0j17e0eb7d06943",
                        "_text_": "Label",
                        "_top_": {
                            "type": "string",
                            "value": "8dp"
                        },
                        "_width_": {
                            "type": "ref",
                            "value": "preferred"
                        },
                        "_wrapping_": 2,
                        "android": {
                            "textStyle": {
                                "letterSpacing": 0,
                                "strikeThrough": false
                            }
                        },
                        "canUpdateUI": true,
                        "containerId": true,
                        "containerweight": 100,
                        "contentalignment": 4,
                        "id": "employeeId",
                        "info": null,
                        "ipad": {
                            "psp": {
                                "wrapping": 2
                            }
                        },
                        "iphone": {
                            "psp": {
                                "wrapping": 2
                            }
                        },
                        "iscustomlayout": false,
                        "isvisible": false,
                        "kuid": "d23386ac734249e2b1269976b3cf0666",
                        "name": "kony.ui.Label",
                        "parent": "FBox0f8ef70119cb149",
                        "pf": "FBox0f8ef70119cb149",
                        "retaincontentalignment": false,
                        "retainflexpositionproperties": false,
                        "textstyle": {},
                        "tooltip": "",
                        "wType": "Label",
                        "zindex": 1
                    },
                    "employeeSegFields": {
                        "DNDConfig": null,
                        "__parentReadjusting__": false,
                        "_bottom_": {
                            "type": "string",
                            "value": "30dp"
                        },
                        "_left_": {
                            "type": "string",
                            "value": "143dp"
                        },
                        "_margin_": [
                            0,
                            0,
                            0,
                            0
                        ],
                        "_orientation_": 6,
                        "_padding_": [
                            0,
                            0,
                            0,
                            0
                        ],
                        "_percent_": true,
                        "_right_": {
                            "type": "number",
                            "value": "20"
                        },
                        "_skin_": "slFbox0a70f3f7bff9b44",
                        "_top_": {
                            "type": "string",
                            "value": "30dp"
                        },
                        "allboxes": [],
                        "autogrowmode": 0,
                        "canUpdateUI": true,
                        "children": [],
                        "clipbounds": true,
                        "containerId": true,
                        "containerweight": 100,
                        "enablescrolling": true,
                        "id": "employeeSegFields",
                        "info": null,
                        "iscustomlayout": false,
                        "isvisible": true,
                        "kuid": "a003e3bd3abc464d903cf8af562834d0",
                        "layouttype": 2,
                        "name": "kony.ui.FlexContainer",
                        "parent": "FBox0f8ef70119cb149",
                        "pf": "FBox0f8ef70119cb149",
                        "retaincontentalignment": false,
                        "retainflexpositionproperties": false,
                        "snapgridsize": 10,
                        "snaptogrid": true,
                        "wType": "FlexContainer",
                        "widgetalignment": 1,
                        "zindex": 1
                    },
                    "employeeSegImage": {
                        "@class": "com.kony.gen.viz.model.component.KVizImage2",
                        "DNDConfig": null,
                        "__parentReadjusting__": false,
                        "_base64_": null,
                        "_height_": {
                            "type": "string",
                            "value": "93dp"
                        },
                        "_left_": {
                            "type": "string",
                            "value": "14dp"
                        },
                        "_margin_": [
                            0,
                            0,
                            0,
                            0
                        ],
                        "_padding_": [
                            0,
                            0,
                            0,
                            0
                        ],
                        "_skin_": "slImage0a33c2f937ffb43",
                        "_src_": "imagedrag.png",
                        "_top_": {
                            "type": "string",
                            "value": "7dp"
                        },
                        "_width_": {
                            "type": "string",
                            "value": "96dp"
                        },
                        "canUpdateUI": true,
                        "centery": {
                            "type": "string",
                            "value": "50%"
                        },
                        "containerId": true,
                        "containerweight": 100,
                        "context": {
                            "channel": "mobile",
                            "formID": "FBox0f8ef70119cb149",
                            "templateType": "segments",
                            "topLevelBox": null
                        },
                        "id": "employeeSegImage",
                        "imagescalemode": 1,
                        "info": null,
                        "iscustomlayout": false,
                        "isvisible": true,
                        "kuid": "ed74486616f14441b49aab201e1d1988",
                        "name": "kony.ui.Image2",
                        "parent": "FBox0f8ef70119cb149",
                        "pf": "FBox0f8ef70119cb149",
                        "retaincontentalignment": false,
                        "retainflexpositionproperties": false,
                        "srcType": 1,
                        "wType": "Image",
                        "widgetalignment": 5,
                        "zindex": 1
                    },
                    "employeeSegLine": {
                        "DNDConfig": null,
                        "__parentReadjusting__": false,
                        "_bottom_": {
                            "type": "number",
                            "value": "0"
                        },
                        "_height_": {
                            "type": "string",
                            "value": "1dp"
                        },
                        "_left_": {
                            "type": "string",
                            "value": "20dp"
                        },
                        "_margin_": [
                            0,
                            0,
                            0,
                            0
                        ],
                        "_orientation_": 6,
                        "_padding_": [
                            0,
                            0,
                            0,
                            0
                        ],
                        "_percent_": true,
                        "_right_": {
                            "type": "number",
                            "value": "20"
                        },
                        "_skin_": "sepLineSkin0h2238caa6e9e4b",
                        "allboxes": [],
                        "autogrowmode": 0,
                        "canUpdateUI": true,
                        "children": [],
                        "clipbounds": true,
                        "containerId": true,
                        "containerweight": 100,
                        "enablescrolling": true,
                        "id": "employeeSegLine",
                        "info": null,
                        "iscustomlayout": false,
                        "isvisible": true,
                        "kuid": "c2447136c54f4979bf083435caf66f85",
                        "layouttype": 2,
                        "name": "kony.ui.FlexContainer",
                        "parent": "FBox0f8ef70119cb149",
                        "pf": "FBox0f8ef70119cb149",
                        "retaincontentalignment": false,
                        "retainflexpositionproperties": false,
                        "snapgridsize": 10,
                        "snaptogrid": true,
                        "wType": "FlexContainer",
                        "widgetalignment": 1,
                        "zindex": 1
                    },
                    "enablescrolling": true,
                    "id": "FBox0f8ef70119cb149",
                    "info": null,
                    "isGeneratedTemplate": true,
                    "isTemplate": true,
                    "iscustomlayout": false,
                    "isvisible": true,
                    "kuid": "h356d17f345d412788fb70fc72960fd4",
                    "layouttype": 2,
                    "name": "kony.ui.FlexContainer",
                    "pf": "FBox0f8ef70119cb149",
                    "retaincontentalignment": false,
                    "retainflexpositionproperties": false,
                    "snapgridsize": 10,
                    "snaptogrid": true,
                    "wType": "FlexContainer",
                    "widgetalignment": 1
                },
                "_top_": {
                    "type": "string",
                    "value": "0dp"
                },
                "_width_": {
                    "type": "string",
                    "value": "100%"
                },
                "autogrowmode": 0,
                "canUpdateUI": true,
                "containerweight": 100,
                "counter": "08",
                "focusedindex": null,
                "focuseditem": null,
                "generatedtemplate": "h356d17f345d412788fb70fc72960fd4",
                "groupcells": false,
                "hasSections": false,
                "id": "employeeSegment",
                "info": null,
                "ipad": {
                    "psp": {
                        "indicator": "rowselect"
                    }
                },
                "iphone": {
                    "psp": {
                        "indicator": "none"
                    }
                },
                "iscustomlayout": false,
                "isvisible": true,
                "kuid": "d83ae33212af45c4b76d7682c9967727",
                "masterdata": {},
                "name": "kony.ui.SegmentedUI2",
                "needpageindicator": true,
                "pageoffdotimage": "pageoffdot.png",
                "pageondotimage": "pageondot.png",
                "paginationconfig": {
                    "position": "bottom"
                },
                "parent": "listContainer",
                "pf": "collection-form",
                "retaincontentalignment": false,
                "retainflexpositionproperties": false,
                "retainselection": false,
                "rowTemplateId": "h356d17f345d412788fb70fc72960fd4",
                "rowcounter": 8,
                "rowfocusskin": "seg0d20f6edea8ae48",
                "rowskin": "seg0e915fad2672f42",
                "rowtemplate": "FBox0f8ef70119cb149",
                "seccounter": 0,
                "sectionheaderskin": "sliPhoneSegmentHeader0j02c6f3591dd4d",
                "selectedRows": null,
                "selectedState": false,
                "selectedindex": null,
                "selectedindices": null,
                "selecteditems": null,
                "selectedsectionindex": 0,
                "selectionbehavior": "default",
                "separatorrequired": false,
                "showscrollbars": false,
                "viewtype": "tableview",
                "vizProps": {
                    "inlineEdit": {
                        "enabled": false
                    }
                },
                "wType": "Segment",
                "widgetalignment": 5,
                "widgetdatamap": {
                    "employeeFieldGroup": "employeeFieldGroup",
                    "employeeFieldName": "employeeFieldName",
                    "employeeFieldTitle": "employeeFieldTitle",
                    "employeeId": "employeeId",
                    "employeeSegFields": "employeeSegFields",
                    "employeeSegImage": "employeeSegImage",
                    "employeeSegLine": "employeeSegLine"
                },
                "zindex": 1
            },
            "enablescrolling": true,
            "id": "listContainer",
            "info": null,
            "iscustomlayout": false,
            "isvisible": true,
            "kuid": "e374df0ed41646bcb13f69566c819771",
            "layouttype": 2,
            "masterType": 1,
            "name": "kony.ui.FlexContainer",
            "parent": "masterContainer",
            "pf": "collection-form",
            "retaincontentalignment": false,
            "retainflexpositionproperties": false,
            "snapgridsize": 10,
            "snaptogrid": true,
            "wType": "FlexContainer",
            "widgetalignment": 1
        },
        "masterType": 1,
        "name": "kony.ui.FlexContainer",
        "parent": "collection-form",
        "pf": "collection-form",
        "retaincontentalignment": false,
        "retainflexpositionproperties": false,
        "snapgridsize": 10,
        "snaptogrid": true,
        "wType": "FlexContainer",
        "widgetalignment": 1
    }
}