{
    "images": [
        "common/logo.png"
    ],
    "screenshotGenerated": true,
    "skinDefs": {
        "CopydefLabel0f286d9e5866048": {
            "android": {
                "font_name": "default"
            },
            "androidwearos": {
                "font_name": "default"
            },
            "background_color": "00000000",
            "bg_type": "one",
            "border_color": "424242ff",
            "border_style": "plain",
            "border_type": 0,
            "border_width": 0,
            "delinkedPltfrms": {
                "androidwear": [],
                "desktop": [
                    "desktopweb"
                ],
                "mobile": [],
                "tablet": [
                    "ipad"
                ],
                "watch": []
            },
            "desktopweb": {
                "font_name": "Helvetica",
                "isForked": true
            },
            "font_color": "333333ff",
            "font_name": "iphoneSystem",
            "font_size": 200,
            "font_style": "normal",
            "font_weight": "normal",
            "id": "se6cd608c9c64dd99f4d7ee45608664d",
            "ipad": {
                "font_name": "System-Bold",
                "isForked": true
            },
            "iphone": {
                "font_name": "System-Bold"
            },
            "isDefaultSkin": false,
            "kiosk": {
                "font_name": "None"
            },
            "kuid": "se6cd608c9c64dd99f4d7ee45608664d",
            "spaan": {
                "font_name": "Helvetica"
            },
            "spaandroidtablet": {
                "font_name": "Helvetica"
            },
            "spabb": {
                "font_name": "Helvetica"
            },
            "spaip": {
                "font_name": "Helvetica"
            },
            "spaipad": {
                "font_name": "Helvetica"
            },
            "spawindowstablet": {
                "font_name": "Helvetica"
            },
            "spawinphone8": {
                "font_name": "Helvetica"
            },
            "tabrcandroid": {
                "font_name": "default"
            },
            "wType": "Label",
            "watchos": {
                "font_name": "System"
            },
            "windows8": {
                "font_name": "None"
            },
            "winphone8": {
                "font_name": "None"
            }
        },
        "CopydefTextBoxNormal0i08ef283e35542": {
            "android": {
                "font_name": "default"
            },
            "androidwearos": {
                "font_name": "default"
            },
            "background_color": "ffffff00",
            "bg_type": "one",
            "border_color": "333333ff",
            "border_style": "plain",
            "border_type": 0,
            "border_width": 0,
            "desktopweb": {
                "font_name": "Helvetica"
            },
            "font_color": "333333ff",
            "font_name": "iphoneSystem",
            "font_size": 107,
            "font_style": "normal",
            "font_weight": "normal",
            "id": "seff32df0f534916957210bc3e451c8c",
            "ipad": {
                "font_name": "System"
            },
            "iphone": {
                "font_name": "System"
            },
            "isDefaultSkin": false,
            "kiosk": {
                "font_name": "None"
            },
            "kuid": "seff32df0f534916957210bc3e451c8c",
            "spaan": {
                "font_name": "Helvetica"
            },
            "spaandroidtablet": {
                "font_name": "Helvetica"
            },
            "spabb": {
                "font_name": "Helvetica"
            },
            "spaip": {
                "font_name": "Helvetica"
            },
            "spaipad": {
                "font_name": "Helvetica"
            },
            "spawindowstablet": {
                "font_name": "Helvetica"
            },
            "spawinphone8": {
                "font_name": "Helvetica"
            },
            "tabrcandroid": {
                "font_name": "default"
            },
            "wType": "TextField",
            "watchos": {
                "font_name": "System"
            },
            "windows8": {
                "font_name": "None"
            },
            "winphone8": {
                "font_name": "None"
            }
        },
        "blueButtonSkin0db0a6837c47f48": {
            "android": {
                "font_name": "default",
                "font_size": 110,
                "isForked": false
            },
            "androidwearos": {
                "font_name": "default",
                "font_size": 110,
                "isForked": false
            },
            "background_color": "2c90d5ff",
            "bg_type": "one",
            "border_color": "2c90d5ff",
            "border_radius": 10,
            "border_style": "custom",
            "border_type": 0,
            "border_width": 1,
            "desktopweb": {
                "font_name": "Helvetica",
                "font_size": 110,
                "isForked": false
            },
            "fontSizeInPx": false,
            "font_color": "ffffffff",
            "font_name": "iphoneSystem",
            "font_size": 110,
            "font_style": "normal",
            "font_weight": "normal",
            "id": "se5401b6c37942e8b932da443daa71de",
            "ipad": {
                "font_name": "System",
                "font_size": 110,
                "isForked": false
            },
            "iphone": {
                "font_name": "System",
                "font_size": 110,
                "isForked": false
            },
            "isDefaultSkin": false,
            "kiosk": {
                "font_name": "None",
                "font_size": 110,
                "isForked": false
            },
            "kuid": "se5401b6c37942e8b932da443daa71de",
            "spaan": {
                "font_name": "Helvetica",
                "font_size": 110,
                "isForked": false
            },
            "spaandroidtablet": {
                "font_name": "Helvetica",
                "font_size": 110,
                "isForked": false
            },
            "spabb": {
                "font_name": "Helvetica",
                "font_size": 110,
                "isForked": false
            },
            "spaip": {
                "font_name": "Helvetica",
                "font_size": 110,
                "isForked": false
            },
            "spaipad": {
                "font_name": "Helvetica",
                "font_size": 110,
                "isForked": false
            },
            "spawindowstablet": {
                "font_name": "Helvetica",
                "font_size": 110,
                "isForked": false
            },
            "spawinphone8": {
                "font_name": "Helvetica",
                "font_size": 110,
                "isForked": false
            },
            "tabrcandroid": {
                "font_name": "default",
                "font_size": 110,
                "isForked": false
            },
            "wType": "Button",
            "watchos": {
                "font_name": "System",
                "font_size": 110,
                "isForked": false
            },
            "windows8": {
                "font_name": "None",
                "font_size": 110,
                "isForked": false
            },
            "winphone8": {
                "font_name": "None",
                "font_size": 110,
                "isForked": false
            }
        },
        "blueButtonSkinFocus0gecb25e110a44e": {
            "android": {
                "font_name": "default",
                "font_size": 110,
                "isForked": false
            },
            "androidwearos": {
                "font_name": "default",
                "font_size": 110,
                "isForked": false
            },
            "background_color": "0b3957ff",
            "bg_type": "one",
            "border_color": "0b3957ff",
            "border_radius": 10,
            "border_style": "custom",
            "border_type": 0,
            "border_width": 1,
            "desktopweb": {
                "font_name": "Helvetica",
                "font_size": 110,
                "isForked": false
            },
            "fontSizeInPx": false,
            "font_color": "ffffffff",
            "font_name": "iphoneSystem",
            "font_size": 110,
            "font_style": "normal",
            "font_weight": "normal",
            "id": "s6655d8c60ab412a903bf785148440b0",
            "ipad": {
                "font_name": "System",
                "font_size": 110,
                "isForked": false
            },
            "iphone": {
                "font_name": "System",
                "font_size": 110,
                "isForked": false
            },
            "isDefaultSkin": false,
            "kiosk": {
                "font_name": "None",
                "font_size": 110,
                "isForked": false
            },
            "kuid": "s6655d8c60ab412a903bf785148440b0",
            "spaan": {
                "font_name": "Helvetica",
                "font_size": 110,
                "isForked": false
            },
            "spaandroidtablet": {
                "font_name": "Helvetica",
                "font_size": 110,
                "isForked": false
            },
            "spabb": {
                "font_name": "Helvetica",
                "font_size": 110,
                "isForked": false
            },
            "spaip": {
                "font_name": "Helvetica",
                "font_size": 110,
                "isForked": false
            },
            "spaipad": {
                "font_name": "Helvetica",
                "font_size": 110,
                "isForked": false
            },
            "spawindowstablet": {
                "font_name": "Helvetica",
                "font_size": 110,
                "isForked": false
            },
            "spawinphone8": {
                "font_name": "Helvetica",
                "font_size": 110,
                "isForked": false
            },
            "tabrcandroid": {
                "font_name": "default",
                "font_size": 110,
                "isForked": false
            },
            "wType": "Button",
            "watchos": {
                "font_name": "System",
                "font_size": 110,
                "isForked": false
            },
            "windows8": {
                "font_name": "None",
                "font_size": 110,
                "isForked": false
            },
            "winphone8": {
                "font_name": "None",
                "font_size": 110,
                "isForked": false
            }
        },
        "defLabel0j2e7031662044c": {
            "android": {
                "font_name": "default"
            },
            "androidwearos": {
                "font_name": "default"
            },
            "background_color": "00000000",
            "bg_type": "one",
            "border_color": "424242ff",
            "border_style": "plain",
            "border_type": 0,
            "border_width": 0,
            "desktopweb": {
                "font_name": "Helvetica"
            },
            "font_color": "333333ff",
            "font_name": "iphoneSystem",
            "font_size": 200,
            "font_style": "normal",
            "font_weight": "normal",
            "id": "s820091003614c829e01e23fce70ba42",
            "ipad": {
                "font_name": "System"
            },
            "iphone": {
                "font_name": "System"
            },
            "isDefaultSkin": false,
            "kiosk": {
                "font_name": "None"
            },
            "kuid": "s820091003614c829e01e23fce70ba42",
            "spaan": {
                "font_name": "Helvetica"
            },
            "spaandroidtablet": {
                "font_name": "Helvetica"
            },
            "spabb": {
                "font_name": "Helvetica"
            },
            "spaip": {
                "font_name": "Helvetica"
            },
            "spaipad": {
                "font_name": "Helvetica"
            },
            "spawindowstablet": {
                "font_name": "Helvetica"
            },
            "spawinphone8": {
                "font_name": "Helvetica"
            },
            "tabrcandroid": {
                "font_name": "default"
            },
            "wType": "Label",
            "watchos": {
                "font_name": "System"
            },
            "windows8": {
                "font_name": "None"
            },
            "winphone8": {
                "font_name": "None"
            }
        },
        "loginFieldSkin0ab87578c75664e": {
            "android": {
                "font_name": "default"
            },
            "androidwearos": {
                "font_name": "default"
            },
            "background_color": "ffffff00",
            "bg_type": "one",
            "border_color": "333333ff",
            "border_style": "plain",
            "border_type": 0,
            "border_width": 0,
            "desktopweb": {
                "font_name": "Helvetica"
            },
            "font_color": "333333ff",
            "font_name": "iphoneSystem",
            "font_size": 107,
            "font_style": "normal",
            "font_weight": "normal",
            "id": "s2cbc4918df440a9b696ae52cbd2cc81",
            "ipad": {
                "font_name": "System"
            },
            "iphone": {
                "font_name": "System"
            },
            "isDefaultSkin": false,
            "kiosk": {
                "font_name": "None"
            },
            "kuid": "s2cbc4918df440a9b696ae52cbd2cc81",
            "spaan": {
                "font_name": "Helvetica"
            },
            "spaandroidtablet": {
                "font_name": "Helvetica"
            },
            "spabb": {
                "font_name": "Helvetica"
            },
            "spaip": {
                "font_name": "Helvetica"
            },
            "spaipad": {
                "font_name": "Helvetica"
            },
            "spawindowstablet": {
                "font_name": "Helvetica"
            },
            "spawinphone8": {
                "font_name": "Helvetica"
            },
            "tabrcandroid": {
                "font_name": "default"
            },
            "wType": "TextField",
            "watchos": {
                "font_name": "System"
            },
            "windows8": {
                "font_name": "None"
            },
            "winphone8": {
                "font_name": "None"
            }
        },
        "loginFieldSkinFocus0i99e09f7191943": {
            "android": {
                "font_name": "default"
            },
            "androidwearos": {
                "font_name": "default"
            },
            "background_color": "ffffff00",
            "bg_type": "one",
            "border_color": "333333ff",
            "border_style": "plain",
            "border_type": 0,
            "border_width": 0,
            "desktopweb": {
                "font_name": "Helvetica"
            },
            "font_color": "333333ff",
            "font_name": "iphoneSystem",
            "font_size": 107,
            "font_style": "normal",
            "font_weight": "normal",
            "id": "sf96aedd4101484cb1cb572c7b05694a",
            "ipad": {
                "font_name": "System"
            },
            "iphone": {
                "font_name": "System"
            },
            "isDefaultSkin": false,
            "kiosk": {
                "font_name": "None"
            },
            "kuid": "sf96aedd4101484cb1cb572c7b05694a",
            "spaan": {
                "font_name": "Helvetica"
            },
            "spaandroidtablet": {
                "font_name": "Helvetica"
            },
            "spabb": {
                "font_name": "Helvetica"
            },
            "spaip": {
                "font_name": "Helvetica"
            },
            "spaipad": {
                "font_name": "Helvetica"
            },
            "spawindowstablet": {
                "font_name": "Helvetica"
            },
            "spawinphone8": {
                "font_name": "Helvetica"
            },
            "tabrcandroid": {
                "font_name": "default"
            },
            "wType": "TextField",
            "watchos": {
                "font_name": "System"
            },
            "windows8": {
                "font_name": "None"
            },
            "winphone8": {
                "font_name": "None"
            }
        },
        "sepLineSkin0a4bf9bbe987649": {
            "android": {
                "font_name": "default"
            },
            "androidwearos": {
                "font_name": "default"
            },
            "background_color": "e3e3e3ff",
            "bg_type": "one",
            "border_color": "000000ff",
            "border_style": "plain",
            "border_type": 0,
            "border_width": 0,
            "desktopweb": {
                "font_name": "Helvetica"
            },
            "id": "s970301d654442aeb2252c3b997d9cac",
            "ipad": {
                "font_name": "System"
            },
            "iphone": {
                "font_name": "System"
            },
            "isDefaultSkin": false,
            "kiosk": {
                "font_name": "None"
            },
            "kuid": "s970301d654442aeb2252c3b997d9cac",
            "spaan": {
                "font_name": "Helvetica"
            },
            "spaandroidtablet": {
                "font_name": "Helvetica"
            },
            "spabb": {
                "font_name": "Helvetica"
            },
            "spaip": {
                "font_name": "Helvetica"
            },
            "spaipad": {
                "font_name": "Helvetica"
            },
            "spawindowstablet": {
                "font_name": "Helvetica"
            },
            "spawinphone8": {
                "font_name": "Helvetica"
            },
            "tabrcandroid": {
                "font_name": "default"
            },
            "wType": "FlexContainer",
            "watchos": {
                "font_name": "System"
            },
            "windows8": {
                "font_name": "None"
            },
            "winphone8": {
                "font_name": "None"
            }
        },
        "slFbox0ec9c2813f54345": {
            "android": {
                "font_name": "default"
            },
            "androidwearos": {
                "font_name": "default"
            },
            "background_color": "00000000",
            "bg_type": "one",
            "border_color": "000000ff",
            "border_style": "plain",
            "border_type": 0,
            "border_width": 0,
            "desktopweb": {
                "font_name": "Helvetica"
            },
            "id": "s6cae89b8fd54b2c8ab1195d470067e2",
            "ipad": {
                "font_name": "System"
            },
            "iphone": {
                "font_name": "System"
            },
            "isDefaultSkin": false,
            "kiosk": {
                "font_name": "None"
            },
            "kuid": "s6cae89b8fd54b2c8ab1195d470067e2",
            "spaan": {
                "font_name": "Helvetica"
            },
            "spaandroidtablet": {
                "font_name": "Helvetica"
            },
            "spabb": {
                "font_name": "Helvetica"
            },
            "spaip": {
                "font_name": "Helvetica"
            },
            "spaipad": {
                "font_name": "Helvetica"
            },
            "spawindowstablet": {
                "font_name": "Helvetica"
            },
            "spawinphone8": {
                "font_name": "Helvetica"
            },
            "tabrcandroid": {
                "font_name": "default"
            },
            "wType": "FlexContainer",
            "watchos": {
                "font_name": "System"
            },
            "windows8": {
                "font_name": "None"
            },
            "winphone8": {
                "font_name": "None"
            }
        },
        "slImage0c51380f264a446": {
            "android": {
                "font_name": "default"
            },
            "androidwearos": {
                "font_name": "default"
            },
            "background_color": "00000000",
            "bg_type": "one",
            "border_color": "000000ff",
            "border_style": "plain",
            "border_type": 0,
            "border_width": 0,
            "desktopweb": {
                "font_name": "Helvetica"
            },
            "font_color": "000000ff",
            "font_name": "Helvetica",
            "font_size": 156,
            "font_style": "normal",
            "font_weight": "normal",
            "id": "s5d344151d91404d87723b3f80bdd8fb",
            "ipad": {
                "font_name": "System"
            },
            "iphone": {
                "font_name": "System"
            },
            "isDefaultSkin": false,
            "kiosk": {
                "font_name": "None"
            },
            "kuid": "s5d344151d91404d87723b3f80bdd8fb",
            "spaan": {
                "font_name": "Helvetica"
            },
            "spaandroidtablet": {
                "font_name": "Helvetica"
            },
            "spabb": {
                "font_name": "Helvetica"
            },
            "spaip": {
                "font_name": "Helvetica"
            },
            "spaipad": {
                "font_name": "Helvetica"
            },
            "spawindowstablet": {
                "font_name": "Helvetica"
            },
            "spawinphone8": {
                "font_name": "Helvetica"
            },
            "tabrcandroid": {
                "font_name": "default"
            },
            "wType": "Image",
            "watchos": {
                "font_name": "System"
            },
            "windows8": {
                "font_name": "None"
            },
            "winphone8": {
                "font_name": "None"
            }
        },
        "whiteContainerSkin0hec40e0516bf41": {
            "android": {
                "font_name": "default"
            },
            "androidwearos": {
                "font_name": "default"
            },
            "background_color": "ffffffff",
            "bg_type": "one",
            "border_color": "000000ff",
            "border_style": "plain",
            "border_type": 0,
            "border_width": 0,
            "desktopweb": {
                "font_name": "Helvetica"
            },
            "id": "s20f0c9aada74daaaaab676a5caf5b7f",
            "ipad": {
                "font_name": "System"
            },
            "iphone": {
                "font_name": "System"
            },
            "isDefaultSkin": false,
            "kiosk": {
                "font_name": "None"
            },
            "kuid": "s20f0c9aada74daaaaab676a5caf5b7f",
            "spaan": {
                "font_name": "Helvetica"
            },
            "spaandroidtablet": {
                "font_name": "Helvetica"
            },
            "spabb": {
                "font_name": "Helvetica"
            },
            "spaip": {
                "font_name": "Helvetica"
            },
            "spaipad": {
                "font_name": "Helvetica"
            },
            "spawindowstablet": {
                "font_name": "Helvetica"
            },
            "spawinphone8": {
                "font_name": "Helvetica"
            },
            "tabrcandroid": {
                "font_name": "default"
            },
            "wType": "FlexContainer",
            "watchos": {
                "font_name": "System"
            },
            "windows8": {
                "font_name": "None"
            },
            "winphone8": {
                "font_name": "None"
            }
        }
    },
    "sourceChannel": "mobile",
    "templateDef": {
        "DNDConfig": null,
        "__parentReadjusting__": false,
        "_height_": {
            "type": "string",
            "value": "100%"
        },
        "_left_": {
            "type": "string",
            "value": "0dp"
        },
        "_margin_": [
            0,
            0,
            0,
            0
        ],
        "_orientation_": 6,
        "_padding_": [
            0,
            0,
            0,
            0
        ],
        "_percent_": true,
        "_skin_": "whiteContainerSkin0hec40e0516bf41",
        "_top_": {
            "type": "string",
            "value": "0dp"
        },
        "_width_": {
            "type": "string",
            "value": "100%"
        },
        "allboxes": [],
        "autogrowmode": 0,
        "canUpdateUI": true,
        "children": [
            "paddingContainer"
        ],
        "clipbounds": true,
        "containerweight": 100,
        "enablescrolling": true,
        "id": "masterContainer",
        "info": null,
        "iscustomlayout": false,
        "isvisible": true,
        "kuid": "gd60f555e1144d5fb9b26920505e2bb1",
        "layouttype": 2,
        "masterType": 1,
        "name": "kony.ui.FlexContainer",
        "paddingContainer": {
            "DNDConfig": null,
            "__parentReadjusting__": false,
            "_height_": {
                "type": "string",
                "value": "100%"
            },
            "_left_": {
                "type": "string",
                "value": "40dp"
            },
            "_margin_": [
                0,
                0,
                0,
                0
            ],
            "_orientation_": 6,
            "_padding_": [
                0,
                0,
                0,
                0
            ],
            "_percent_": true,
            "_right_": {
                "type": "number",
                "value": "40"
            },
            "_skin_": "slFbox0ec9c2813f54345",
            "_top_": {
                "type": "string",
                "value": "0dp"
            },
            "allboxes": [],
            "autogrowmode": 0,
            "canUpdateUI": true,
            "children": [
                "companyLogoImage",
                "loginTitleContainer",
                "usernameFieldContainer",
                "passwordFIeldContainer",
                "loginButton"
            ],
            "clipbounds": true,
            "companyLogoImage": {
                "@class": "com.kony.gen.viz.model.component.KVizImage2",
                "DNDConfig": null,
                "__parentReadjusting__": false,
                "_base64_": null,
                "_height_": {
                    "type": "string",
                    "value": "123dp"
                },
                "_left_": {
                    "type": "string",
                    "value": "100dp"
                },
                "_margin_": [
                    0,
                    0,
                    0,
                    0
                ],
                "_padding_": [
                    0,
                    0,
                    0,
                    0
                ],
                "_skin_": "slImage0c51380f264a446",
                "_src_": "logo.png",
                "_top_": {
                    "type": "string",
                    "value": "37dp"
                },
                "_width_": {
                    "type": "string",
                    "value": "123dp"
                },
                "canUpdateUI": true,
                "centerx": {
                    "type": "string",
                    "value": "50.00%"
                },
                "containerweight": 100,
                "context": {
                    "channel": "mobile",
                    "platform": "iphone",
                    "templateType": "forms"
                },
                "id": "companyLogoImage",
                "imagescalemode": 1,
                "info": null,
                "iscustomlayout": false,
                "isvisible": true,
                "kuid": "d99dbab797c946ebaf71b357ed3daae2",
                "name": "kony.ui.Image2",
                "parent": "paddingContainer",
                "pf": "collection-form",
                "retaincontentalignment": false,
                "retainflexpositionproperties": false,
                "srcType": 1,
                "wType": "Image",
                "widgetalignment": 5,
                "zindex": 1
            },
            "containerweight": 100,
            "enablescrolling": true,
            "id": "paddingContainer",
            "info": null,
            "iscustomlayout": false,
            "isvisible": true,
            "kuid": "e1e998806041421297d253fa0d7ad419",
            "layouttype": 4,
            "loginButton": {
                "@class": "com.kony.gen.viz.model.component.KVizButton",
                "DNDConfig": null,
                "__parentReadjusting__": false,
                "_height_": {
                    "type": "string",
                    "value": "50dp"
                },
                "_left_": {
                    "type": "string",
                    "value": "0dp"
                },
                "_margin_": [
                    6,
                    6,
                    6,
                    6
                ],
                "_padding_": [
                    0,
                    0,
                    0,
                    0
                ],
                "_right_": {
                    "type": "number",
                    "value": "0"
                },
                "_skin_": "blueButtonSkin0db0a6837c47f48",
                "_text_": "Login",
                "_top_": {
                    "type": "string",
                    "value": "37dp"
                },
                "_width_": {
                    "type": "string",
                    "value": "100%"
                },
                "canUpdateUI": true,
                "containerweight": 100,
                "contentalignment": 5,
                "displaytext": true,
                "focusskin": "blueButtonSkinFocus0gecb25e110a44e",
                "id": "loginButton",
                "info": null,
                "iscustomlayout": false,
                "isvisible": true,
                "kuid": "fd40e366b8514bb082c3988389e8a441",
                "name": "kony.ui.Button",
                "parent": "paddingContainer",
                "pf": "collection-form",
                "retaincontentalignment": false,
                "retainflexpositionproperties": false,
                "wType": "Button",
                "zindex": 1
            },
            "loginTitleContainer": {
                "DNDConfig": null,
                "__parentReadjusting__": false,
                "_height_": {
                    "type": "string",
                    "value": "33dp"
                },
                "_left_": {
                    "type": "string",
                    "value": "0dp"
                },
                "_margin_": [
                    0,
                    0,
                    0,
                    0
                ],
                "_orientation_": 6,
                "_padding_": [
                    0,
                    0,
                    0,
                    0
                ],
                "_percent_": true,
                "_right_": {
                    "type": "number",
                    "value": "0"
                },
                "_skin_": "slFbox0ec9c2813f54345",
                "_top_": {
                    "type": "string",
                    "value": "13dp"
                },
                "allboxes": [],
                "autogrowmode": 0,
                "canUpdateUI": true,
                "centerx": {
                    "type": "string",
                    "value": "50%"
                },
                "children": [
                    "loginTitleEmployee",
                    "loginTitleDirectory"
                ],
                "clipbounds": true,
                "containerweight": 100,
                "enablescrolling": true,
                "id": "loginTitleContainer",
                "info": null,
                "iscustomlayout": false,
                "isvisible": true,
                "kuid": "e7237d09b030431d85990fb036818a5c",
                "layouttype": 2,
                "loginTitleDirectory": {
                    "@class": "com.kony.gen.viz.model.component.KVizLabel",
                    "DNDConfig": null,
                    "__parentReadjusting__": false,
                    "_height_": {
                        "type": "ref",
                        "value": "preferred"
                    },
                    "_left_": {
                        "type": "string",
                        "value": "51.50%"
                    },
                    "_margin_": [
                        1,
                        1,
                        1,
                        1
                    ],
                    "_padding_": [
                        0,
                        0,
                        0,
                        0
                    ],
                    "_right_": {
                        "type": "string",
                        "value": "0%"
                    },
                    "_skin_": "defLabel0j2e7031662044c",
                    "_text_": "Directory",
                    "_top_": {
                        "type": "string",
                        "value": "0dp"
                    },
                    "_width_": {
                        "type": "ref",
                        "value": "preferred"
                    },
                    "_wrapping_": 2,
                    "android": {
                        "textStyle": {
                            "letterSpacing": 0,
                            "strikeThrough": false
                        }
                    },
                    "canUpdateUI": true,
                    "containerweight": 100,
                    "contentalignment": 4,
                    "id": "loginTitleDirectory",
                    "info": null,
                    "ipad": {
                        "psp": {
                            "wrapping": 2
                        }
                    },
                    "iphone": {
                        "psp": {
                            "wrapping": 2
                        }
                    },
                    "iscustomlayout": false,
                    "isvisible": true,
                    "kuid": "c63c54df0fac4a05bbab38130be700a9",
                    "name": "kony.ui.Label",
                    "parent": "loginTitleContainer",
                    "pf": "collection-form",
                    "retaincontentalignment": false,
                    "retainflexpositionproperties": false,
                    "textstyle": {},
                    "tooltip": "",
                    "wType": "Label",
                    "zindex": 1
                },
                "loginTitleEmployee": {
                    "@class": "com.kony.gen.viz.model.component.KVizLabel",
                    "DNDConfig": null,
                    "__parentReadjusting__": false,
                    "_height_": {
                        "type": "ref",
                        "value": "preferred"
                    },
                    "_left_": {
                        "type": "number",
                        "value": "0"
                    },
                    "_margin_": [
                        1,
                        1,
                        1,
                        1
                    ],
                    "_padding_": [
                        0,
                        0,
                        0,
                        0
                    ],
                    "_right_": {
                        "type": "string",
                        "value": "49.50%"
                    },
                    "_skin_": "CopydefLabel0f286d9e5866048",
                    "_text_": "Employee",
                    "_top_": {
                        "type": "string",
                        "value": "0dp"
                    },
                    "_width_": {
                        "type": "ref",
                        "value": "preferred"
                    },
                    "_wrapping_": 2,
                    "android": {
                        "textStyle": {
                            "letterSpacing": 0,
                            "strikeThrough": false
                        }
                    },
                    "canUpdateUI": true,
                    "containerweight": 100,
                    "contentalignment": 6,
                    "id": "loginTitleEmployee",
                    "info": null,
                    "ipad": {
                        "psp": {
                            "wrapping": 2
                        }
                    },
                    "iphone": {
                        "psp": {
                            "wrapping": 2
                        }
                    },
                    "iscustomlayout": false,
                    "isvisible": true,
                    "kuid": "f820a47e28e2460ca2ce3c5597f3cf67",
                    "name": "kony.ui.Label",
                    "parent": "loginTitleContainer",
                    "pf": "collection-form",
                    "retaincontentalignment": false,
                    "retainflexpositionproperties": false,
                    "textstyle": {},
                    "tooltip": "",
                    "wType": "Label",
                    "zindex": 1
                },
                "name": "kony.ui.FlexContainer",
                "parent": "paddingContainer",
                "pf": "collection-form",
                "retaincontentalignment": false,
                "retainflexpositionproperties": false,
                "snapgridsize": 10,
                "snaptogrid": true,
                "wType": "FlexContainer",
                "widgetalignment": 1,
                "zindex": 1
            },
            "masterType": 1,
            "name": "kony.ui.FlexContainer",
            "parent": "masterContainer",
            "passwordFIeldContainer": {
                "DNDConfig": null,
                "__parentReadjusting__": false,
                "_height_": {
                    "type": "string",
                    "value": "53dp"
                },
                "_left_": {
                    "type": "string",
                    "value": "0dp"
                },
                "_margin_": [
                    0,
                    0,
                    0,
                    0
                ],
                "_orientation_": 6,
                "_padding_": [
                    0,
                    0,
                    0,
                    0
                ],
                "_percent_": true,
                "_right_": {
                    "type": "number",
                    "value": "0"
                },
                "_skin_": "slFbox0ec9c2813f54345",
                "_top_": {
                    "type": "string",
                    "value": "3.8999999999999986%"
                },
                "allboxes": [],
                "autogrowmode": 0,
                "canUpdateUI": true,
                "children": [
                    "passwordLine",
                    "passwordTextbox"
                ],
                "clipbounds": true,
                "containerweight": 100,
                "enablescrolling": true,
                "id": "passwordFIeldContainer",
                "info": null,
                "iscustomlayout": false,
                "isvisible": true,
                "kuid": "ee3530b3048f45f69bf05899367abedb",
                "layouttype": 2,
                "name": "kony.ui.FlexContainer",
                "parent": "paddingContainer",
                "passwordLine": {
                    "DNDConfig": null,
                    "__parentReadjusting__": false,
                    "_bottom_": {
                        "type": "number",
                        "value": "0"
                    },
                    "_height_": {
                        "type": "string",
                        "value": "1dp"
                    },
                    "_left_": {
                        "type": "string",
                        "value": "0dp"
                    },
                    "_margin_": [
                        0,
                        0,
                        0,
                        0
                    ],
                    "_orientation_": 6,
                    "_padding_": [
                        0,
                        0,
                        0,
                        0
                    ],
                    "_percent_": true,
                    "_right_": {
                        "type": "number",
                        "value": "20"
                    },
                    "_skin_": "sepLineSkin0a4bf9bbe987649",
                    "_width_": {
                        "type": "string",
                        "value": "100%"
                    },
                    "allboxes": [],
                    "autogrowmode": 0,
                    "canUpdateUI": true,
                    "children": [],
                    "clipbounds": true,
                    "containerweight": 100,
                    "enablescrolling": true,
                    "id": "passwordLine",
                    "info": null,
                    "iscustomlayout": false,
                    "isvisible": true,
                    "kuid": "g3d1f00439104d468b326b533c1291e7",
                    "layouttype": 2,
                    "name": "kony.ui.FlexContainer",
                    "parent": "passwordFIeldContainer",
                    "pf": "collection-form",
                    "retaincontentalignment": false,
                    "retainflexpositionproperties": false,
                    "snapgridsize": 10,
                    "snaptogrid": true,
                    "wType": "FlexContainer",
                    "widgetalignment": 1,
                    "zindex": 1
                },
                "passwordTextbox": {
                    "@class": "com.kony.gen.viz.model.component.KVizTextBox2",
                    "DNDConfig": null,
                    "__parentReadjusting__": false,
                    "_height_": {
                        "type": "string",
                        "value": "100%"
                    },
                    "_left_": {
                        "type": "string",
                        "value": "0dp"
                    },
                    "_margin_": [
                        0,
                        0,
                        0,
                        0
                    ],
                    "_padding_": [
                        3,
                        0,
                        0,
                        0
                    ],
                    "_placeholder_": "Password",
                    "_skin_": "loginFieldSkin0ab87578c75664e",
                    "_text_": "",
                    "_top_": {
                        "type": "string",
                        "value": "0dp"
                    },
                    "_width_": {
                        "type": "string",
                        "value": "100%"
                    },
                    "autocapitalize": "none",
                    "autocomplete": false,
                    "autocorrect": false,
                    "autofilter": false,
                    "canUpdateUI": true,
                    "containerheight": "",
                    "containerheightmode": 1,
                    "containerweight": 100,
                    "contentalignment": 4,
                    "focusskin": "CopydefTextBoxNormal0i08ef283e35542",
                    "id": "passwordTextbox",
                    "info": null,
                    "iphone": {},
                    "iscustomlayout": false,
                    "isvisible": true,
                    "keyboardtype": "A",
                    "kuid": "d866e3e5b43f4c1db9bda5d2b96b5da5",
                    "mode": "A",
                    "name": "kony.ui.TextBox2",
                    "parent": "passwordFIeldContainer",
                    "pf": "collection-form",
                    "placeholderskin": "s7d84534170d4c9b814be657bf008b3a",
                    "retaincontentalignment": false,
                    "retainflexpositionproperties": false,
                    "securetextentry": true,
                    "textinputmode": "A",
                    "tooltip": "",
                    "viewtype": "default",
                    "wType": "TextField",
                    "zindex": 1
                },
                "pf": "collection-form",
                "retaincontentalignment": false,
                "retainflexpositionproperties": false,
                "snapgridsize": 10,
                "snaptogrid": true,
                "wType": "FlexContainer",
                "widgetalignment": 1,
                "zindex": 1
            },
            "pf": "collection-form",
            "retaincontentalignment": false,
            "retainflexpositionproperties": false,
            "snapgridsize": 10,
            "snaptogrid": true,
            "usernameFieldContainer": {
                "DNDConfig": null,
                "__parentReadjusting__": false,
                "_height_": {
                    "type": "string",
                    "value": "53dp"
                },
                "_left_": {
                    "type": "string",
                    "value": "0dp"
                },
                "_margin_": [
                    0,
                    0,
                    0,
                    0
                ],
                "_orientation_": 6,
                "_padding_": [
                    0,
                    0,
                    0,
                    0
                ],
                "_percent_": true,
                "_right_": {
                    "type": "number",
                    "value": "0"
                },
                "_skin_": "slFbox0ec9c2813f54345",
                "_top_": {
                    "type": "string",
                    "value": "10.560000000000002%"
                },
                "allboxes": [],
                "autogrowmode": 0,
                "canUpdateUI": true,
                "children": [
                    "usernameLine",
                    "usernameTextbox"
                ],
                "clipbounds": true,
                "containerweight": 100,
                "enablescrolling": true,
                "id": "usernameFieldContainer",
                "info": null,
                "iscustomlayout": false,
                "isvisible": true,
                "kuid": "gea848e0307240f78b0874edc1f7ad70",
                "layouttype": 2,
                "name": "kony.ui.FlexContainer",
                "parent": "paddingContainer",
                "pf": "collection-form",
                "retaincontentalignment": false,
                "retainflexpositionproperties": false,
                "snapgridsize": 10,
                "snaptogrid": true,
                "usernameLine": {
                    "DNDConfig": null,
                    "__parentReadjusting__": false,
                    "_bottom_": {
                        "type": "number",
                        "value": "0"
                    },
                    "_height_": {
                        "type": "string",
                        "value": "1dp"
                    },
                    "_left_": {
                        "type": "string",
                        "value": "0dp"
                    },
                    "_margin_": [
                        0,
                        0,
                        0,
                        0
                    ],
                    "_orientation_": 6,
                    "_padding_": [
                        0,
                        0,
                        0,
                        0
                    ],
                    "_percent_": true,
                    "_right_": {
                        "type": "number",
                        "value": "20"
                    },
                    "_skin_": "sepLineSkin0a4bf9bbe987649",
                    "_width_": {
                        "type": "string",
                        "value": "100%"
                    },
                    "allboxes": [],
                    "autogrowmode": 0,
                    "canUpdateUI": true,
                    "children": [],
                    "clipbounds": true,
                    "containerweight": 100,
                    "enablescrolling": true,
                    "id": "usernameLine",
                    "info": null,
                    "iscustomlayout": false,
                    "isvisible": true,
                    "kuid": "aef084c5812241d1875ae2c2afb9b6c2",
                    "layouttype": 2,
                    "name": "kony.ui.FlexContainer",
                    "parent": "usernameFieldContainer",
                    "pf": "collection-form",
                    "retaincontentalignment": false,
                    "retainflexpositionproperties": false,
                    "snapgridsize": 10,
                    "snaptogrid": true,
                    "wType": "FlexContainer",
                    "widgetalignment": 1,
                    "zindex": 1
                },
                "usernameTextbox": {
                    "@class": "com.kony.gen.viz.model.component.KVizTextBox2",
                    "DNDConfig": null,
                    "__parentReadjusting__": false,
                    "_height_": {
                        "type": "string",
                        "value": "100%"
                    },
                    "_left_": {
                        "type": "string",
                        "value": "0dp"
                    },
                    "_margin_": [
                        0,
                        0,
                        0,
                        0
                    ],
                    "_padding_": [
                        3,
                        0,
                        0,
                        0
                    ],
                    "_placeholder_": "Username",
                    "_skin_": "loginFieldSkin0ab87578c75664e",
                    "_text_": "",
                    "_top_": {
                        "type": "string",
                        "value": "0dp"
                    },
                    "_width_": {
                        "type": "string",
                        "value": "100%"
                    },
                    "autocapitalize": "none",
                    "autocomplete": false,
                    "autocorrect": false,
                    "autofilter": false,
                    "canUpdateUI": true,
                    "containerheight": "",
                    "containerheightmode": 1,
                    "containerweight": 100,
                    "contentalignment": 4,
                    "focusskin": "loginFieldSkinFocus0i99e09f7191943",
                    "id": "usernameTextbox",
                    "info": null,
                    "iphone": {},
                    "iscustomlayout": false,
                    "isvisible": true,
                    "keyboardtype": "A",
                    "kuid": "fc76222221e04770a7fa50c6b84c353f",
                    "mode": "A",
                    "name": "kony.ui.TextBox2",
                    "parent": "usernameFieldContainer",
                    "pf": "collection-form",
                    "placeholderskin": "s7d84534170d4c9b814be657bf008b3a",
                    "retaincontentalignment": false,
                    "retainflexpositionproperties": false,
                    "securetextentry": false,
                    "textinputmode": "A",
                    "tooltip": "",
                    "viewtype": "default",
                    "wType": "TextField",
                    "zindex": 1
                },
                "wType": "FlexContainer",
                "widgetalignment": 1,
                "zindex": 1
            },
            "wType": "FlexContainer",
            "widgetalignment": 1
        },
        "parent": "collection-form",
        "pf": "collection-form",
        "retaincontentalignment": false,
        "retainflexpositionproperties": false,
        "snapgridsize": 10,
        "snaptogrid": true,
        "wType": "FlexContainer",
        "widgetalignment": 1,
        "zindex": 1
    }
}