{
    "@class": "com.kony.gen.viz.model.component.KVizButton",
    "DNDConfig": null,
    "__parentReadjusting__": false,
    "_height_": {
        "type": "string",
        "value": "100%"
    },
    "_margin_": [
        6,
        6,
        6,
        6
    ],
    "_padding_": [
        0,
        0,
        0,
        0
    ],
    "_right_": {
        "type": "number",
        "value": "0"
    },
    "_skin_": "s36db985b3ed4185826b3e79242d5d4c",
    "_text_": "Button",
    "_top_": {
        "type": "string",
        "value": "0dp"
    },
    "_width_": {
        "type": "string",
        "value": "56dp"
    },
    "canUpdateUI": true,
    "containerweight": 100,
    "contentalignment": 5,
    "displaytext": false,
    "focusskin": "s36db985b3ed4185826b3e79242d5d4c",
    "id": "headerLogoutButton",
    "info": null,
    "iscustomlayout": false,
    "isvisible": true,
    "kuid": "bf1fc31a5ec646abab5f2b062c84c110",
    "name": "kony.ui.Button",
    "onclick": "AS_Button_c3c22fb1a3a147678f7dc74a1ce1fee8",
    "parent": "headerContainer",
    "pf": "frmList",
    "retaincontentalignment": false,
    "retainflexpositionproperties": false,
    "wType": "Button",
    "zindex": 1
}