{
    "@class": "com.kony.gen.viz.model.component.KVizImage2",
    "DNDConfig": null,
    "__parentReadjusting__": false,
    "_base64_": null,
    "_height_": {
        "type": "string",
        "value": "96dp"
    },
    "_left_": {
        "type": "string",
        "value": "14dp"
    },
    "_margin_": [
        0,
        0,
        0,
        0
    ],
    "_padding_": [
        0,
        0,
        0,
        0
    ],
    "_skin_": "s9157b99890d465bad3e49792d1c0145",
    "_src_": "imagedrag.png",
    "_width_": {
        "type": "string",
        "value": "96dp"
    },
    "canUpdateUI": true,
    "centery": {
        "type": "string",
        "value": "50%"
    },
    "containerId": true,
    "containerweight": 100,
    "context": {
        "channel": "desktop",
        "formID": "FBox0ef65618e166341",
        "templateType": "segments",
        "topLevelBox": null
    },
    "id": "employeeSegImage",
    "imagescalemode": 1,
    "info": null,
    "iscustomlayout": false,
    "isvisible": true,
    "kuid": "dff3ea8eac874d1ca7b9c42e60252ec2",
    "name": "kony.ui.Image2",
    "parent": "FBox0ef65618e166341",
    "pf": "FBox0ef65618e166341",
    "retaincontentalignment": false,
    "retainflexpositionproperties": false,
    "srcType": 1,
    "wType": "Image",
    "widgetalignment": 5,
    "zindex": 1
}