{
    "DNDConfig": null,
    "__parentReadjusting__": false,
    "_bottom_": {
        "type": "number",
        "value": "0"
    },
    "_height_": {
        "type": "string",
        "value": "1dp"
    },
    "_left_": {
        "type": "string",
        "value": "20dp"
    },
    "_margin_": [
        0,
        0,
        0,
        0
    ],
    "_orientation_": 6,
    "_padding_": [
        0,
        0,
        0,
        0
    ],
    "_percent_": true,
    "_right_": {
        "type": "number",
        "value": "20"
    },
    "_skin_": "s9c07dd922c5412ebe446706c4dfb6fb",
    "allboxes": [],
    "autogrowmode": 0,
    "canUpdateUI": true,
    "children": [],
    "clipbounds": true,
    "containerId": true,
    "containerweight": 100,
    "enablescrolling": true,
    "id": "employeeSegLine",
    "info": null,
    "iscustomlayout": false,
    "isvisible": true,
    "kuid": "c2447136c54f4979bf083435caf66f85",
    "layouttype": 2,
    "name": "kony.ui.FlexContainer",
    "parent": "FBox0f8ef70119cb149",
    "pf": "FBox0f8ef70119cb149",
    "retaincontentalignment": false,
    "retainflexpositionproperties": false,
    "snapgridsize": 10,
    "snaptogrid": true,
    "wType": "FlexContainer",
    "widgetalignment": 1,
    "zindex": 1
}