{
    "@class": "com.kony.gen.viz.model.component.KVizImage2",
    "DNDConfig": null,
    "__parentReadjusting__": false,
    "_base64_": null,
    "_height_": {
        "type": "string",
        "value": "93dp"
    },
    "_left_": {
        "type": "string",
        "value": "14dp"
    },
    "_margin_": [
        0,
        0,
        0,
        0
    ],
    "_padding_": [
        0,
        0,
        0,
        0
    ],
    "_skin_": "se90e4e929834633b4a7a7022302a16d",
    "_src_": "imagedrag.png",
    "_top_": {
        "type": "string",
        "value": "7dp"
    },
    "_width_": {
        "type": "string",
        "value": "96dp"
    },
    "canUpdateUI": true,
    "centery": {
        "type": "string",
        "value": "50%"
    },
    "containerId": true,
    "containerweight": 100,
    "context": {
        "channel": "mobile",
        "formID": "FBox0f8ef70119cb149",
        "templateType": "segments",
        "topLevelBox": null
    },
    "id": "employeeSegImage",
    "imagescalemode": 1,
    "info": null,
    "iscustomlayout": false,
    "isvisible": true,
    "kuid": "ed74486616f14441b49aab201e1d1988",
    "name": "kony.ui.Image2",
    "parent": "FBox0f8ef70119cb149",
    "pf": "FBox0f8ef70119cb149",
    "retaincontentalignment": false,
    "retainflexpositionproperties": false,
    "srcType": 1,
    "wType": "Image",
    "widgetalignment": 5,
    "zindex": 1
}