{
    "images": [
        "common/logouticon_2.png",
        "common/backicon_1.png",
        "common/image1_1.png",
        "fonts/iPhone/OpenSans-Bold.ttf",
        "fonts/Android/OpenSans-Bold.ttf",
        "fonts/iPhone/OpenSans-Regular.ttf",
        "fonts/Android/OpenSans-Regular.ttf",
        "fonts/iPhone/OpenSans-Regular.ttf",
        "fonts/Android/OpenSans-Regular.ttf"
    ],
    "screenshotGenerated": true,
    "skinDefs": {
        "CopydefLabel0c122deae3ef344": {
            "android": {
                "font_name": "default",
                "font_size": 110,
                "isForked": false
            },
            "androidwearos": {
                "font_name": "default",
                "font_size": 110,
                "isForked": false
            },
            "background_color": "00000000",
            "bg_type": "one",
            "border_color": "424242ff",
            "border_style": "plain",
            "border_type": 0,
            "border_width": 0,
            "desktopweb": {
                "font_name": "Helvetica",
                "font_size": 110,
                "isForked": false
            },
            "fontSizeInPx": false,
            "font_color": "333333ff",
            "font_name": "iphoneSystem",
            "font_size": 110,
            "font_style": "normal",
            "font_weight": "bold",
            "id": "s21ce9b2be6648658ae24b23979fb8d3",
            "ipad": {
                "font_name": "System-Bold",
                "font_size": 110,
                "isForked": false
            },
            "iphone": {
                "font_name": "System-Bold",
                "font_size": 110,
                "isForked": false
            },
            "isDefaultSkin": false,
            "kiosk": {
                "font_name": "None",
                "font_size": 110,
                "isForked": false
            },
            "kuid": "s21ce9b2be6648658ae24b23979fb8d3",
            "spaan": {
                "font_name": "Helvetica",
                "font_size": 110,
                "isForked": false
            },
            "spaandroidtablet": {
                "font_name": "Helvetica",
                "font_size": 110,
                "isForked": false
            },
            "spabb": {
                "font_name": "Helvetica",
                "font_size": 110,
                "isForked": false
            },
            "spaip": {
                "font_name": "Helvetica",
                "font_size": 110,
                "isForked": false
            },
            "spaipad": {
                "font_name": "Helvetica",
                "font_size": 110,
                "isForked": false
            },
            "spawindowstablet": {
                "font_name": "Helvetica",
                "font_size": 110,
                "isForked": false
            },
            "spawinphone8": {
                "font_name": "Helvetica",
                "font_size": 110,
                "isForked": false
            },
            "tabrcandroid": {
                "font_name": "default",
                "font_size": 110,
                "isForked": false
            },
            "wType": "Label",
            "watchos": {
                "font_name": "System",
                "font_size": 110,
                "isForked": false
            },
            "windows8": {
                "font_name": "None",
                "font_size": 110,
                "isForked": false
            },
            "winphone8": {
                "font_name": "None",
                "font_size": 110,
                "isForked": false
            }
        },
        "CopydefLabel0d2d3fbb9a09443": {
            "android": {
                "font_name": "OpenSans-Regular",
                "font_size": 64,
                "isForked": false
            },
            "androidwearos": {
                "font_name": "default",
                "font_size": 129,
                "isForked": false
            },
            "background_color": "00000000",
            "bg_type": "one",
            "border_color": "424242ff",
            "border_style": "plain",
            "border_type": 0,
            "border_width": 0,
            "delinkedPltfrms": {
                "androidwear": [],
                "desktop": [
                    "desktopweb"
                ],
                "mobile": [
                    "iphone"
                ],
                "tablet": [
                    "ipad"
                ],
                "watch": []
            },
            "desktopweb": {
                "font_name": "Helvetica",
                "font_size": 113,
                "isForked": true
            },
            "fontSizeInPx": true,
            "font_color": "333333ff",
            "font_name": "iphoneSystem",
            "font_size": 64,
            "font_style": "normal",
            "font_weight": "normal",
            "id": "s6b75fc5e0134fb19680df1eb3b81079",
            "ipad": {
                "font_name": "System",
                "font_size": 79,
                "isForked": true
            },
            "iphone": {
                "font_name": "OpenSans-Regular",
                "font_size": 81,
                "isForked": true
            },
            "isDefaultSkin": false,
            "kiosk": {
                "font_name": "None",
                "font_size": 225,
                "isForked": false
            },
            "kuid": "s6b75fc5e0134fb19680df1eb3b81079",
            "spaan": {
                "font_name": "Helvetica",
                "font_size": 60,
                "isForked": false
            },
            "spaandroidtablet": {
                "font_name": "Helvetica",
                "font_size": 50,
                "isForked": false
            },
            "spabb": {
                "font_name": "Helvetica",
                "font_size": 75,
                "isForked": false
            },
            "spaip": {
                "font_name": "Helvetica",
                "font_size": 75,
                "isForked": false
            },
            "spaipad": {
                "font_name": "Helvetica",
                "font_size": 53,
                "isForked": false
            },
            "spawindowstablet": {
                "font_name": "Helvetica",
                "font_size": 53,
                "isForked": false
            },
            "spawinphone8": {
                "font_name": "Helvetica",
                "font_size": 75,
                "isForked": false
            },
            "tabrcandroid": {
                "font_name": "default",
                "font_size": 213,
                "isForked": false
            },
            "wType": "Label",
            "watchos": {
                "font_name": "System",
                "font_size": 129,
                "isForked": false
            },
            "windows8": {
                "font_name": "None",
                "font_size": 88,
                "isForked": false
            },
            "winphone8": {
                "font_name": "None",
                "font_size": 120,
                "isForked": false
            }
        },
        "CopydefLabel0ic0ea0ce1fc748": {
            "android": {
                "font_name": "OpenSans-Bold",
                "font_size": 68,
                "isForked": true
            },
            "androidwearos": {
                "font_name": "default",
                "font_size": 136,
                "isForked": true
            },
            "background_color": "00000000",
            "bg_type": "one",
            "border_color": "424242ff",
            "border_style": "plain",
            "border_type": 0,
            "border_width": 0,
            "delinkedPltfrms": {
                "androidwear": [],
                "desktop": [
                    "desktopweb"
                ],
                "mobile": [
                    "iphone"
                ],
                "tablet": [
                    "ipad"
                ],
                "watch": []
            },
            "desktopweb": {
                "font_name": "Helvetica",
                "font_size": 125,
                "font_weight": "bold",
                "isForked": true
            },
            "fontSizeInPx": true,
            "font_color": "333333ff",
            "font_name": "iphoneSystem",
            "font_size": 105,
            "font_style": "normal",
            "font_weight": "normal",
            "id": "s7ffb61065d740eeb6ab1bb259097b3c",
            "ipad": {
                "font_name": "System",
                "font_size": 114,
                "isForked": true
            },
            "iphone": {
                "font_name": "OpenSans-Bold",
                "font_size": 124,
                "isForked": true
            },
            "isDefaultSkin": false,
            "kiosk": {
                "font_name": "None",
                "font_size": 238,
                "isForked": true
            },
            "kuid": "s7ffb61065d740eeb6ab1bb259097b3c",
            "spaan": {
                "font_name": "Helvetica",
                "font_size": 63,
                "isForked": true
            },
            "spaandroidtablet": {
                "font_name": "Helvetica",
                "font_size": 53,
                "isForked": true
            },
            "spabb": {
                "font_name": "Helvetica",
                "font_size": 79,
                "isForked": true
            },
            "spaip": {
                "font_name": "Helvetica",
                "font_size": 79,
                "isForked": true
            },
            "spaipad": {
                "font_name": "Helvetica",
                "font_size": 56,
                "isForked": true
            },
            "spawindowstablet": {
                "font_name": "Helvetica",
                "font_size": 56,
                "isForked": true
            },
            "spawinphone8": {
                "font_name": "Helvetica",
                "font_size": 79,
                "isForked": true
            },
            "tabrcandroid": {
                "font_name": "default",
                "font_size": 225,
                "isForked": true
            },
            "wType": "Label",
            "watchos": {
                "font_name": "System",
                "font_size": 136,
                "isForked": true
            },
            "windows8": {
                "font_name": "None",
                "font_size": 93,
                "isForked": true
            },
            "winphone8": {
                "font_name": "None",
                "font_size": 127,
                "isForked": true
            }
        },
        "CopydefLabel0jf118ca3917848": {
            "android": {
                "font_name": "OpenSans-Regular",
                "font_size": 64,
                "isForked": false
            },
            "androidwearos": {
                "font_name": "default",
                "font_size": 129,
                "isForked": false
            },
            "background_color": "00000000",
            "bg_type": "one",
            "border_color": "424242ff",
            "border_style": "plain",
            "border_type": 0,
            "border_width": 0,
            "delinkedPltfrms": {
                "androidwear": [],
                "desktop": [
                    "desktopweb"
                ],
                "mobile": [
                    "iphone"
                ],
                "tablet": [
                    "ipad"
                ],
                "watch": []
            },
            "desktopweb": {
                "font_name": "Helvetica",
                "font_size": 100,
                "isForked": true
            },
            "fontSizeInPx": true,
            "font_color": "939393ff",
            "font_name": "iphoneSystem",
            "font_size": 64,
            "font_style": "normal",
            "font_weight": "normal",
            "id": "s9820d501ae1467d8d5826b15f5f8c96",
            "ipad": {
                "font_name": "System",
                "font_size": 79,
                "isForked": true
            },
            "iphone": {
                "font_name": "OpenSans-Regular",
                "font_size": 81,
                "isForked": true
            },
            "isDefaultSkin": false,
            "kiosk": {
                "font_name": "None",
                "font_size": 225,
                "isForked": false
            },
            "kuid": "s9820d501ae1467d8d5826b15f5f8c96",
            "spaan": {
                "font_name": "Helvetica",
                "font_size": 60,
                "isForked": false
            },
            "spaandroidtablet": {
                "font_name": "Helvetica",
                "font_size": 50,
                "isForked": false
            },
            "spabb": {
                "font_name": "Helvetica",
                "font_size": 75,
                "isForked": false
            },
            "spaip": {
                "font_name": "Helvetica",
                "font_size": 75,
                "isForked": false
            },
            "spaipad": {
                "font_name": "Helvetica",
                "font_size": 53,
                "isForked": false
            },
            "spawindowstablet": {
                "font_name": "Helvetica",
                "font_size": 53,
                "isForked": false
            },
            "spawinphone8": {
                "font_name": "Helvetica",
                "font_size": 75,
                "isForked": false
            },
            "tabrcandroid": {
                "font_name": "default",
                "font_size": 213,
                "isForked": false
            },
            "wType": "Label",
            "watchos": {
                "font_name": "System",
                "font_size": 129,
                "isForked": false
            },
            "windows8": {
                "font_name": "None",
                "font_size": 88,
                "isForked": false
            },
            "winphone8": {
                "font_name": "None",
                "font_size": 120,
                "isForked": false
            }
        },
        "CopyslFbox0ed2c4d3b8be441": {
            "android": {
                "font_name": "default"
            },
            "androidwearos": {
                "font_name": "default"
            },
            "background_color": "ffffffff",
            "bg_type": "one",
            "border_color": "000000ff",
            "border_style": "plain",
            "border_type": 0,
            "border_width": 0,
            "desktopweb": {
                "font_name": "Helvetica"
            },
            "id": "sb566c3ccbe34b45bf1d427c88a6ba05",
            "ipad": {
                "font_name": "System"
            },
            "iphone": {
                "font_name": "System"
            },
            "isDefaultSkin": false,
            "kiosk": {
                "font_name": "None"
            },
            "kuid": "sb566c3ccbe34b45bf1d427c88a6ba05",
            "spaan": {
                "font_name": "Helvetica"
            },
            "spaandroidtablet": {
                "font_name": "Helvetica"
            },
            "spabb": {
                "font_name": "Helvetica"
            },
            "spaip": {
                "font_name": "Helvetica"
            },
            "spaipad": {
                "font_name": "Helvetica"
            },
            "spawindowstablet": {
                "font_name": "Helvetica"
            },
            "spawinphone8": {
                "font_name": "Helvetica"
            },
            "tabrcandroid": {
                "font_name": "default"
            },
            "wType": "FlexContainer",
            "watchos": {
                "font_name": "System"
            },
            "windows8": {
                "font_name": "None"
            },
            "winphone8": {
                "font_name": "None"
            }
        },
        "headerButtonSkin0g2896f3794f74f": {
            "android": {
                "font_name": "default"
            },
            "androidwearos": {
                "font_name": "default"
            },
            "background_color": "4b88f100",
            "bg_type": "one",
            "border_color": "ffffffff",
            "border_style": "plain",
            "border_type": 0,
            "border_width": 0,
            "desktopweb": {
                "font_name": "Helvetica"
            },
            "font_color": "ffffffff",
            "font_name": "iphoneSystem",
            "font_size": 150,
            "font_style": "normal",
            "font_weight": "normal",
            "id": "s1f048e2a6ae47bc8523395b5c4b712e",
            "ipad": {
                "font_name": "System"
            },
            "iphone": {
                "font_name": "System"
            },
            "isDefaultSkin": false,
            "kiosk": {
                "font_name": "None"
            },
            "kuid": "s1f048e2a6ae47bc8523395b5c4b712e",
            "spaan": {
                "font_name": "Helvetica"
            },
            "spaandroidtablet": {
                "font_name": "Helvetica"
            },
            "spabb": {
                "font_name": "Helvetica"
            },
            "spaip": {
                "font_name": "Helvetica"
            },
            "spaipad": {
                "font_name": "Helvetica"
            },
            "spawindowstablet": {
                "font_name": "Helvetica"
            },
            "spawinphone8": {
                "font_name": "Helvetica"
            },
            "tabrcandroid": {
                "font_name": "default"
            },
            "wType": "Button",
            "watchos": {
                "font_name": "System"
            },
            "windows8": {
                "font_name": "None"
            },
            "winphone8": {
                "font_name": "None"
            }
        },
        "sepLineSkin0c83f157daa1b40": {
            "android": {
                "font_name": "default"
            },
            "androidwearos": {
                "font_name": "default"
            },
            "background_color": "e3e3e3ff",
            "bg_type": "one",
            "border_color": "000000ff",
            "border_style": "plain",
            "border_type": 0,
            "border_width": 0,
            "desktopweb": {
                "font_name": "Helvetica"
            },
            "id": "sd6588a2cd6544728d6c37b9269accc3",
            "ipad": {
                "font_name": "System"
            },
            "iphone": {
                "font_name": "System"
            },
            "isDefaultSkin": false,
            "kiosk": {
                "font_name": "None"
            },
            "kuid": "sd6588a2cd6544728d6c37b9269accc3",
            "spaan": {
                "font_name": "Helvetica"
            },
            "spaandroidtablet": {
                "font_name": "Helvetica"
            },
            "spabb": {
                "font_name": "Helvetica"
            },
            "spaip": {
                "font_name": "Helvetica"
            },
            "spaipad": {
                "font_name": "Helvetica"
            },
            "spawindowstablet": {
                "font_name": "Helvetica"
            },
            "spawinphone8": {
                "font_name": "Helvetica"
            },
            "tabrcandroid": {
                "font_name": "default"
            },
            "wType": "FlexContainer",
            "watchos": {
                "font_name": "System"
            },
            "windows8": {
                "font_name": "None"
            },
            "winphone8": {
                "font_name": "None"
            }
        },
        "slFbox0b44d2e2a568b41": {
            "android": {
                "font_name": "default"
            },
            "androidwearos": {
                "font_name": "default"
            },
            "background_color": "00000000",
            "bg_type": "one",
            "border_color": "000000ff",
            "border_style": "plain",
            "border_type": 0,
            "border_width": 0,
            "desktopweb": {
                "font_name": "Helvetica"
            },
            "id": "sc6794cbd9b248eb9092ace7bb46439e",
            "ipad": {
                "font_name": "System"
            },
            "iphone": {
                "font_name": "System"
            },
            "isDefaultSkin": false,
            "kiosk": {
                "font_name": "None"
            },
            "kuid": "sc6794cbd9b248eb9092ace7bb46439e",
            "spaan": {
                "font_name": "Helvetica"
            },
            "spaandroidtablet": {
                "font_name": "Helvetica"
            },
            "spabb": {
                "font_name": "Helvetica"
            },
            "spaip": {
                "font_name": "Helvetica"
            },
            "spaipad": {
                "font_name": "Helvetica"
            },
            "spawindowstablet": {
                "font_name": "Helvetica"
            },
            "spawinphone8": {
                "font_name": "Helvetica"
            },
            "tabrcandroid": {
                "font_name": "default"
            },
            "wType": "FlexContainer",
            "watchos": {
                "font_name": "System"
            },
            "windows8": {
                "font_name": "None"
            },
            "winphone8": {
                "font_name": "None"
            }
        },
        "slImage0i4f3775c402d49": {
            "android": {
                "font_name": "default"
            },
            "androidwearos": {
                "font_name": "default"
            },
            "background_color": "00000000",
            "bg_type": "one",
            "border_color": "000000ff",
            "border_style": "plain",
            "border_type": 0,
            "border_width": 0,
            "desktopweb": {
                "font_name": "Helvetica"
            },
            "font_color": "000000ff",
            "font_name": "Helvetica",
            "font_size": 156,
            "font_style": "normal",
            "font_weight": "normal",
            "id": "scb96c9f53984c42900798addc146ce4",
            "ipad": {
                "font_name": "System"
            },
            "iphone": {
                "font_name": "System"
            },
            "isDefaultSkin": false,
            "kiosk": {
                "font_name": "None"
            },
            "kuid": "scb96c9f53984c42900798addc146ce4",
            "spaan": {
                "font_name": "Helvetica"
            },
            "spaandroidtablet": {
                "font_name": "Helvetica"
            },
            "spabb": {
                "font_name": "Helvetica"
            },
            "spaip": {
                "font_name": "Helvetica"
            },
            "spaipad": {
                "font_name": "Helvetica"
            },
            "spawindowstablet": {
                "font_name": "Helvetica"
            },
            "spawinphone8": {
                "font_name": "Helvetica"
            },
            "tabrcandroid": {
                "font_name": "default"
            },
            "wType": "Image",
            "watchos": {
                "font_name": "System"
            },
            "windows8": {
                "font_name": "None"
            },
            "winphone8": {
                "font_name": "None"
            }
        },
        "whiteContainerSkin0hed7009596ca4d": {
            "android": {
                "font_name": "default"
            },
            "androidwearos": {
                "font_name": "default"
            },
            "background_color": "ffffffff",
            "bg_type": "one",
            "border_color": "000000ff",
            "border_style": "plain",
            "border_type": 0,
            "border_width": 0,
            "desktopweb": {
                "font_name": "Helvetica"
            },
            "id": "sf873e1e5b01440792250e73318ea2b3",
            "ipad": {
                "font_name": "System"
            },
            "iphone": {
                "font_name": "System"
            },
            "isDefaultSkin": false,
            "kiosk": {
                "font_name": "None"
            },
            "kuid": "sf873e1e5b01440792250e73318ea2b3",
            "spaan": {
                "font_name": "Helvetica"
            },
            "spaandroidtablet": {
                "font_name": "Helvetica"
            },
            "spabb": {
                "font_name": "Helvetica"
            },
            "spaip": {
                "font_name": "Helvetica"
            },
            "spaipad": {
                "font_name": "Helvetica"
            },
            "spawindowstablet": {
                "font_name": "Helvetica"
            },
            "spawinphone8": {
                "font_name": "Helvetica"
            },
            "tabrcandroid": {
                "font_name": "default"
            },
            "wType": "FlexContainer",
            "watchos": {
                "font_name": "System"
            },
            "windows8": {
                "font_name": "None"
            },
            "winphone8": {
                "font_name": "None"
            }
        }
    },
    "sourceChannel": "mobile",
    "templateDef": {
        "DNDConfig": null,
        "__parentReadjusting__": false,
        "_height_": {
            "type": "string",
            "value": "100%"
        },
        "_left_": {
            "type": "string",
            "value": "0dp"
        },
        "_margin_": [
            0,
            0,
            0,
            0
        ],
        "_orientation_": 6,
        "_padding_": [
            0,
            0,
            0,
            0
        ],
        "_percent_": true,
        "_skin_": "whiteContainerSkin0hed7009596ca4d",
        "_top_": {
            "type": "string",
            "value": "0dp"
        },
        "_width_": {
            "type": "string",
            "value": "100%"
        },
        "allboxes": [],
        "canUpdateUI": true,
        "children": [
            "headerContainer",
            "detailContainer"
        ],
        "clipbounds": true,
        "containerweight": 100,
        "detailContainer": {
            "DNDConfig": null,
            "__parentReadjusting__": false,
            "_bottom_": {
                "type": "number",
                "value": "0"
            },
            "_left_": {
                "type": "string",
                "value": "0dp"
            },
            "_margin_": [
                0,
                0,
                0,
                0
            ],
            "_orientation_": 6,
            "_padding_": [
                0,
                0,
                0,
                0
            ],
            "_percent_": true,
            "_skin_": "slFbox0b44d2e2a568b41",
            "_top_": {
                "type": "string",
                "value": "60dp"
            },
            "_width_": {
                "type": "string",
                "value": "100%"
            },
            "allboxes": [],
            "autogrowmode": 0,
            "canUpdateUI": true,
            "children": [
                "employeeDetailImage",
                "employeeNameLabel",
                "employeeTitleLabel",
                "employeeDetailsContent"
            ],
            "clipbounds": true,
            "containerweight": 100,
            "employeeDetailImage": {
                "@class": "com.kony.gen.viz.model.component.KVizImage2",
                "DNDConfig": null,
                "__parentReadjusting__": false,
                "_base64_": null,
                "_height_": {
                    "type": "string",
                    "value": "123dp"
                },
                "_left_": {
                    "type": "string",
                    "value": "7dp"
                },
                "_margin_": [
                    0,
                    0,
                    0,
                    0
                ],
                "_padding_": [
                    0,
                    0,
                    0,
                    0
                ],
                "_skin_": "slImage0i4f3775c402d49",
                "_src_": "image1_1.png",
                "_top_": {
                    "type": "string",
                    "value": "26dp"
                },
                "_width_": {
                    "type": "string",
                    "value": "127dp"
                },
                "canUpdateUI": true,
                "centerx": {
                    "type": "string",
                    "value": "51.90%"
                },
                "containerweight": 100,
                "context": {
                    "channel": "mobile",
                    "platform": "iphone",
                    "templateType": "forms"
                },
                "id": "employeeDetailImage",
                "imagescalemode": 1,
                "info": null,
                "iscustomlayout": false,
                "isvisible": true,
                "kuid": "a1459ea2a21840749e8246419b9b408a",
                "name": "kony.ui.Image2",
                "parent": "detailContainer",
                "pf": "collection-form",
                "retaincontentalignment": false,
                "retainflexpositionproperties": false,
                "srcType": 1,
                "wType": "Image",
                "widgetalignment": 5,
                "zindex": 1
            },
            "employeeDetailsContent": {
                "DNDConfig": null,
                "__parentReadjusting__": false,
                "_height_": {
                    "type": "ref",
                    "value": "preferred"
                },
                "_left_": {
                    "type": "string",
                    "value": "20dp"
                },
                "_margin_": [
                    0,
                    0,
                    0,
                    0
                ],
                "_orientation_": 6,
                "_padding_": [
                    0,
                    0,
                    0,
                    0
                ],
                "_percent_": true,
                "_right_": {
                    "type": "number",
                    "value": "20"
                },
                "_skin_": "slFbox0b44d2e2a568b41",
                "_top_": {
                    "type": "string",
                    "value": "260dp"
                },
                "allboxes": [],
                "autogrowmode": 1,
                "canUpdateUI": true,
                "children": [
                    "detailsRowContainer1",
                    "detailsRowContainer2",
                    "detailsRowContainer3",
                    "detailsRowContainer4"
                ],
                "clipbounds": true,
                "containerweight": 100,
                "detailsRowContainer1": {
                    "DNDConfig": null,
                    "__parentReadjusting__": false,
                    "_height_": {
                        "type": "string",
                        "value": "70dp"
                    },
                    "_left_": {
                        "type": "string",
                        "value": "0dp"
                    },
                    "_margin_": [
                        0,
                        0,
                        0,
                        0
                    ],
                    "_orientation_": 6,
                    "_padding_": [
                        0,
                        0,
                        0,
                        0
                    ],
                    "_percent_": true,
                    "_right_": 20,
                    "_skin_": "slFbox0b44d2e2a568b41",
                    "_top_": {
                        "type": "string",
                        "value": "0dp"
                    },
                    "_width_": {
                        "type": "string",
                        "value": "100%"
                    },
                    "allboxes": [],
                    "autogrowmode": 0,
                    "canUpdateUI": true,
                    "children": [
                        "employeeDetailsSegDivide1",
                        "employeeDetailsLabel1",
                        "employeeDetailsValue1"
                    ],
                    "clipbounds": true,
                    "containerweight": 100,
                    "employeeDetailsLabel1": {
                        "@class": "com.kony.gen.viz.model.component.KVizLabel",
                        "DNDConfig": null,
                        "__parentReadjusting__": false,
                        "_height_": {
                            "type": "ref",
                            "value": "preferred"
                        },
                        "_left_": {
                            "type": "string",
                            "value": "0dp"
                        },
                        "_margin_": [
                            1,
                            1,
                            1,
                            1
                        ],
                        "_padding_": [
                            0,
                            0,
                            0,
                            0
                        ],
                        "_skin_": "CopydefLabel0jf118ca3917848",
                        "_text_": "EMAIL",
                        "_top_": {
                            "type": "number",
                            "value": "12"
                        },
                        "_width_": {
                            "type": "ref",
                            "value": "preferred"
                        },
                        "_wrapping_": 2,
                        "android": {
                            "textStyle": {
                                "letterSpacing": 0,
                                "strikeThrough": false
                            }
                        },
                        "canUpdateUI": true,
                        "containerweight": 100,
                        "contentalignment": 4,
                        "id": "employeeDetailsLabel1",
                        "info": null,
                        "ipad": {
                            "psp": {
                                "wrapping": 2
                            }
                        },
                        "iphone": {
                            "psp": {
                                "wrapping": 2
                            }
                        },
                        "iscustomlayout": false,
                        "isvisible": true,
                        "kuid": "i1fca8607da3473d82c264ba8cf8e7f8",
                        "name": "kony.ui.Label",
                        "parent": "detailsRowContainer1",
                        "pf": "collection-form",
                        "retaincontentalignment": false,
                        "retainflexpositionproperties": false,
                        "textstyle": {},
                        "tooltip": "",
                        "wType": "Label",
                        "zindex": 1
                    },
                    "employeeDetailsSegDivide1": {
                        "DNDConfig": null,
                        "__parentReadjusting__": false,
                        "_bottom_": {
                            "type": "number",
                            "value": "0"
                        },
                        "_height_": {
                            "type": "string",
                            "value": "1dp"
                        },
                        "_left_": {
                            "type": "string",
                            "value": "0dp"
                        },
                        "_margin_": [
                            0,
                            0,
                            0,
                            0
                        ],
                        "_orientation_": 6,
                        "_padding_": [
                            0,
                            0,
                            0,
                            0
                        ],
                        "_percent_": true,
                        "_right_": {
                            "type": "number",
                            "value": "0"
                        },
                        "_skin_": "sepLineSkin0c83f157daa1b40",
                        "allboxes": [],
                        "autogrowmode": 0,
                        "canUpdateUI": true,
                        "children": [],
                        "clipbounds": true,
                        "containerweight": 100,
                        "enablescrolling": true,
                        "id": "employeeDetailsSegDivide1",
                        "info": null,
                        "iscustomlayout": false,
                        "isvisible": true,
                        "kuid": "f9db0cea99b24b81aaf54e31bb6770e3",
                        "layouttype": 2,
                        "name": "kony.ui.FlexContainer",
                        "parent": "detailsRowContainer1",
                        "pf": "collection-form",
                        "retaincontentalignment": false,
                        "retainflexpositionproperties": false,
                        "snapgridsize": 10,
                        "snaptogrid": true,
                        "wType": "FlexContainer",
                        "widgetalignment": 1,
                        "zindex": 1
                    },
                    "employeeDetailsValue1": {
                        "@class": "com.kony.gen.viz.model.component.KVizLabel",
                        "DNDConfig": null,
                        "__parentReadjusting__": false,
                        "_bottom_": {
                            "type": "number",
                            "value": "12"
                        },
                        "_height_": {
                            "type": "ref",
                            "value": "preferred"
                        },
                        "_left_": {
                            "type": "string",
                            "value": "0dp"
                        },
                        "_margin_": [
                            1,
                            1,
                            1,
                            1
                        ],
                        "_padding_": [
                            0,
                            0,
                            0,
                            0
                        ],
                        "_skin_": "CopydefLabel0d2d3fbb9a09443",
                        "_text_": "johnson.george@acme.com",
                        "_width_": {
                            "type": "ref",
                            "value": "preferred"
                        },
                        "_wrapping_": 2,
                        "android": {
                            "textStyle": {
                                "letterSpacing": 0,
                                "strikeThrough": false
                            }
                        },
                        "canUpdateUI": true,
                        "containerweight": 100,
                        "contentalignment": 4,
                        "id": "employeeDetailsValue1",
                        "info": null,
                        "ipad": {
                            "psp": {
                                "wrapping": 2
                            }
                        },
                        "iphone": {
                            "psp": {
                                "wrapping": 2
                            }
                        },
                        "iscustomlayout": false,
                        "isvisible": true,
                        "kuid": "ic51353f0eef4e1ebf397991345f9dbd",
                        "name": "kony.ui.Label",
                        "parent": "detailsRowContainer1",
                        "pf": "collection-form",
                        "retaincontentalignment": false,
                        "retainflexpositionproperties": false,
                        "textstyle": {},
                        "tooltip": "",
                        "wType": "Label",
                        "zindex": 1
                    },
                    "enablescrolling": true,
                    "id": "detailsRowContainer1",
                    "info": null,
                    "iscustomlayout": false,
                    "isvisible": true,
                    "kuid": "b3989996dfd448c69cee5f2c81950fe2",
                    "layouttype": 2,
                    "name": "kony.ui.FlexContainer",
                    "parent": "employeeDetailsContent",
                    "pf": "collection-form",
                    "retaincontentalignment": false,
                    "retainflexpositionproperties": false,
                    "snapgridsize": 10,
                    "snaptogrid": true,
                    "wType": "FlexContainer",
                    "widgetalignment": 1,
                    "zindex": 1
                },
                "detailsRowContainer2": {
                    "DNDConfig": null,
                    "__parentReadjusting__": false,
                    "_height_": {
                        "type": "string",
                        "value": "70dp"
                    },
                    "_left_": {
                        "type": "string",
                        "value": "0dp"
                    },
                    "_margin_": [
                        0,
                        0,
                        0,
                        0
                    ],
                    "_orientation_": 6,
                    "_padding_": [
                        0,
                        0,
                        0,
                        0
                    ],
                    "_percent_": true,
                    "_right_": 20,
                    "_skin_": "slFbox0b44d2e2a568b41",
                    "_top_": {
                        "type": "string",
                        "value": "0dp"
                    },
                    "_width_": {
                        "type": "string",
                        "value": "100%"
                    },
                    "allboxes": [],
                    "autogrowmode": 0,
                    "canUpdateUI": true,
                    "children": [
                        "employeeDetailsSegDivide2",
                        "employeeDetailsLabel2",
                        "employeeDetailsValue2"
                    ],
                    "clipbounds": true,
                    "containerweight": 100,
                    "employeeDetailsLabel2": {
                        "@class": "com.kony.gen.viz.model.component.KVizLabel",
                        "DNDConfig": null,
                        "__parentReadjusting__": false,
                        "_height_": {
                            "type": "ref",
                            "value": "preferred"
                        },
                        "_left_": {
                            "type": "string",
                            "value": "0dp"
                        },
                        "_margin_": [
                            1,
                            1,
                            1,
                            1
                        ],
                        "_padding_": [
                            0,
                            0,
                            0,
                            0
                        ],
                        "_skin_": "CopydefLabel0jf118ca3917848",
                        "_text_": "WORK PHONE",
                        "_top_": {
                            "type": "string",
                            "value": "12dp"
                        },
                        "_width_": {
                            "type": "ref",
                            "value": "preferred"
                        },
                        "_wrapping_": 2,
                        "android": {
                            "textStyle": {
                                "letterSpacing": 0,
                                "strikeThrough": false
                            }
                        },
                        "canUpdateUI": true,
                        "containerweight": 100,
                        "contentalignment": 4,
                        "id": "employeeDetailsLabel2",
                        "info": null,
                        "ipad": {
                            "psp": {
                                "wrapping": 2
                            }
                        },
                        "iphone": {
                            "psp": {
                                "wrapping": 2
                            }
                        },
                        "iscustomlayout": false,
                        "isvisible": true,
                        "kuid": "b7322de53674441b9347cc5768453732",
                        "name": "kony.ui.Label",
                        "parent": "detailsRowContainer2",
                        "pf": "collection-form",
                        "retaincontentalignment": false,
                        "retainflexpositionproperties": false,
                        "textstyle": {},
                        "tooltip": "",
                        "wType": "Label",
                        "zindex": 1
                    },
                    "employeeDetailsSegDivide2": {
                        "DNDConfig": null,
                        "__parentReadjusting__": false,
                        "_bottom_": {
                            "type": "number",
                            "value": "0"
                        },
                        "_height_": {
                            "type": "string",
                            "value": "1dp"
                        },
                        "_left_": {
                            "type": "string",
                            "value": "0dp"
                        },
                        "_margin_": [
                            0,
                            0,
                            0,
                            0
                        ],
                        "_orientation_": 6,
                        "_padding_": [
                            0,
                            0,
                            0,
                            0
                        ],
                        "_percent_": true,
                        "_right_": {
                            "type": "number",
                            "value": "0"
                        },
                        "_skin_": "sepLineSkin0c83f157daa1b40",
                        "allboxes": [],
                        "autogrowmode": 0,
                        "canUpdateUI": true,
                        "children": [],
                        "clipbounds": true,
                        "containerweight": 100,
                        "enablescrolling": true,
                        "id": "employeeDetailsSegDivide2",
                        "info": null,
                        "iscustomlayout": false,
                        "isvisible": true,
                        "kuid": "dd741308ed7e4d0f900841e896762a5a",
                        "layouttype": 2,
                        "name": "kony.ui.FlexContainer",
                        "parent": "detailsRowContainer2",
                        "pf": "collection-form",
                        "retaincontentalignment": false,
                        "retainflexpositionproperties": false,
                        "snapgridsize": 10,
                        "snaptogrid": true,
                        "wType": "FlexContainer",
                        "widgetalignment": 1,
                        "zindex": 1
                    },
                    "employeeDetailsValue2": {
                        "@class": "com.kony.gen.viz.model.component.KVizLabel",
                        "DNDConfig": null,
                        "__parentReadjusting__": false,
                        "_bottom_": {
                            "type": "string",
                            "value": "12dp"
                        },
                        "_height_": {
                            "type": "ref",
                            "value": "preferred"
                        },
                        "_left_": {
                            "type": "string",
                            "value": "0dp"
                        },
                        "_margin_": [
                            1,
                            1,
                            1,
                            1
                        ],
                        "_padding_": [
                            0,
                            0,
                            0,
                            0
                        ],
                        "_skin_": "CopydefLabel0d2d3fbb9a09443",
                        "_text_": "+1 321 449 5598",
                        "_width_": {
                            "type": "ref",
                            "value": "preferred"
                        },
                        "_wrapping_": 2,
                        "android": {
                            "textStyle": {
                                "letterSpacing": 0,
                                "strikeThrough": false
                            }
                        },
                        "canUpdateUI": true,
                        "containerweight": 100,
                        "contentalignment": 4,
                        "id": "employeeDetailsValue2",
                        "info": null,
                        "ipad": {
                            "psp": {
                                "wrapping": 2
                            }
                        },
                        "iphone": {
                            "psp": {
                                "wrapping": 2
                            }
                        },
                        "iscustomlayout": false,
                        "isvisible": true,
                        "kuid": "c011f969dcfe4e91801dd78c390d193f",
                        "name": "kony.ui.Label",
                        "parent": "detailsRowContainer2",
                        "pf": "collection-form",
                        "retaincontentalignment": false,
                        "retainflexpositionproperties": false,
                        "textstyle": {},
                        "tooltip": "",
                        "wType": "Label",
                        "zindex": 1
                    },
                    "enablescrolling": true,
                    "id": "detailsRowContainer2",
                    "info": null,
                    "iscustomlayout": false,
                    "isvisible": true,
                    "kuid": "e8a4e43e8e7649dda2d2322f465b7b23",
                    "layouttype": 2,
                    "name": "kony.ui.FlexContainer",
                    "parent": "employeeDetailsContent",
                    "pf": "collection-form",
                    "retaincontentalignment": false,
                    "retainflexpositionproperties": false,
                    "snapgridsize": 10,
                    "snaptogrid": true,
                    "wType": "FlexContainer",
                    "widgetalignment": 1,
                    "zindex": 1
                },
                "detailsRowContainer3": {
                    "DNDConfig": null,
                    "__parentReadjusting__": false,
                    "_height_": {
                        "type": "string",
                        "value": "70dp"
                    },
                    "_left_": {
                        "type": "string",
                        "value": "0dp"
                    },
                    "_margin_": [
                        0,
                        0,
                        0,
                        0
                    ],
                    "_orientation_": 6,
                    "_padding_": [
                        0,
                        0,
                        0,
                        0
                    ],
                    "_percent_": true,
                    "_right_": 20,
                    "_skin_": "slFbox0b44d2e2a568b41",
                    "_top_": {
                        "type": "string",
                        "value": "0dp"
                    },
                    "_width_": {
                        "type": "string",
                        "value": "100%"
                    },
                    "allboxes": [],
                    "autogrowmode": 0,
                    "canUpdateUI": true,
                    "children": [
                        "employeeDetailsSegDivide3",
                        "employeeDetailsLabel3",
                        "employeeDetailsValue3"
                    ],
                    "clipbounds": true,
                    "containerweight": 100,
                    "employeeDetailsLabel3": {
                        "@class": "com.kony.gen.viz.model.component.KVizLabel",
                        "DNDConfig": null,
                        "__parentReadjusting__": false,
                        "_height_": {
                            "type": "ref",
                            "value": "preferred"
                        },
                        "_left_": {
                            "type": "string",
                            "value": "0dp"
                        },
                        "_margin_": [
                            1,
                            1,
                            1,
                            1
                        ],
                        "_padding_": [
                            0,
                            0,
                            0,
                            0
                        ],
                        "_skin_": "CopydefLabel0jf118ca3917848",
                        "_text_": "DEPARTMENT",
                        "_top_": {
                            "type": "string",
                            "value": "12dp"
                        },
                        "_width_": {
                            "type": "ref",
                            "value": "preferred"
                        },
                        "_wrapping_": 2,
                        "android": {
                            "textStyle": {
                                "letterSpacing": 0,
                                "strikeThrough": false
                            }
                        },
                        "canUpdateUI": true,
                        "containerweight": 100,
                        "contentalignment": 4,
                        "id": "employeeDetailsLabel3",
                        "info": null,
                        "ipad": {
                            "psp": {
                                "wrapping": 2
                            }
                        },
                        "iphone": {
                            "psp": {
                                "wrapping": 2
                            }
                        },
                        "iscustomlayout": false,
                        "isvisible": true,
                        "kuid": "j235c4a55ca247f68aaa56f4965b593f",
                        "name": "kony.ui.Label",
                        "parent": "detailsRowContainer3",
                        "pf": "collection-form",
                        "retaincontentalignment": false,
                        "retainflexpositionproperties": false,
                        "textstyle": {},
                        "tooltip": "",
                        "wType": "Label",
                        "zindex": 1
                    },
                    "employeeDetailsSegDivide3": {
                        "DNDConfig": null,
                        "__parentReadjusting__": false,
                        "_bottom_": {
                            "type": "number",
                            "value": "0"
                        },
                        "_height_": {
                            "type": "string",
                            "value": "1dp"
                        },
                        "_left_": {
                            "type": "string",
                            "value": "0dp"
                        },
                        "_margin_": [
                            0,
                            0,
                            0,
                            0
                        ],
                        "_orientation_": 6,
                        "_padding_": [
                            0,
                            0,
                            0,
                            0
                        ],
                        "_percent_": true,
                        "_right_": {
                            "type": "number",
                            "value": "0"
                        },
                        "_skin_": "sepLineSkin0c83f157daa1b40",
                        "allboxes": [],
                        "autogrowmode": 0,
                        "canUpdateUI": true,
                        "children": [],
                        "clipbounds": true,
                        "containerweight": 100,
                        "enablescrolling": true,
                        "id": "employeeDetailsSegDivide3",
                        "info": null,
                        "iscustomlayout": false,
                        "isvisible": true,
                        "kuid": "da0bee945dea4a75b3e9f381fcec20fd",
                        "layouttype": 2,
                        "name": "kony.ui.FlexContainer",
                        "parent": "detailsRowContainer3",
                        "pf": "collection-form",
                        "retaincontentalignment": false,
                        "retainflexpositionproperties": false,
                        "snapgridsize": 10,
                        "snaptogrid": true,
                        "wType": "FlexContainer",
                        "widgetalignment": 1,
                        "zindex": 1
                    },
                    "employeeDetailsValue3": {
                        "@class": "com.kony.gen.viz.model.component.KVizLabel",
                        "DNDConfig": null,
                        "__parentReadjusting__": false,
                        "_bottom_": {
                            "type": "string",
                            "value": "12dp"
                        },
                        "_height_": {
                            "type": "ref",
                            "value": "preferred"
                        },
                        "_left_": {
                            "type": "string",
                            "value": "0dp"
                        },
                        "_margin_": [
                            1,
                            1,
                            1,
                            1
                        ],
                        "_padding_": [
                            0,
                            0,
                            0,
                            0
                        ],
                        "_skin_": "CopydefLabel0d2d3fbb9a09443",
                        "_text_": "Platform Management",
                        "_width_": {
                            "type": "ref",
                            "value": "preferred"
                        },
                        "_wrapping_": 2,
                        "android": {
                            "textStyle": {
                                "letterSpacing": 0,
                                "strikeThrough": false
                            }
                        },
                        "canUpdateUI": true,
                        "containerweight": 100,
                        "contentalignment": 4,
                        "id": "employeeDetailsValue3",
                        "info": null,
                        "ipad": {
                            "psp": {
                                "wrapping": 2
                            }
                        },
                        "iphone": {
                            "psp": {
                                "wrapping": 2
                            }
                        },
                        "iscustomlayout": false,
                        "isvisible": true,
                        "kuid": "j672298258ce46258f649ef4c1c494ce",
                        "name": "kony.ui.Label",
                        "parent": "detailsRowContainer3",
                        "pf": "collection-form",
                        "retaincontentalignment": false,
                        "retainflexpositionproperties": false,
                        "textstyle": {},
                        "tooltip": "",
                        "wType": "Label",
                        "zindex": 1
                    },
                    "enablescrolling": true,
                    "id": "detailsRowContainer3",
                    "info": null,
                    "iscustomlayout": false,
                    "isvisible": true,
                    "kuid": "c0cb32184e98489eab13f174f9931182",
                    "layouttype": 2,
                    "name": "kony.ui.FlexContainer",
                    "parent": "employeeDetailsContent",
                    "pf": "collection-form",
                    "retaincontentalignment": false,
                    "retainflexpositionproperties": false,
                    "snapgridsize": 10,
                    "snaptogrid": true,
                    "wType": "FlexContainer",
                    "widgetalignment": 1,
                    "zindex": 1
                },
                "detailsRowContainer4": {
                    "DNDConfig": null,
                    "__parentReadjusting__": false,
                    "_height_": {
                        "type": "string",
                        "value": "70dp"
                    },
                    "_left_": {
                        "type": "string",
                        "value": "0dp"
                    },
                    "_margin_": [
                        0,
                        0,
                        0,
                        0
                    ],
                    "_orientation_": 6,
                    "_padding_": [
                        0,
                        0,
                        0,
                        0
                    ],
                    "_percent_": true,
                    "_right_": 20,
                    "_skin_": "slFbox0b44d2e2a568b41",
                    "_top_": {
                        "type": "string",
                        "value": "0dp"
                    },
                    "_width_": {
                        "type": "string",
                        "value": "100%"
                    },
                    "allboxes": [],
                    "autogrowmode": 0,
                    "canUpdateUI": true,
                    "children": [
                        "employeeDetailsSegDivide4",
                        "employeeDetailsLabel4",
                        "employeeDetailsValue4"
                    ],
                    "clipbounds": true,
                    "containerweight": 100,
                    "employeeDetailsLabel4": {
                        "@class": "com.kony.gen.viz.model.component.KVizLabel",
                        "DNDConfig": null,
                        "__parentReadjusting__": false,
                        "_height_": {
                            "type": "ref",
                            "value": "preferred"
                        },
                        "_left_": {
                            "type": "string",
                            "value": "0dp"
                        },
                        "_margin_": [
                            1,
                            1,
                            1,
                            1
                        ],
                        "_padding_": [
                            0,
                            0,
                            0,
                            0
                        ],
                        "_skin_": "CopydefLabel0jf118ca3917848",
                        "_text_": "REPORTING TO",
                        "_top_": {
                            "type": "string",
                            "value": "12dp"
                        },
                        "_width_": {
                            "type": "ref",
                            "value": "preferred"
                        },
                        "_wrapping_": 2,
                        "android": {
                            "textStyle": {
                                "letterSpacing": 0,
                                "strikeThrough": false
                            }
                        },
                        "canUpdateUI": true,
                        "containerweight": 100,
                        "contentalignment": 4,
                        "id": "employeeDetailsLabel4",
                        "info": null,
                        "ipad": {
                            "psp": {
                                "wrapping": 2
                            }
                        },
                        "iphone": {
                            "psp": {
                                "wrapping": 2
                            }
                        },
                        "iscustomlayout": false,
                        "isvisible": true,
                        "kuid": "fcb0650918bf4d1a8cec5df9eaf8bedb",
                        "name": "kony.ui.Label",
                        "parent": "detailsRowContainer4",
                        "pf": "collection-form",
                        "retaincontentalignment": false,
                        "retainflexpositionproperties": false,
                        "textstyle": {},
                        "tooltip": "",
                        "wType": "Label",
                        "zindex": 1
                    },
                    "employeeDetailsSegDivide4": {
                        "DNDConfig": null,
                        "__parentReadjusting__": false,
                        "_bottom_": {
                            "type": "number",
                            "value": "0"
                        },
                        "_height_": {
                            "type": "string",
                            "value": "1dp"
                        },
                        "_left_": {
                            "type": "string",
                            "value": "0dp"
                        },
                        "_margin_": [
                            0,
                            0,
                            0,
                            0
                        ],
                        "_orientation_": 6,
                        "_padding_": [
                            0,
                            0,
                            0,
                            0
                        ],
                        "_percent_": true,
                        "_right_": {
                            "type": "number",
                            "value": "0"
                        },
                        "_skin_": "sepLineSkin0c83f157daa1b40",
                        "allboxes": [],
                        "autogrowmode": 0,
                        "canUpdateUI": true,
                        "children": [],
                        "clipbounds": true,
                        "containerweight": 100,
                        "enablescrolling": true,
                        "id": "employeeDetailsSegDivide4",
                        "info": null,
                        "iscustomlayout": false,
                        "isvisible": true,
                        "kuid": "b3f2df75ec554e20bf98ff3f169851f6",
                        "layouttype": 2,
                        "name": "kony.ui.FlexContainer",
                        "parent": "detailsRowContainer4",
                        "pf": "collection-form",
                        "retaincontentalignment": false,
                        "retainflexpositionproperties": false,
                        "snapgridsize": 10,
                        "snaptogrid": true,
                        "wType": "FlexContainer",
                        "widgetalignment": 1,
                        "zindex": 1
                    },
                    "employeeDetailsValue4": {
                        "@class": "com.kony.gen.viz.model.component.KVizLabel",
                        "DNDConfig": null,
                        "__parentReadjusting__": false,
                        "_bottom_": {
                            "type": "string",
                            "value": "12dp"
                        },
                        "_height_": {
                            "type": "ref",
                            "value": "preferred"
                        },
                        "_left_": {
                            "type": "string",
                            "value": "0dp"
                        },
                        "_margin_": [
                            1,
                            1,
                            1,
                            1
                        ],
                        "_padding_": [
                            0,
                            0,
                            0,
                            0
                        ],
                        "_skin_": "CopydefLabel0d2d3fbb9a09443",
                        "_text_": "Ed Gross",
                        "_width_": {
                            "type": "ref",
                            "value": "preferred"
                        },
                        "_wrapping_": 2,
                        "android": {
                            "textStyle": {
                                "letterSpacing": 0,
                                "strikeThrough": false
                            }
                        },
                        "canUpdateUI": true,
                        "containerweight": 100,
                        "contentalignment": 4,
                        "id": "employeeDetailsValue4",
                        "info": null,
                        "ipad": {
                            "psp": {
                                "wrapping": 2
                            }
                        },
                        "iphone": {
                            "psp": {
                                "wrapping": 2
                            }
                        },
                        "iscustomlayout": false,
                        "isvisible": true,
                        "kuid": "f4bb6dd8ad8943449252b77daf6fe802",
                        "name": "kony.ui.Label",
                        "parent": "detailsRowContainer4",
                        "pf": "collection-form",
                        "retaincontentalignment": false,
                        "retainflexpositionproperties": false,
                        "textstyle": {},
                        "tooltip": "",
                        "wType": "Label",
                        "zindex": 1
                    },
                    "enablescrolling": true,
                    "id": "detailsRowContainer4",
                    "info": null,
                    "iscustomlayout": false,
                    "isvisible": true,
                    "kuid": "bf7643f26c894c9cb73c043c13f2fba8",
                    "layouttype": 2,
                    "name": "kony.ui.FlexContainer",
                    "parent": "employeeDetailsContent",
                    "pf": "collection-form",
                    "retaincontentalignment": false,
                    "retainflexpositionproperties": false,
                    "snapgridsize": 10,
                    "snaptogrid": true,
                    "wType": "FlexContainer",
                    "widgetalignment": 1,
                    "zindex": 1
                },
                "enablescrolling": true,
                "id": "employeeDetailsContent",
                "info": null,
                "iscustomlayout": false,
                "isvisible": true,
                "kuid": "j1859e5a3647448cb2abc8e0c23f6d50",
                "layouttype": 4,
                "name": "kony.ui.FlexContainer",
                "parent": "detailContainer",
                "pf": "collection-form",
                "retaincontentalignment": false,
                "retainflexpositionproperties": false,
                "snapgridsize": 10,
                "snaptogrid": true,
                "wType": "FlexContainer",
                "widgetalignment": 1
            },
            "employeeNameLabel": {
                "@class": "com.kony.gen.viz.model.component.KVizLabel",
                "DNDConfig": null,
                "__parentReadjusting__": false,
                "_height_": {
                    "type": "ref",
                    "value": "preferred"
                },
                "_left_": {
                    "type": "string",
                    "value": "0dp"
                },
                "_margin_": [
                    1,
                    1,
                    1,
                    1
                ],
                "_padding_": [
                    0,
                    0,
                    0,
                    0
                ],
                "_skin_": "CopydefLabel0ic0ea0ce1fc748",
                "_text_": "Kenneth George",
                "_top_": {
                    "type": "string",
                    "value": "159dp"
                },
                "_width_": {
                    "type": "ref",
                    "value": "preferred"
                },
                "_wrapping_": 2,
                "android": {
                    "textStyle": {
                        "letterSpacing": 0,
                        "strikeThrough": false
                    }
                },
                "canUpdateUI": true,
                "centerx": {
                    "type": "string",
                    "value": "50.00%"
                },
                "containerweight": 100,
                "contentalignment": 5,
                "id": "employeeNameLabel",
                "info": null,
                "ipad": {
                    "psp": {
                        "wrapping": 2
                    }
                },
                "iphone": {
                    "psp": {
                        "wrapping": 2
                    }
                },
                "iscustomlayout": false,
                "isvisible": true,
                "kuid": "d145c28631114d7ea1060b23ddbb2092",
                "name": "kony.ui.Label",
                "parent": "detailContainer",
                "pf": "collection-form",
                "retaincontentalignment": false,
                "retainflexpositionproperties": false,
                "textstyle": {},
                "tooltip": "",
                "wType": "Label",
                "zindex": 1
            },
            "employeeTitleLabel": {
                "@class": "com.kony.gen.viz.model.component.KVizLabel",
                "DNDConfig": null,
                "__parentReadjusting__": false,
                "_height_": {
                    "type": "ref",
                    "value": "preferred"
                },
                "_left_": {
                    "type": "string",
                    "value": "0dp"
                },
                "_margin_": [
                    1,
                    1,
                    1,
                    1
                ],
                "_padding_": [
                    0,
                    0,
                    0,
                    0
                ],
                "_skin_": "CopydefLabel0jf118ca3917848",
                "_text_": "Sales Engineer",
                "_top_": {
                    "type": "string",
                    "value": "183dp"
                },
                "_width_": {
                    "type": "ref",
                    "value": "preferred"
                },
                "_wrapping_": 2,
                "android": {
                    "textStyle": {
                        "letterSpacing": 0,
                        "strikeThrough": false
                    }
                },
                "canUpdateUI": true,
                "centerx": {
                    "type": "string",
                    "value": "50.00%"
                },
                "containerweight": 100,
                "contentalignment": 5,
                "id": "employeeTitleLabel",
                "info": null,
                "ipad": {
                    "psp": {
                        "wrapping": 2
                    }
                },
                "iphone": {
                    "psp": {
                        "wrapping": 2
                    }
                },
                "iscustomlayout": false,
                "isvisible": true,
                "kuid": "ac1e0cdfe3394834a18528edb392fd08",
                "name": "kony.ui.Label",
                "parent": "detailContainer",
                "pf": "collection-form",
                "retaincontentalignment": false,
                "retainflexpositionproperties": false,
                "textstyle": {},
                "tooltip": "",
                "wType": "Label",
                "zindex": 1
            },
            "enablescrolling": true,
            "id": "detailContainer",
            "info": null,
            "iscustomlayout": false,
            "isvisible": true,
            "kuid": "bd433ef88ed649e1b3428937e17dcb5f",
            "layouttype": 2,
            "masterType": 1,
            "name": "kony.ui.FlexContainer",
            "parent": "masterContainer",
            "pf": "collection-form",
            "retaincontentalignment": false,
            "retainflexpositionproperties": false,
            "snapgridsize": 10,
            "snaptogrid": true,
            "wType": "FlexContainer",
            "widgetalignment": 1
        },
        "enablescrolling": true,
        "headerContainer": {
            "DNDConfig": null,
            "__parentReadjusting__": false,
            "_height_": {
                "type": "string",
                "value": "60dp"
            },
            "_left_": {
                "type": "string",
                "value": "0dp"
            },
            "_margin_": [
                0,
                0,
                0,
                0
            ],
            "_orientation_": 6,
            "_padding_": [
                0,
                0,
                0,
                0
            ],
            "_percent_": true,
            "_skin_": "CopyslFbox0ed2c4d3b8be441",
            "_top_": {
                "type": "string",
                "value": "0dp"
            },
            "_width_": {
                "type": "string",
                "value": "100%"
            },
            "allboxes": [],
            "autogrowmode": 0,
            "canUpdateUI": true,
            "children": [
                "headerDivider",
                "headerTitle",
                "headerLogoutImage",
                "headerLogoutButton",
                "headerBackChevron",
                "headerBackButton"
            ],
            "clipbounds": true,
            "containerweight": 100,
            "enablescrolling": true,
            "headerBackButton": {
                "@class": "com.kony.gen.viz.model.component.KVizButton",
                "DNDConfig": null,
                "__parentReadjusting__": false,
                "_height_": {
                    "type": "string",
                    "value": "100%"
                },
                "_left_": {
                    "type": "number",
                    "value": "0"
                },
                "_margin_": [
                    6,
                    6,
                    6,
                    6
                ],
                "_padding_": [
                    0,
                    0,
                    0,
                    0
                ],
                "_right_": {
                    "type": "number",
                    "value": "0"
                },
                "_skin_": "headerButtonSkin0g2896f3794f74f",
                "_text_": "Button",
                "_top_": {
                    "type": "string",
                    "value": "0dp"
                },
                "_width_": {
                    "type": "string",
                    "value": "56dp"
                },
                "canUpdateUI": true,
                "containerweight": 100,
                "contentalignment": 5,
                "displaytext": false,
                "focusskin": "headerButtonSkin0g2896f3794f74f",
                "id": "headerBackButton",
                "info": null,
                "iscustomlayout": false,
                "isvisible": true,
                "kuid": "ca3c580fa2304e81b7362052ed55c4da",
                "name": "kony.ui.Button",
                "parent": "headerContainer",
                "pf": "collection-form",
                "retaincontentalignment": false,
                "retainflexpositionproperties": false,
                "wType": "Button",
                "zindex": 1
            },
            "headerBackChevron": {
                "@class": "com.kony.gen.viz.model.component.KVizImage2",
                "DNDConfig": null,
                "__parentReadjusting__": false,
                "_base64_": null,
                "_height_": {
                    "type": "string",
                    "value": "18dp"
                },
                "_left_": {
                    "type": "number",
                    "value": "14"
                },
                "_margin_": [
                    0,
                    0,
                    0,
                    0
                ],
                "_padding_": [
                    0,
                    0,
                    0,
                    0
                ],
                "_right_": {
                    "type": "number",
                    "value": "16"
                },
                "_skin_": "slImage0i4f3775c402d49",
                "_src_": "backicon_1.png",
                "_top_": {
                    "type": "string",
                    "value": "16dp"
                },
                "_width_": {
                    "type": "string",
                    "value": "18dp"
                },
                "canUpdateUI": true,
                "centery": {
                    "type": "string",
                    "value": "50%"
                },
                "containerweight": 100,
                "context": {
                    "channel": "mobile",
                    "platform": "iphone",
                    "templateType": "forms"
                },
                "id": "headerBackChevron",
                "imagescalemode": 1,
                "info": null,
                "invokedProperty": "src",
                "iscustomlayout": false,
                "isvisible": true,
                "kuid": "c05d32b9e3d541f8a1f2fa4d2ffb2ceb",
                "name": "kony.ui.Image2",
                "parent": "headerContainer",
                "pf": "collection-form",
                "retaincontentalignment": false,
                "retainflexpositionproperties": false,
                "srcType": 1,
                "wType": "Image",
                "widgetalignment": 5,
                "zindex": 1
            },
            "headerDivider": {
                "DNDConfig": null,
                "__parentReadjusting__": false,
                "_bottom_": {
                    "type": "number",
                    "value": "0"
                },
                "_height_": {
                    "type": "string",
                    "value": "1dp"
                },
                "_left_": {
                    "type": "string",
                    "value": "0dp"
                },
                "_margin_": [
                    0,
                    0,
                    0,
                    0
                ],
                "_orientation_": 6,
                "_padding_": [
                    0,
                    0,
                    0,
                    0
                ],
                "_percent_": true,
                "_skin_": "sepLineSkin0c83f157daa1b40",
                "_width_": {
                    "type": "string",
                    "value": "100%"
                },
                "allboxes": [],
                "autogrowmode": 0,
                "canUpdateUI": true,
                "children": [],
                "clipbounds": true,
                "containerweight": 100,
                "enablescrolling": true,
                "id": "headerDivider",
                "info": null,
                "iscustomlayout": false,
                "isvisible": true,
                "kuid": "caacbb74d25341d49f3ed9bac24ac95e",
                "layouttype": 2,
                "name": "kony.ui.FlexContainer",
                "parent": "headerContainer",
                "pf": "collection-form",
                "retaincontentalignment": false,
                "retainflexpositionproperties": false,
                "snapgridsize": 10,
                "snaptogrid": true,
                "wType": "FlexContainer",
                "widgetalignment": 1,
                "zindex": 1
            },
            "headerLogoutButton": {
                "@class": "com.kony.gen.viz.model.component.KVizButton",
                "DNDConfig": null,
                "__parentReadjusting__": false,
                "_height_": {
                    "type": "string",
                    "value": "100%"
                },
                "_margin_": [
                    6,
                    6,
                    6,
                    6
                ],
                "_padding_": [
                    0,
                    0,
                    0,
                    0
                ],
                "_right_": {
                    "type": "number",
                    "value": "0"
                },
                "_skin_": "headerButtonSkin0g2896f3794f74f",
                "_text_": "Button",
                "_top_": {
                    "type": "string",
                    "value": "0dp"
                },
                "_width_": {
                    "type": "string",
                    "value": "56dp"
                },
                "canUpdateUI": true,
                "containerweight": 100,
                "contentalignment": 5,
                "displaytext": false,
                "focusskin": "headerButtonSkin0g2896f3794f74f",
                "id": "headerLogoutButton",
                "info": null,
                "iscustomlayout": false,
                "isvisible": true,
                "kuid": "i3c1cddda99d49d2a19bdd29128c5e36",
                "name": "kony.ui.Button",
                "parent": "headerContainer",
                "pf": "collection-form",
                "retaincontentalignment": false,
                "retainflexpositionproperties": false,
                "wType": "Button",
                "zindex": 1
            },
            "headerLogoutImage": {
                "@class": "com.kony.gen.viz.model.component.KVizImage2",
                "DNDConfig": null,
                "__parentReadjusting__": false,
                "_base64_": null,
                "_height_": {
                    "type": "string",
                    "value": "22dp"
                },
                "_margin_": [
                    0,
                    0,
                    0,
                    0
                ],
                "_padding_": [
                    0,
                    0,
                    0,
                    0
                ],
                "_right_": {
                    "type": "number",
                    "value": "16"
                },
                "_skin_": "slImage0i4f3775c402d49",
                "_src_": "logouticon_2.png",
                "_top_": {
                    "type": "string",
                    "value": "16dp"
                },
                "_width_": {
                    "type": "string",
                    "value": "22dp"
                },
                "canUpdateUI": true,
                "centery": {
                    "type": "string",
                    "value": "50%"
                },
                "containerweight": 100,
                "context": {
                    "channel": "mobile",
                    "platform": "iphone",
                    "templateType": "forms"
                },
                "id": "headerLogoutImage",
                "imagescalemode": 1,
                "info": null,
                "iscustomlayout": false,
                "isvisible": true,
                "kuid": "b09da4b7f12a4b7db872e90994c9205a",
                "name": "kony.ui.Image2",
                "parent": "headerContainer",
                "pf": "collection-form",
                "retaincontentalignment": false,
                "retainflexpositionproperties": false,
                "srcType": 1,
                "wType": "Image",
                "widgetalignment": 5,
                "zindex": 1
            },
            "headerTitle": {
                "@class": "com.kony.gen.viz.model.component.KVizLabel",
                "DNDConfig": null,
                "__parentReadjusting__": false,
                "_bottom_": {
                    "type": "string",
                    "value": "18dp"
                },
                "_height_": {
                    "type": "ref",
                    "value": "preferred"
                },
                "_left_": {
                    "type": "string",
                    "value": "139dp"
                },
                "_margin_": [
                    1,
                    1,
                    1,
                    1
                ],
                "_padding_": [
                    0,
                    0,
                    0,
                    0
                ],
                "_skin_": "CopydefLabel0c122deae3ef344",
                "_text_": "Employee Details",
                "_width_": {
                    "type": "string",
                    "value": "60%"
                },
                "_wrapping_": 2,
                "android": {
                    "textStyle": {
                        "letterSpacing": 0,
                        "strikeThrough": false
                    }
                },
                "canUpdateUI": true,
                "centerx": {
                    "type": "string",
                    "value": "50%"
                },
                "containerweight": 100,
                "contentalignment": 5,
                "id": "headerTitle",
                "info": null,
                "ipad": {
                    "psp": {
                        "wrapping": 2
                    }
                },
                "iphone": {
                    "psp": {
                        "wrapping": 2
                    }
                },
                "iscustomlayout": false,
                "isvisible": true,
                "kuid": "eb81d66846dd44d7b24c7c165c8a32ec",
                "name": "kony.ui.Label",
                "parent": "headerContainer",
                "pf": "collection-form",
                "retaincontentalignment": false,
                "retainflexpositionproperties": false,
                "textstyle": {},
                "tooltip": "",
                "wType": "Label",
                "zindex": 1
            },
            "id": "headerContainer",
            "info": null,
            "iscustomlayout": false,
            "isvisible": true,
            "kuid": "f66f8ee5d10741aa95d7f62c6677230b",
            "layouttype": 2,
            "masterType": 1,
            "name": "kony.ui.FlexContainer",
            "parent": "masterContainer",
            "pf": "collection-form",
            "retaincontentalignment": false,
            "retainflexpositionproperties": false,
            "snapgridsize": 10,
            "snaptogrid": true,
            "wType": "FlexContainer",
            "widgetalignment": 1,
            "zindex": 1
        },
        "id": "masterContainer",
        "info": null,
        "iscustomlayout": false,
        "isvisible": true,
        "kuid": "a7fb412d05ce4185922fb1ebc00212d7",
        "layouttype": 2,
        "masterType": 1,
        "name": "kony.ui.FlexContainer",
        "parent": "collection-form",
        "pf": "collection-form",
        "retaincontentalignment": false,
        "retainflexpositionproperties": false,
        "snapgridsize": 10,
        "snaptogrid": true,
        "wType": "FlexContainer",
        "widgetalignment": 1
    }
}