[ {
  "entityTypeId" : "fe5604dc-d67d-4591-bdb0-95ec3834efa9",
  "id" : "2d53579c-551b-4739-b3b1-204af0938134",
  "name" : "Department",
  "sourceFieldname" : "Department",
  "description" : "Department",
  "dataType" : "string",
  "hasIndex" : false,
  "unique" : false,
  "primarykey" : false,
  "namefield" : false,
  "nullable" : false,
  "custom" : false,
  "createable" : true,
  "updateable" : true,
  "audit" : false,
  "customizable" : false,
  "fieldLength" : 50,
  "precision" : 0,
  "fieldOrder" : 0,
  "fieldProperties" : {
    "autoGenerated" : "false"
  }
}, {
  "entityTypeId" : "fe5604dc-d67d-4591-bdb0-95ec3834efa9",
  "id" : "d48e66ab-2b7c-4a5d-82ee-aca31da7619f",
  "name" : "Designation",
  "sourceFieldname" : "Designation",
  "description" : "Designation",
  "dataType" : "string",
  "hasIndex" : false,
  "unique" : false,
  "primarykey" : false,
  "namefield" : false,
  "nullable" : false,
  "custom" : false,
  "createable" : true,
  "updateable" : true,
  "audit" : false,
  "customizable" : false,
  "fieldLength" : 50,
  "precision" : 0,
  "fieldOrder" : 0,
  "fieldProperties" : {
    "autoGenerated" : "false"
  }
}, {
  "entityTypeId" : "fe5604dc-d67d-4591-bdb0-95ec3834efa9",
  "id" : "8a59bb6b-9e9e-4d84-9ed8-c75642033c01",
  "name" : "Email",
  "sourceFieldname" : "Email",
  "description" : "Email",
  "dataType" : "string",
  "hasIndex" : false,
  "unique" : false,
  "primarykey" : false,
  "namefield" : false,
  "nullable" : true,
  "custom" : false,
  "createable" : true,
  "updateable" : true,
  "audit" : false,
  "customizable" : false,
  "fieldLength" : 100,
  "precision" : 0,
  "fieldOrder" : 0,
  "fieldProperties" : {
    "autoGenerated" : "false"
  }
}, {
  "entityTypeId" : "fe5604dc-d67d-4591-bdb0-95ec3834efa9",
  "id" : "bf8053ad-5a33-4606-b408-55a02406ac76",
  "name" : "Emp_id",
  "sourceFieldname" : "Emp_id",
  "description" : "Emp_id",
  "dataType" : "string",
  "hasIndex" : false,
  "unique" : false,
  "primarykey" : false,
  "namefield" : false,
  "nullable" : false,
  "custom" : false,
  "createable" : true,
  "updateable" : true,
  "audit" : false,
  "customizable" : false,
  "fieldLength" : 32,
  "precision" : 0,
  "fieldOrder" : 0,
  "fieldProperties" : {
    "autoGenerated" : "false"
  }
}, {
  "entityTypeId" : "fe5604dc-d67d-4591-bdb0-95ec3834efa9",
  "id" : "b090acc7-04ad-42de-ad6e-4cd31df1326e",
  "name" : "Image_URL",
  "sourceFieldname" : "Image_URL",
  "description" : "Image_URL",
  "dataType" : "string",
  "hasIndex" : false,
  "unique" : false,
  "primarykey" : false,
  "namefield" : false,
  "nullable" : true,
  "custom" : false,
  "createable" : true,
  "updateable" : true,
  "audit" : false,
  "customizable" : false,
  "fieldLength" : 200,
  "precision" : 0,
  "fieldOrder" : 0,
  "fieldProperties" : {
    "autoGenerated" : "false"
  }
}, {
  "entityTypeId" : "fe5604dc-d67d-4591-bdb0-95ec3834efa9",
  "id" : "b3c65a38-975d-45f5-9b76-dac78084be38",
  "name" : "Manager_Name",
  "sourceFieldname" : "Manager_Name",
  "description" : "Manager_Name",
  "dataType" : "string",
  "hasIndex" : false,
  "unique" : false,
  "primarykey" : false,
  "namefield" : false,
  "nullable" : true,
  "custom" : false,
  "createable" : true,
  "updateable" : true,
  "audit" : false,
  "customizable" : false,
  "fieldLength" : 65,
  "precision" : 0,
  "fieldOrder" : 0,
  "fieldProperties" : {
    "autoGenerated" : "false"
  }
}, {
  "entityTypeId" : "fe5604dc-d67d-4591-bdb0-95ec3834efa9",
  "id" : "3eac3b42-91bc-4e28-93e7-e2c70985111c",
  "name" : "Name",
  "sourceFieldname" : "Name",
  "description" : "Name",
  "dataType" : "string",
  "hasIndex" : false,
  "unique" : false,
  "primarykey" : false,
  "namefield" : false,
  "nullable" : true,
  "custom" : false,
  "createable" : true,
  "updateable" : true,
  "audit" : false,
  "customizable" : false,
  "fieldLength" : 65,
  "precision" : 0,
  "fieldOrder" : 0,
  "fieldProperties" : {
    "autoGenerated" : "false"
  }
}, {
  "entityTypeId" : "fe5604dc-d67d-4591-bdb0-95ec3834efa9",
  "id" : "84360dde-924d-464b-9a7c-93fe21cbcb0a",
  "name" : "Primary_Phone",
  "sourceFieldname" : "Primary_Phone",
  "description" : "Primary_Phone",
  "dataType" : "string",
  "hasIndex" : false,
  "unique" : false,
  "primarykey" : false,
  "namefield" : false,
  "nullable" : true,
  "custom" : false,
  "createable" : true,
  "updateable" : true,
  "audit" : false,
  "customizable" : false,
  "fieldLength" : 45,
  "precision" : 0,
  "fieldOrder" : 0,
  "fieldProperties" : {
    "autoGenerated" : "false"
  }
} ]