{
    "images": [
        "common/logouticon_2.png",
        "common/backicon_1.png",
        "common/image1_1.png",
        "fonts/iPhone/OpenSans-Bold.ttf",
        "fonts/Android/OpenSans-Bold.ttf",
        "fonts/iPhone/OpenSans-Regular.ttf",
        "fonts/Android/OpenSans-Regular.ttf",
        "fonts/iPhone/OpenSans-Regular.ttf",
        "fonts/Android/OpenSans-Regular.ttf"
    ],
    "screenshotGenerated": true,
    "skinDefs": {
        "CopydefLabel0b71c854c1aff4e": {
            "android": {
                "font_name": "default",
                "font_size": 110,
                "isForked": false
            },
            "androidwearos": {
                "font_name": "default",
                "font_size": 110,
                "isForked": false
            },
            "background_color": "00000000",
            "bg_type": "one",
            "border_color": "424242ff",
            "border_style": "plain",
            "border_type": 0,
            "border_width": 0,
            "desktopweb": {
                "font_name": "Helvetica",
                "font_size": 110,
                "isForked": false
            },
            "fontSizeInPx": false,
            "font_color": "333333ff",
            "font_name": "iphoneSystem",
            "font_size": 110,
            "font_style": "normal",
            "font_weight": "bold",
            "id": "sec588eaf1c04bb08333d7deeccef112",
            "ipad": {
                "font_name": "System-Bold",
                "font_size": 110,
                "isForked": false
            },
            "iphone": {
                "font_name": "System-Bold",
                "font_size": 110,
                "isForked": false
            },
            "isDefaultSkin": false,
            "kiosk": {
                "font_name": "None",
                "font_size": 110,
                "isForked": false
            },
            "kuid": "sec588eaf1c04bb08333d7deeccef112",
            "spaan": {
                "font_name": "Helvetica",
                "font_size": 110,
                "isForked": false
            },
            "spaandroidtablet": {
                "font_name": "Helvetica",
                "font_size": 110,
                "isForked": false
            },
            "spabb": {
                "font_name": "Helvetica",
                "font_size": 110,
                "isForked": false
            },
            "spaip": {
                "font_name": "Helvetica",
                "font_size": 110,
                "isForked": false
            },
            "spaipad": {
                "font_name": "Helvetica",
                "font_size": 110,
                "isForked": false
            },
            "spawindowstablet": {
                "font_name": "Helvetica",
                "font_size": 110,
                "isForked": false
            },
            "spawinphone8": {
                "font_name": "Helvetica",
                "font_size": 110,
                "isForked": false
            },
            "tabrcandroid": {
                "font_name": "default",
                "font_size": 110,
                "isForked": false
            },
            "wType": "Label",
            "watchos": {
                "font_name": "System",
                "font_size": 110,
                "isForked": false
            },
            "windows8": {
                "font_name": "None",
                "font_size": 110,
                "isForked": false
            },
            "winphone8": {
                "font_name": "None",
                "font_size": 110,
                "isForked": false
            }
        },
        "CopydefLabel0h8f6a3e97c2840": {
            "android": {
                "font_name": "OpenSans-Bold",
                "font_size": 68,
                "isForked": true
            },
            "androidwearos": {
                "font_name": "default",
                "font_size": 136,
                "isForked": true
            },
            "background_color": "00000000",
            "bg_type": "one",
            "border_color": "424242ff",
            "border_style": "plain",
            "border_type": 0,
            "border_width": 0,
            "delinkedPltfrms": {
                "androidwear": [],
                "desktop": [
                    "desktopweb"
                ],
                "mobile": [
                    "iphone"
                ],
                "tablet": [
                    "ipad"
                ],
                "watch": []
            },
            "desktopweb": {
                "font_name": "Helvetica",
                "font_size": 125,
                "font_weight": "bold",
                "isForked": true
            },
            "fontSizeInPx": true,
            "font_color": "333333ff",
            "font_name": "iphoneSystem",
            "font_size": 105,
            "font_style": "normal",
            "font_weight": "normal",
            "id": "sf8c188cd4f046e2bc6935be98c165e9",
            "ipad": {
                "font_name": "System",
                "font_size": 114,
                "isForked": true
            },
            "iphone": {
                "font_name": "OpenSans-Bold",
                "font_size": 124,
                "isForked": true
            },
            "isDefaultSkin": false,
            "kiosk": {
                "font_name": "None",
                "font_size": 238,
                "isForked": true
            },
            "kuid": "sf8c188cd4f046e2bc6935be98c165e9",
            "spaan": {
                "font_name": "Helvetica",
                "font_size": 63,
                "isForked": true
            },
            "spaandroidtablet": {
                "font_name": "Helvetica",
                "font_size": 53,
                "isForked": true
            },
            "spabb": {
                "font_name": "Helvetica",
                "font_size": 79,
                "isForked": true
            },
            "spaip": {
                "font_name": "Helvetica",
                "font_size": 79,
                "isForked": true
            },
            "spaipad": {
                "font_name": "Helvetica",
                "font_size": 56,
                "isForked": true
            },
            "spawindowstablet": {
                "font_name": "Helvetica",
                "font_size": 56,
                "isForked": true
            },
            "spawinphone8": {
                "font_name": "Helvetica",
                "font_size": 79,
                "isForked": true
            },
            "tabrcandroid": {
                "font_name": "default",
                "font_size": 225,
                "isForked": true
            },
            "wType": "Label",
            "watchos": {
                "font_name": "System",
                "font_size": 136,
                "isForked": true
            },
            "windows8": {
                "font_name": "None",
                "font_size": 93,
                "isForked": true
            },
            "winphone8": {
                "font_name": "None",
                "font_size": 127,
                "isForked": true
            }
        },
        "CopydefLabel0i5611e6e0e1b42": {
            "android": {
                "font_name": "OpenSans-Regular",
                "font_size": 64,
                "isForked": false
            },
            "androidwearos": {
                "font_name": "default",
                "font_size": 129,
                "isForked": false
            },
            "background_color": "00000000",
            "bg_type": "one",
            "border_color": "424242ff",
            "border_style": "plain",
            "border_type": 0,
            "border_width": 0,
            "delinkedPltfrms": {
                "androidwear": [],
                "desktop": [
                    "desktopweb"
                ],
                "mobile": [
                    "iphone"
                ],
                "tablet": [
                    "ipad"
                ],
                "watch": []
            },
            "desktopweb": {
                "font_name": "Helvetica",
                "font_size": 100,
                "isForked": true
            },
            "fontSizeInPx": true,
            "font_color": "939393ff",
            "font_name": "iphoneSystem",
            "font_size": 64,
            "font_style": "normal",
            "font_weight": "normal",
            "id": "s95fd1908ce7464282da53bb33c75023",
            "ipad": {
                "font_name": "System",
                "font_size": 79,
                "isForked": true
            },
            "iphone": {
                "font_name": "OpenSans-Regular",
                "font_size": 81,
                "isForked": true
            },
            "isDefaultSkin": false,
            "kiosk": {
                "font_name": "None",
                "font_size": 225,
                "isForked": false
            },
            "kuid": "s95fd1908ce7464282da53bb33c75023",
            "spaan": {
                "font_name": "Helvetica",
                "font_size": 60,
                "isForked": false
            },
            "spaandroidtablet": {
                "font_name": "Helvetica",
                "font_size": 50,
                "isForked": false
            },
            "spabb": {
                "font_name": "Helvetica",
                "font_size": 75,
                "isForked": false
            },
            "spaip": {
                "font_name": "Helvetica",
                "font_size": 75,
                "isForked": false
            },
            "spaipad": {
                "font_name": "Helvetica",
                "font_size": 53,
                "isForked": false
            },
            "spawindowstablet": {
                "font_name": "Helvetica",
                "font_size": 53,
                "isForked": false
            },
            "spawinphone8": {
                "font_name": "Helvetica",
                "font_size": 75,
                "isForked": false
            },
            "tabrcandroid": {
                "font_name": "default",
                "font_size": 213,
                "isForked": false
            },
            "wType": "Label",
            "watchos": {
                "font_name": "System",
                "font_size": 129,
                "isForked": false
            },
            "windows8": {
                "font_name": "None",
                "font_size": 88,
                "isForked": false
            },
            "winphone8": {
                "font_name": "None",
                "font_size": 120,
                "isForked": false
            }
        },
        "CopydefLabel0j88f1f17fd394b": {
            "android": {
                "font_name": "OpenSans-Regular",
                "font_size": 64,
                "isForked": false
            },
            "androidwearos": {
                "font_name": "default",
                "font_size": 129,
                "isForked": false
            },
            "background_color": "00000000",
            "bg_type": "one",
            "border_color": "424242ff",
            "border_style": "plain",
            "border_type": 0,
            "border_width": 0,
            "delinkedPltfrms": {
                "androidwear": [],
                "desktop": [
                    "desktopweb"
                ],
                "mobile": [
                    "iphone"
                ],
                "tablet": [
                    "ipad"
                ],
                "watch": []
            },
            "desktopweb": {
                "font_name": "Helvetica",
                "font_size": 113,
                "isForked": true
            },
            "fontSizeInPx": true,
            "font_color": "333333ff",
            "font_name": "iphoneSystem",
            "font_size": 64,
            "font_style": "normal",
            "font_weight": "normal",
            "id": "seddc6d9b13d485c8c339e7b112961cf",
            "ipad": {
                "font_name": "System",
                "font_size": 79,
                "isForked": true
            },
            "iphone": {
                "font_name": "OpenSans-Regular",
                "font_size": 81,
                "isForked": true
            },
            "isDefaultSkin": false,
            "kiosk": {
                "font_name": "None",
                "font_size": 225,
                "isForked": false
            },
            "kuid": "seddc6d9b13d485c8c339e7b112961cf",
            "spaan": {
                "font_name": "Helvetica",
                "font_size": 60,
                "isForked": false
            },
            "spaandroidtablet": {
                "font_name": "Helvetica",
                "font_size": 50,
                "isForked": false
            },
            "spabb": {
                "font_name": "Helvetica",
                "font_size": 75,
                "isForked": false
            },
            "spaip": {
                "font_name": "Helvetica",
                "font_size": 75,
                "isForked": false
            },
            "spaipad": {
                "font_name": "Helvetica",
                "font_size": 53,
                "isForked": false
            },
            "spawindowstablet": {
                "font_name": "Helvetica",
                "font_size": 53,
                "isForked": false
            },
            "spawinphone8": {
                "font_name": "Helvetica",
                "font_size": 75,
                "isForked": false
            },
            "tabrcandroid": {
                "font_name": "default",
                "font_size": 213,
                "isForked": false
            },
            "wType": "Label",
            "watchos": {
                "font_name": "System",
                "font_size": 129,
                "isForked": false
            },
            "windows8": {
                "font_name": "None",
                "font_size": 88,
                "isForked": false
            },
            "winphone8": {
                "font_name": "None",
                "font_size": 120,
                "isForked": false
            }
        },
        "CopyslFbox0i5b26086072a46": {
            "android": {
                "font_name": "default"
            },
            "androidwearos": {
                "font_name": "default"
            },
            "background_color": "ffffffff",
            "bg_type": "one",
            "border_color": "000000ff",
            "border_style": "plain",
            "border_type": 0,
            "border_width": 0,
            "desktopweb": {
                "font_name": "Helvetica"
            },
            "id": "s496d1e79622446c9da10d2466a2f614",
            "ipad": {
                "font_name": "System"
            },
            "iphone": {
                "font_name": "System"
            },
            "isDefaultSkin": false,
            "kiosk": {
                "font_name": "None"
            },
            "kuid": "s496d1e79622446c9da10d2466a2f614",
            "spaan": {
                "font_name": "Helvetica"
            },
            "spaandroidtablet": {
                "font_name": "Helvetica"
            },
            "spabb": {
                "font_name": "Helvetica"
            },
            "spaip": {
                "font_name": "Helvetica"
            },
            "spaipad": {
                "font_name": "Helvetica"
            },
            "spawindowstablet": {
                "font_name": "Helvetica"
            },
            "spawinphone8": {
                "font_name": "Helvetica"
            },
            "tabrcandroid": {
                "font_name": "default"
            },
            "wType": "FlexContainer",
            "watchos": {
                "font_name": "System"
            },
            "windows8": {
                "font_name": "None"
            },
            "winphone8": {
                "font_name": "None"
            }
        },
        "headerButtonSkin0f5b6eb5cc1594c": {
            "android": {
                "font_name": "default"
            },
            "androidwearos": {
                "font_name": "default"
            },
            "background_color": "4b88f100",
            "bg_type": "one",
            "border_color": "ffffffff",
            "border_style": "plain",
            "border_type": 0,
            "border_width": 0,
            "desktopweb": {
                "font_name": "Helvetica"
            },
            "font_color": "ffffffff",
            "font_name": "iphoneSystem",
            "font_size": 150,
            "font_style": "normal",
            "font_weight": "normal",
            "id": "s13a3fb120554c73bc57a9c49af92733",
            "ipad": {
                "font_name": "System"
            },
            "iphone": {
                "font_name": "System"
            },
            "isDefaultSkin": false,
            "kiosk": {
                "font_name": "None"
            },
            "kuid": "s13a3fb120554c73bc57a9c49af92733",
            "spaan": {
                "font_name": "Helvetica"
            },
            "spaandroidtablet": {
                "font_name": "Helvetica"
            },
            "spabb": {
                "font_name": "Helvetica"
            },
            "spaip": {
                "font_name": "Helvetica"
            },
            "spaipad": {
                "font_name": "Helvetica"
            },
            "spawindowstablet": {
                "font_name": "Helvetica"
            },
            "spawinphone8": {
                "font_name": "Helvetica"
            },
            "tabrcandroid": {
                "font_name": "default"
            },
            "wType": "Button",
            "watchos": {
                "font_name": "System"
            },
            "windows8": {
                "font_name": "None"
            },
            "winphone8": {
                "font_name": "None"
            }
        },
        "sepLineSkin0dd81b526f3f148": {
            "android": {
                "font_name": "default"
            },
            "androidwearos": {
                "font_name": "default"
            },
            "background_color": "e3e3e3ff",
            "bg_type": "one",
            "border_color": "000000ff",
            "border_style": "plain",
            "border_type": 0,
            "border_width": 0,
            "desktopweb": {
                "font_name": "Helvetica"
            },
            "id": "sbd2e89744364e8c96f04565cd8a2b3f",
            "ipad": {
                "font_name": "System"
            },
            "iphone": {
                "font_name": "System"
            },
            "isDefaultSkin": false,
            "kiosk": {
                "font_name": "None"
            },
            "kuid": "sbd2e89744364e8c96f04565cd8a2b3f",
            "spaan": {
                "font_name": "Helvetica"
            },
            "spaandroidtablet": {
                "font_name": "Helvetica"
            },
            "spabb": {
                "font_name": "Helvetica"
            },
            "spaip": {
                "font_name": "Helvetica"
            },
            "spaipad": {
                "font_name": "Helvetica"
            },
            "spawindowstablet": {
                "font_name": "Helvetica"
            },
            "spawinphone8": {
                "font_name": "Helvetica"
            },
            "tabrcandroid": {
                "font_name": "default"
            },
            "wType": "FlexContainer",
            "watchos": {
                "font_name": "System"
            },
            "windows8": {
                "font_name": "None"
            },
            "winphone8": {
                "font_name": "None"
            }
        },
        "slFbox0g3ff1951ae0f4a": {
            "android": {
                "font_name": "default"
            },
            "androidwearos": {
                "font_name": "default"
            },
            "background_color": "00000000",
            "bg_type": "one",
            "border_color": "000000ff",
            "border_style": "plain",
            "border_type": 0,
            "border_width": 0,
            "desktopweb": {
                "font_name": "Helvetica"
            },
            "id": "s341673a4afa47acb3b6bcd722544931",
            "ipad": {
                "font_name": "System"
            },
            "iphone": {
                "font_name": "System"
            },
            "isDefaultSkin": false,
            "kiosk": {
                "font_name": "None"
            },
            "kuid": "s341673a4afa47acb3b6bcd722544931",
            "spaan": {
                "font_name": "Helvetica"
            },
            "spaandroidtablet": {
                "font_name": "Helvetica"
            },
            "spabb": {
                "font_name": "Helvetica"
            },
            "spaip": {
                "font_name": "Helvetica"
            },
            "spaipad": {
                "font_name": "Helvetica"
            },
            "spawindowstablet": {
                "font_name": "Helvetica"
            },
            "spawinphone8": {
                "font_name": "Helvetica"
            },
            "tabrcandroid": {
                "font_name": "default"
            },
            "wType": "FlexContainer",
            "watchos": {
                "font_name": "System"
            },
            "windows8": {
                "font_name": "None"
            },
            "winphone8": {
                "font_name": "None"
            }
        },
        "slImage0jf89696b78d847": {
            "android": {
                "font_name": "default"
            },
            "androidwearos": {
                "font_name": "default"
            },
            "background_color": "00000000",
            "bg_type": "one",
            "border_color": "000000ff",
            "border_style": "plain",
            "border_type": 0,
            "border_width": 0,
            "desktopweb": {
                "font_name": "Helvetica"
            },
            "font_color": "000000ff",
            "font_name": "Helvetica",
            "font_size": 156,
            "font_style": "normal",
            "font_weight": "normal",
            "id": "s2b5c8b277ef4706a63b21b7ec0d1fae",
            "ipad": {
                "font_name": "System"
            },
            "iphone": {
                "font_name": "System"
            },
            "isDefaultSkin": false,
            "kiosk": {
                "font_name": "None"
            },
            "kuid": "s2b5c8b277ef4706a63b21b7ec0d1fae",
            "spaan": {
                "font_name": "Helvetica"
            },
            "spaandroidtablet": {
                "font_name": "Helvetica"
            },
            "spabb": {
                "font_name": "Helvetica"
            },
            "spaip": {
                "font_name": "Helvetica"
            },
            "spaipad": {
                "font_name": "Helvetica"
            },
            "spawindowstablet": {
                "font_name": "Helvetica"
            },
            "spawinphone8": {
                "font_name": "Helvetica"
            },
            "tabrcandroid": {
                "font_name": "default"
            },
            "wType": "Image",
            "watchos": {
                "font_name": "System"
            },
            "windows8": {
                "font_name": "None"
            },
            "winphone8": {
                "font_name": "None"
            }
        },
        "whiteContainerSkin0f512e1e6e6534e": {
            "android": {
                "font_name": "default"
            },
            "androidwearos": {
                "font_name": "default"
            },
            "background_color": "ffffffff",
            "bg_type": "one",
            "border_color": "000000ff",
            "border_style": "plain",
            "border_type": 0,
            "border_width": 0,
            "desktopweb": {
                "font_name": "Helvetica"
            },
            "id": "sa545f59517346178b76e5ebae428639",
            "ipad": {
                "font_name": "System"
            },
            "iphone": {
                "font_name": "System"
            },
            "isDefaultSkin": false,
            "kiosk": {
                "font_name": "None"
            },
            "kuid": "sa545f59517346178b76e5ebae428639",
            "spaan": {
                "font_name": "Helvetica"
            },
            "spaandroidtablet": {
                "font_name": "Helvetica"
            },
            "spabb": {
                "font_name": "Helvetica"
            },
            "spaip": {
                "font_name": "Helvetica"
            },
            "spaipad": {
                "font_name": "Helvetica"
            },
            "spawindowstablet": {
                "font_name": "Helvetica"
            },
            "spawinphone8": {
                "font_name": "Helvetica"
            },
            "tabrcandroid": {
                "font_name": "default"
            },
            "wType": "FlexContainer",
            "watchos": {
                "font_name": "System"
            },
            "windows8": {
                "font_name": "None"
            },
            "winphone8": {
                "font_name": "None"
            }
        }
    },
    "sourceChannel": "mobile",
    "templateDef": {
        "DNDConfig": null,
        "__parentReadjusting__": false,
        "_height_": {
            "type": "string",
            "value": "100%"
        },
        "_left_": {
            "type": "string",
            "value": "0dp"
        },
        "_margin_": [
            0,
            0,
            0,
            0
        ],
        "_orientation_": 6,
        "_padding_": [
            0,
            0,
            0,
            0
        ],
        "_percent_": true,
        "_skin_": "whiteContainerSkin0f512e1e6e6534e",
        "_top_": {
            "type": "string",
            "value": "0dp"
        },
        "_width_": {
            "type": "string",
            "value": "100%"
        },
        "allboxes": [],
        "canUpdateUI": true,
        "children": [
            "headerContainer",
            "detailContainer"
        ],
        "clipbounds": true,
        "containerweight": 100,
        "detailContainer": {
            "DNDConfig": null,
            "__parentReadjusting__": false,
            "_bottom_": {
                "type": "number",
                "value": "0"
            },
            "_left_": {
                "type": "string",
                "value": "0dp"
            },
            "_margin_": [
                0,
                0,
                0,
                0
            ],
            "_orientation_": 6,
            "_padding_": [
                0,
                0,
                0,
                0
            ],
            "_percent_": true,
            "_skin_": "slFbox0g3ff1951ae0f4a",
            "_top_": {
                "type": "string",
                "value": "60dp"
            },
            "_width_": {
                "type": "string",
                "value": "100%"
            },
            "allboxes": [],
            "autogrowmode": 0,
            "canUpdateUI": true,
            "children": [
                "employeeDetailImage",
                "employeeNameLabel",
                "employeeTitleLabel",
                "employeeDetailsContent"
            ],
            "clipbounds": true,
            "containerweight": 100,
            "employeeDetailImage": {
                "@class": "com.kony.gen.viz.model.component.KVizImage2",
                "DNDConfig": null,
                "__parentReadjusting__": false,
                "_base64_": null,
                "_height_": {
                    "type": "string",
                    "value": "123dp"
                },
                "_left_": {
                    "type": "string",
                    "value": "7dp"
                },
                "_margin_": [
                    0,
                    0,
                    0,
                    0
                ],
                "_padding_": [
                    0,
                    0,
                    0,
                    0
                ],
                "_skin_": "slImage0jf89696b78d847",
                "_src_": "image1_1.png",
                "_top_": {
                    "type": "string",
                    "value": "26dp"
                },
                "_width_": {
                    "type": "string",
                    "value": "127dp"
                },
                "canUpdateUI": true,
                "centerx": {
                    "type": "string",
                    "value": "51.90%"
                },
                "containerweight": 100,
                "context": {
                    "channel": "mobile",
                    "platform": "iphone",
                    "templateType": "forms"
                },
                "id": "employeeDetailImage",
                "imagescalemode": 1,
                "info": null,
                "iscustomlayout": false,
                "isvisible": true,
                "kuid": "a28be142229a4848a820115895e51a18",
                "name": "kony.ui.Image2",
                "parent": "detailContainer",
                "pf": "collection-form",
                "retaincontentalignment": false,
                "retainflexpositionproperties": false,
                "srcType": 1,
                "wType": "Image",
                "widgetalignment": 5,
                "zindex": 1
            },
            "employeeDetailsContent": {
                "DNDConfig": null,
                "__parentReadjusting__": false,
                "_height_": {
                    "type": "ref",
                    "value": "preferred"
                },
                "_left_": {
                    "type": "string",
                    "value": "20dp"
                },
                "_margin_": [
                    0,
                    0,
                    0,
                    0
                ],
                "_orientation_": 6,
                "_padding_": [
                    0,
                    0,
                    0,
                    0
                ],
                "_percent_": true,
                "_right_": {
                    "type": "number",
                    "value": "20"
                },
                "_skin_": "slFbox0g3ff1951ae0f4a",
                "_top_": {
                    "type": "string",
                    "value": "260dp"
                },
                "allboxes": [],
                "autogrowmode": 1,
                "canUpdateUI": true,
                "children": [
                    "detailsRowContainer1",
                    "detailsRowContainer2",
                    "detailsRowContainer3",
                    "detailsRowContainer4"
                ],
                "clipbounds": true,
                "containerweight": 100,
                "detailsRowContainer1": {
                    "DNDConfig": null,
                    "__parentReadjusting__": false,
                    "_height_": {
                        "type": "string",
                        "value": "70dp"
                    },
                    "_left_": {
                        "type": "string",
                        "value": "0dp"
                    },
                    "_margin_": [
                        0,
                        0,
                        0,
                        0
                    ],
                    "_orientation_": 6,
                    "_padding_": [
                        0,
                        0,
                        0,
                        0
                    ],
                    "_percent_": true,
                    "_right_": 20,
                    "_skin_": "slFbox0g3ff1951ae0f4a",
                    "_top_": {
                        "type": "string",
                        "value": "0dp"
                    },
                    "_width_": {
                        "type": "string",
                        "value": "100%"
                    },
                    "allboxes": [],
                    "autogrowmode": 0,
                    "canUpdateUI": true,
                    "children": [
                        "employeeDetailsSegDivide1",
                        "employeeDetailsLabel1",
                        "employeeDetailsValue1"
                    ],
                    "clipbounds": true,
                    "containerweight": 100,
                    "employeeDetailsLabel1": {
                        "@class": "com.kony.gen.viz.model.component.KVizLabel",
                        "DNDConfig": null,
                        "__parentReadjusting__": false,
                        "_height_": {
                            "type": "ref",
                            "value": "preferred"
                        },
                        "_left_": {
                            "type": "string",
                            "value": "0dp"
                        },
                        "_margin_": [
                            1,
                            1,
                            1,
                            1
                        ],
                        "_padding_": [
                            0,
                            0,
                            0,
                            0
                        ],
                        "_skin_": "CopydefLabel0i5611e6e0e1b42",
                        "_text_": "EMAIL",
                        "_top_": {
                            "type": "number",
                            "value": "12"
                        },
                        "_width_": {
                            "type": "ref",
                            "value": "preferred"
                        },
                        "_wrapping_": 2,
                        "android": {
                            "textStyle": {
                                "letterSpacing": 0,
                                "strikeThrough": false
                            }
                        },
                        "canUpdateUI": true,
                        "containerweight": 100,
                        "contentalignment": 4,
                        "id": "employeeDetailsLabel1",
                        "info": null,
                        "ipad": {
                            "psp": {
                                "wrapping": 2
                            }
                        },
                        "iphone": {
                            "psp": {
                                "wrapping": 2
                            }
                        },
                        "iscustomlayout": false,
                        "isvisible": true,
                        "kuid": "b6faaaee03ad46b792d609f2d1ff3e3b",
                        "name": "kony.ui.Label",
                        "parent": "detailsRowContainer1",
                        "pf": "collection-form",
                        "retaincontentalignment": false,
                        "retainflexpositionproperties": false,
                        "textstyle": {},
                        "tooltip": "",
                        "wType": "Label",
                        "zindex": 1
                    },
                    "employeeDetailsSegDivide1": {
                        "DNDConfig": null,
                        "__parentReadjusting__": false,
                        "_bottom_": {
                            "type": "number",
                            "value": "0"
                        },
                        "_height_": {
                            "type": "string",
                            "value": "1dp"
                        },
                        "_left_": {
                            "type": "string",
                            "value": "0dp"
                        },
                        "_margin_": [
                            0,
                            0,
                            0,
                            0
                        ],
                        "_orientation_": 6,
                        "_padding_": [
                            0,
                            0,
                            0,
                            0
                        ],
                        "_percent_": true,
                        "_right_": {
                            "type": "number",
                            "value": "0"
                        },
                        "_skin_": "sepLineSkin0dd81b526f3f148",
                        "allboxes": [],
                        "autogrowmode": 0,
                        "canUpdateUI": true,
                        "children": [],
                        "clipbounds": true,
                        "containerweight": 100,
                        "enablescrolling": true,
                        "id": "employeeDetailsSegDivide1",
                        "info": null,
                        "iscustomlayout": false,
                        "isvisible": true,
                        "kuid": "i48800b453f9448a89a1a67fdedbeb08",
                        "layouttype": 2,
                        "name": "kony.ui.FlexContainer",
                        "parent": "detailsRowContainer1",
                        "pf": "collection-form",
                        "retaincontentalignment": false,
                        "retainflexpositionproperties": false,
                        "snapgridsize": 10,
                        "snaptogrid": true,
                        "wType": "FlexContainer",
                        "widgetalignment": 1,
                        "zindex": 1
                    },
                    "employeeDetailsValue1": {
                        "@class": "com.kony.gen.viz.model.component.KVizLabel",
                        "DNDConfig": null,
                        "__parentReadjusting__": false,
                        "_bottom_": {
                            "type": "number",
                            "value": "12"
                        },
                        "_height_": {
                            "type": "ref",
                            "value": "preferred"
                        },
                        "_left_": {
                            "type": "string",
                            "value": "0dp"
                        },
                        "_margin_": [
                            1,
                            1,
                            1,
                            1
                        ],
                        "_padding_": [
                            0,
                            0,
                            0,
                            0
                        ],
                        "_skin_": "CopydefLabel0j88f1f17fd394b",
                        "_text_": "johnson.george@acme.com",
                        "_width_": {
                            "type": "ref",
                            "value": "preferred"
                        },
                        "_wrapping_": 2,
                        "android": {
                            "textStyle": {
                                "letterSpacing": 0,
                                "strikeThrough": false
                            }
                        },
                        "canUpdateUI": true,
                        "containerweight": 100,
                        "contentalignment": 4,
                        "id": "employeeDetailsValue1",
                        "info": null,
                        "ipad": {
                            "psp": {
                                "wrapping": 2
                            }
                        },
                        "iphone": {
                            "psp": {
                                "wrapping": 2
                            }
                        },
                        "iscustomlayout": false,
                        "isvisible": true,
                        "kuid": "b7d7523048144a3db9f1e4a1e8487f52",
                        "name": "kony.ui.Label",
                        "parent": "detailsRowContainer1",
                        "pf": "collection-form",
                        "retaincontentalignment": false,
                        "retainflexpositionproperties": false,
                        "textstyle": {},
                        "tooltip": "",
                        "wType": "Label",
                        "zindex": 1
                    },
                    "enablescrolling": true,
                    "id": "detailsRowContainer1",
                    "info": null,
                    "iscustomlayout": false,
                    "isvisible": true,
                    "kuid": "b7d5776659ca4fad8f9676c3d1eae2e4",
                    "layouttype": 2,
                    "name": "kony.ui.FlexContainer",
                    "parent": "employeeDetailsContent",
                    "pf": "collection-form",
                    "retaincontentalignment": false,
                    "retainflexpositionproperties": false,
                    "snapgridsize": 10,
                    "snaptogrid": true,
                    "wType": "FlexContainer",
                    "widgetalignment": 1,
                    "zindex": 1
                },
                "detailsRowContainer2": {
                    "DNDConfig": null,
                    "__parentReadjusting__": false,
                    "_height_": {
                        "type": "string",
                        "value": "70dp"
                    },
                    "_left_": {
                        "type": "string",
                        "value": "0dp"
                    },
                    "_margin_": [
                        0,
                        0,
                        0,
                        0
                    ],
                    "_orientation_": 6,
                    "_padding_": [
                        0,
                        0,
                        0,
                        0
                    ],
                    "_percent_": true,
                    "_right_": 20,
                    "_skin_": "slFbox0g3ff1951ae0f4a",
                    "_top_": {
                        "type": "string",
                        "value": "0dp"
                    },
                    "_width_": {
                        "type": "string",
                        "value": "100%"
                    },
                    "allboxes": [],
                    "autogrowmode": 0,
                    "canUpdateUI": true,
                    "children": [
                        "employeeDetailsSegDivide2",
                        "employeeDetailsLabel2",
                        "employeeDetailsValue2"
                    ],
                    "clipbounds": true,
                    "containerweight": 100,
                    "employeeDetailsLabel2": {
                        "@class": "com.kony.gen.viz.model.component.KVizLabel",
                        "DNDConfig": null,
                        "__parentReadjusting__": false,
                        "_height_": {
                            "type": "ref",
                            "value": "preferred"
                        },
                        "_left_": {
                            "type": "string",
                            "value": "0dp"
                        },
                        "_margin_": [
                            1,
                            1,
                            1,
                            1
                        ],
                        "_padding_": [
                            0,
                            0,
                            0,
                            0
                        ],
                        "_skin_": "CopydefLabel0i5611e6e0e1b42",
                        "_text_": "WORK PHONE",
                        "_top_": {
                            "type": "string",
                            "value": "12dp"
                        },
                        "_width_": {
                            "type": "ref",
                            "value": "preferred"
                        },
                        "_wrapping_": 2,
                        "android": {
                            "textStyle": {
                                "letterSpacing": 0,
                                "strikeThrough": false
                            }
                        },
                        "canUpdateUI": true,
                        "containerweight": 100,
                        "contentalignment": 4,
                        "id": "employeeDetailsLabel2",
                        "info": null,
                        "ipad": {
                            "psp": {
                                "wrapping": 2
                            }
                        },
                        "iphone": {
                            "psp": {
                                "wrapping": 2
                            }
                        },
                        "iscustomlayout": false,
                        "isvisible": true,
                        "kuid": "a29dbf3749534936ab89e01ecd698db5",
                        "name": "kony.ui.Label",
                        "parent": "detailsRowContainer2",
                        "pf": "collection-form",
                        "retaincontentalignment": false,
                        "retainflexpositionproperties": false,
                        "textstyle": {},
                        "tooltip": "",
                        "wType": "Label",
                        "zindex": 1
                    },
                    "employeeDetailsSegDivide2": {
                        "DNDConfig": null,
                        "__parentReadjusting__": false,
                        "_bottom_": {
                            "type": "number",
                            "value": "0"
                        },
                        "_height_": {
                            "type": "string",
                            "value": "1dp"
                        },
                        "_left_": {
                            "type": "string",
                            "value": "0dp"
                        },
                        "_margin_": [
                            0,
                            0,
                            0,
                            0
                        ],
                        "_orientation_": 6,
                        "_padding_": [
                            0,
                            0,
                            0,
                            0
                        ],
                        "_percent_": true,
                        "_right_": {
                            "type": "number",
                            "value": "0"
                        },
                        "_skin_": "sepLineSkin0dd81b526f3f148",
                        "allboxes": [],
                        "autogrowmode": 0,
                        "canUpdateUI": true,
                        "children": [],
                        "clipbounds": true,
                        "containerweight": 100,
                        "enablescrolling": true,
                        "id": "employeeDetailsSegDivide2",
                        "info": null,
                        "iscustomlayout": false,
                        "isvisible": true,
                        "kuid": "g76d25526c6945df9e891753c3d5d36d",
                        "layouttype": 2,
                        "name": "kony.ui.FlexContainer",
                        "parent": "detailsRowContainer2",
                        "pf": "collection-form",
                        "retaincontentalignment": false,
                        "retainflexpositionproperties": false,
                        "snapgridsize": 10,
                        "snaptogrid": true,
                        "wType": "FlexContainer",
                        "widgetalignment": 1,
                        "zindex": 1
                    },
                    "employeeDetailsValue2": {
                        "@class": "com.kony.gen.viz.model.component.KVizLabel",
                        "DNDConfig": null,
                        "__parentReadjusting__": false,
                        "_bottom_": {
                            "type": "string",
                            "value": "12dp"
                        },
                        "_height_": {
                            "type": "ref",
                            "value": "preferred"
                        },
                        "_left_": {
                            "type": "string",
                            "value": "0dp"
                        },
                        "_margin_": [
                            1,
                            1,
                            1,
                            1
                        ],
                        "_padding_": [
                            0,
                            0,
                            0,
                            0
                        ],
                        "_skin_": "CopydefLabel0j88f1f17fd394b",
                        "_text_": "+1 321 449 5598",
                        "_width_": {
                            "type": "ref",
                            "value": "preferred"
                        },
                        "_wrapping_": 2,
                        "android": {
                            "textStyle": {
                                "letterSpacing": 0,
                                "strikeThrough": false
                            }
                        },
                        "canUpdateUI": true,
                        "containerweight": 100,
                        "contentalignment": 4,
                        "id": "employeeDetailsValue2",
                        "info": null,
                        "ipad": {
                            "psp": {
                                "wrapping": 2
                            }
                        },
                        "iphone": {
                            "psp": {
                                "wrapping": 2
                            }
                        },
                        "iscustomlayout": false,
                        "isvisible": true,
                        "kuid": "f5aeef32c5704127975c024f13fd373e",
                        "name": "kony.ui.Label",
                        "parent": "detailsRowContainer2",
                        "pf": "collection-form",
                        "retaincontentalignment": false,
                        "retainflexpositionproperties": false,
                        "textstyle": {},
                        "tooltip": "",
                        "wType": "Label",
                        "zindex": 1
                    },
                    "enablescrolling": true,
                    "id": "detailsRowContainer2",
                    "info": null,
                    "iscustomlayout": false,
                    "isvisible": true,
                    "kuid": "c67978f9080042a5afa423d72b984248",
                    "layouttype": 2,
                    "name": "kony.ui.FlexContainer",
                    "parent": "employeeDetailsContent",
                    "pf": "collection-form",
                    "retaincontentalignment": false,
                    "retainflexpositionproperties": false,
                    "snapgridsize": 10,
                    "snaptogrid": true,
                    "wType": "FlexContainer",
                    "widgetalignment": 1,
                    "zindex": 1
                },
                "detailsRowContainer3": {
                    "DNDConfig": null,
                    "__parentReadjusting__": false,
                    "_height_": {
                        "type": "string",
                        "value": "70dp"
                    },
                    "_left_": {
                        "type": "string",
                        "value": "0dp"
                    },
                    "_margin_": [
                        0,
                        0,
                        0,
                        0
                    ],
                    "_orientation_": 6,
                    "_padding_": [
                        0,
                        0,
                        0,
                        0
                    ],
                    "_percent_": true,
                    "_right_": 20,
                    "_skin_": "slFbox0g3ff1951ae0f4a",
                    "_top_": {
                        "type": "string",
                        "value": "0dp"
                    },
                    "_width_": {
                        "type": "string",
                        "value": "100%"
                    },
                    "allboxes": [],
                    "autogrowmode": 0,
                    "canUpdateUI": true,
                    "children": [
                        "employeeDetailsSegDivide3",
                        "employeeDetailsLabel3",
                        "employeeDetailsValue3"
                    ],
                    "clipbounds": true,
                    "containerweight": 100,
                    "employeeDetailsLabel3": {
                        "@class": "com.kony.gen.viz.model.component.KVizLabel",
                        "DNDConfig": null,
                        "__parentReadjusting__": false,
                        "_height_": {
                            "type": "ref",
                            "value": "preferred"
                        },
                        "_left_": {
                            "type": "string",
                            "value": "0dp"
                        },
                        "_margin_": [
                            1,
                            1,
                            1,
                            1
                        ],
                        "_padding_": [
                            0,
                            0,
                            0,
                            0
                        ],
                        "_skin_": "CopydefLabel0i5611e6e0e1b42",
                        "_text_": "DEPARTMENT",
                        "_top_": {
                            "type": "string",
                            "value": "12dp"
                        },
                        "_width_": {
                            "type": "ref",
                            "value": "preferred"
                        },
                        "_wrapping_": 2,
                        "android": {
                            "textStyle": {
                                "letterSpacing": 0,
                                "strikeThrough": false
                            }
                        },
                        "canUpdateUI": true,
                        "containerweight": 100,
                        "contentalignment": 4,
                        "id": "employeeDetailsLabel3",
                        "info": null,
                        "ipad": {
                            "psp": {
                                "wrapping": 2
                            }
                        },
                        "iphone": {
                            "psp": {
                                "wrapping": 2
                            }
                        },
                        "iscustomlayout": false,
                        "isvisible": true,
                        "kuid": "hfd85ffc90af468ab32d94937acf4ba9",
                        "name": "kony.ui.Label",
                        "parent": "detailsRowContainer3",
                        "pf": "collection-form",
                        "retaincontentalignment": false,
                        "retainflexpositionproperties": false,
                        "textstyle": {},
                        "tooltip": "",
                        "wType": "Label",
                        "zindex": 1
                    },
                    "employeeDetailsSegDivide3": {
                        "DNDConfig": null,
                        "__parentReadjusting__": false,
                        "_bottom_": {
                            "type": "number",
                            "value": "0"
                        },
                        "_height_": {
                            "type": "string",
                            "value": "1dp"
                        },
                        "_left_": {
                            "type": "string",
                            "value": "0dp"
                        },
                        "_margin_": [
                            0,
                            0,
                            0,
                            0
                        ],
                        "_orientation_": 6,
                        "_padding_": [
                            0,
                            0,
                            0,
                            0
                        ],
                        "_percent_": true,
                        "_right_": {
                            "type": "number",
                            "value": "0"
                        },
                        "_skin_": "sepLineSkin0dd81b526f3f148",
                        "allboxes": [],
                        "autogrowmode": 0,
                        "canUpdateUI": true,
                        "children": [],
                        "clipbounds": true,
                        "containerweight": 100,
                        "enablescrolling": true,
                        "id": "employeeDetailsSegDivide3",
                        "info": null,
                        "iscustomlayout": false,
                        "isvisible": true,
                        "kuid": "g446a1bfb2084226959a76627d192990",
                        "layouttype": 2,
                        "name": "kony.ui.FlexContainer",
                        "parent": "detailsRowContainer3",
                        "pf": "collection-form",
                        "retaincontentalignment": false,
                        "retainflexpositionproperties": false,
                        "snapgridsize": 10,
                        "snaptogrid": true,
                        "wType": "FlexContainer",
                        "widgetalignment": 1,
                        "zindex": 1
                    },
                    "employeeDetailsValue3": {
                        "@class": "com.kony.gen.viz.model.component.KVizLabel",
                        "DNDConfig": null,
                        "__parentReadjusting__": false,
                        "_bottom_": {
                            "type": "string",
                            "value": "12dp"
                        },
                        "_height_": {
                            "type": "ref",
                            "value": "preferred"
                        },
                        "_left_": {
                            "type": "string",
                            "value": "0dp"
                        },
                        "_margin_": [
                            1,
                            1,
                            1,
                            1
                        ],
                        "_padding_": [
                            0,
                            0,
                            0,
                            0
                        ],
                        "_skin_": "CopydefLabel0j88f1f17fd394b",
                        "_text_": "Platform Management",
                        "_width_": {
                            "type": "ref",
                            "value": "preferred"
                        },
                        "_wrapping_": 2,
                        "android": {
                            "textStyle": {
                                "letterSpacing": 0,
                                "strikeThrough": false
                            }
                        },
                        "canUpdateUI": true,
                        "containerweight": 100,
                        "contentalignment": 4,
                        "id": "employeeDetailsValue3",
                        "info": null,
                        "ipad": {
                            "psp": {
                                "wrapping": 2
                            }
                        },
                        "iphone": {
                            "psp": {
                                "wrapping": 2
                            }
                        },
                        "iscustomlayout": false,
                        "isvisible": true,
                        "kuid": "c9cc3f33824e4c94996db76345168fb2",
                        "name": "kony.ui.Label",
                        "parent": "detailsRowContainer3",
                        "pf": "collection-form",
                        "retaincontentalignment": false,
                        "retainflexpositionproperties": false,
                        "textstyle": {},
                        "tooltip": "",
                        "wType": "Label",
                        "zindex": 1
                    },
                    "enablescrolling": true,
                    "id": "detailsRowContainer3",
                    "info": null,
                    "iscustomlayout": false,
                    "isvisible": true,
                    "kuid": "jbd21eaf15c047c99d698f06b4a76afd",
                    "layouttype": 2,
                    "name": "kony.ui.FlexContainer",
                    "parent": "employeeDetailsContent",
                    "pf": "collection-form",
                    "retaincontentalignment": false,
                    "retainflexpositionproperties": false,
                    "snapgridsize": 10,
                    "snaptogrid": true,
                    "wType": "FlexContainer",
                    "widgetalignment": 1,
                    "zindex": 1
                },
                "detailsRowContainer4": {
                    "DNDConfig": null,
                    "__parentReadjusting__": false,
                    "_height_": {
                        "type": "string",
                        "value": "70dp"
                    },
                    "_left_": {
                        "type": "string",
                        "value": "0dp"
                    },
                    "_margin_": [
                        0,
                        0,
                        0,
                        0
                    ],
                    "_orientation_": 6,
                    "_padding_": [
                        0,
                        0,
                        0,
                        0
                    ],
                    "_percent_": true,
                    "_right_": 20,
                    "_skin_": "slFbox0g3ff1951ae0f4a",
                    "_top_": {
                        "type": "string",
                        "value": "0dp"
                    },
                    "_width_": {
                        "type": "string",
                        "value": "100%"
                    },
                    "allboxes": [],
                    "autogrowmode": 0,
                    "canUpdateUI": true,
                    "children": [
                        "employeeDetailsSegDivide4",
                        "employeeDetailsLabel4",
                        "employeeDetailsValue4"
                    ],
                    "clipbounds": true,
                    "containerweight": 100,
                    "employeeDetailsLabel4": {
                        "@class": "com.kony.gen.viz.model.component.KVizLabel",
                        "DNDConfig": null,
                        "__parentReadjusting__": false,
                        "_height_": {
                            "type": "ref",
                            "value": "preferred"
                        },
                        "_left_": {
                            "type": "string",
                            "value": "0dp"
                        },
                        "_margin_": [
                            1,
                            1,
                            1,
                            1
                        ],
                        "_padding_": [
                            0,
                            0,
                            0,
                            0
                        ],
                        "_skin_": "CopydefLabel0i5611e6e0e1b42",
                        "_text_": "REPORTING TO",
                        "_top_": {
                            "type": "string",
                            "value": "12dp"
                        },
                        "_width_": {
                            "type": "ref",
                            "value": "preferred"
                        },
                        "_wrapping_": 2,
                        "android": {
                            "textStyle": {
                                "letterSpacing": 0,
                                "strikeThrough": false
                            }
                        },
                        "canUpdateUI": true,
                        "containerweight": 100,
                        "contentalignment": 4,
                        "id": "employeeDetailsLabel4",
                        "info": null,
                        "ipad": {
                            "psp": {
                                "wrapping": 2
                            }
                        },
                        "iphone": {
                            "psp": {
                                "wrapping": 2
                            }
                        },
                        "iscustomlayout": false,
                        "isvisible": true,
                        "kuid": "if68680328e4438cbb4ea10bf1646e73",
                        "name": "kony.ui.Label",
                        "parent": "detailsRowContainer4",
                        "pf": "collection-form",
                        "retaincontentalignment": false,
                        "retainflexpositionproperties": false,
                        "textstyle": {},
                        "tooltip": "",
                        "wType": "Label",
                        "zindex": 1
                    },
                    "employeeDetailsSegDivide4": {
                        "DNDConfig": null,
                        "__parentReadjusting__": false,
                        "_bottom_": {
                            "type": "number",
                            "value": "0"
                        },
                        "_height_": {
                            "type": "string",
                            "value": "1dp"
                        },
                        "_left_": {
                            "type": "string",
                            "value": "0dp"
                        },
                        "_margin_": [
                            0,
                            0,
                            0,
                            0
                        ],
                        "_orientation_": 6,
                        "_padding_": [
                            0,
                            0,
                            0,
                            0
                        ],
                        "_percent_": true,
                        "_right_": {
                            "type": "number",
                            "value": "0"
                        },
                        "_skin_": "sepLineSkin0dd81b526f3f148",
                        "allboxes": [],
                        "autogrowmode": 0,
                        "canUpdateUI": true,
                        "children": [],
                        "clipbounds": true,
                        "containerweight": 100,
                        "enablescrolling": true,
                        "id": "employeeDetailsSegDivide4",
                        "info": null,
                        "iscustomlayout": false,
                        "isvisible": true,
                        "kuid": "hd620bbb26cb452caca0c6ef393e4d49",
                        "layouttype": 2,
                        "name": "kony.ui.FlexContainer",
                        "parent": "detailsRowContainer4",
                        "pf": "collection-form",
                        "retaincontentalignment": false,
                        "retainflexpositionproperties": false,
                        "snapgridsize": 10,
                        "snaptogrid": true,
                        "wType": "FlexContainer",
                        "widgetalignment": 1,
                        "zindex": 1
                    },
                    "employeeDetailsValue4": {
                        "@class": "com.kony.gen.viz.model.component.KVizLabel",
                        "DNDConfig": null,
                        "__parentReadjusting__": false,
                        "_bottom_": {
                            "type": "string",
                            "value": "12dp"
                        },
                        "_height_": {
                            "type": "ref",
                            "value": "preferred"
                        },
                        "_left_": {
                            "type": "string",
                            "value": "0dp"
                        },
                        "_margin_": [
                            1,
                            1,
                            1,
                            1
                        ],
                        "_padding_": [
                            0,
                            0,
                            0,
                            0
                        ],
                        "_skin_": "CopydefLabel0j88f1f17fd394b",
                        "_text_": "Ed Gross",
                        "_width_": {
                            "type": "ref",
                            "value": "preferred"
                        },
                        "_wrapping_": 2,
                        "android": {
                            "textStyle": {
                                "letterSpacing": 0,
                                "strikeThrough": false
                            }
                        },
                        "canUpdateUI": true,
                        "containerweight": 100,
                        "contentalignment": 4,
                        "id": "employeeDetailsValue4",
                        "info": null,
                        "ipad": {
                            "psp": {
                                "wrapping": 2
                            }
                        },
                        "iphone": {
                            "psp": {
                                "wrapping": 2
                            }
                        },
                        "iscustomlayout": false,
                        "isvisible": true,
                        "kuid": "ee35a39f230044bcbd87e0ecf33b80a2",
                        "name": "kony.ui.Label",
                        "parent": "detailsRowContainer4",
                        "pf": "collection-form",
                        "retaincontentalignment": false,
                        "retainflexpositionproperties": false,
                        "textstyle": {},
                        "tooltip": "",
                        "wType": "Label",
                        "zindex": 1
                    },
                    "enablescrolling": true,
                    "id": "detailsRowContainer4",
                    "info": null,
                    "iscustomlayout": false,
                    "isvisible": true,
                    "kuid": "d85076585dd84b23b0130982bc16e66e",
                    "layouttype": 2,
                    "name": "kony.ui.FlexContainer",
                    "parent": "employeeDetailsContent",
                    "pf": "collection-form",
                    "retaincontentalignment": false,
                    "retainflexpositionproperties": false,
                    "snapgridsize": 10,
                    "snaptogrid": true,
                    "wType": "FlexContainer",
                    "widgetalignment": 1,
                    "zindex": 1
                },
                "enablescrolling": true,
                "id": "employeeDetailsContent",
                "info": null,
                "iscustomlayout": false,
                "isvisible": true,
                "kuid": "gc0f5bce152349bb942f3fe9091354eb",
                "layouttype": 4,
                "name": "kony.ui.FlexContainer",
                "parent": "detailContainer",
                "pf": "collection-form",
                "retaincontentalignment": false,
                "retainflexpositionproperties": false,
                "snapgridsize": 10,
                "snaptogrid": true,
                "wType": "FlexContainer",
                "widgetalignment": 1
            },
            "employeeNameLabel": {
                "@class": "com.kony.gen.viz.model.component.KVizLabel",
                "DNDConfig": null,
                "__parentReadjusting__": false,
                "_height_": {
                    "type": "ref",
                    "value": "preferred"
                },
                "_left_": {
                    "type": "string",
                    "value": "0dp"
                },
                "_margin_": [
                    1,
                    1,
                    1,
                    1
                ],
                "_padding_": [
                    0,
                    0,
                    0,
                    0
                ],
                "_skin_": "CopydefLabel0h8f6a3e97c2840",
                "_text_": "Kenneth George",
                "_top_": {
                    "type": "string",
                    "value": "159dp"
                },
                "_width_": {
                    "type": "ref",
                    "value": "preferred"
                },
                "_wrapping_": 2,
                "android": {
                    "textStyle": {
                        "letterSpacing": 0,
                        "strikeThrough": false
                    }
                },
                "canUpdateUI": true,
                "centerx": {
                    "type": "string",
                    "value": "50.00%"
                },
                "containerweight": 100,
                "contentalignment": 5,
                "id": "employeeNameLabel",
                "info": null,
                "ipad": {
                    "psp": {
                        "wrapping": 2
                    }
                },
                "iphone": {
                    "psp": {
                        "wrapping": 2
                    }
                },
                "iscustomlayout": false,
                "isvisible": true,
                "kuid": "d94d69e4913542c28225a8d066608755",
                "name": "kony.ui.Label",
                "parent": "detailContainer",
                "pf": "collection-form",
                "retaincontentalignment": false,
                "retainflexpositionproperties": false,
                "textstyle": {},
                "tooltip": "",
                "wType": "Label",
                "zindex": 1
            },
            "employeeTitleLabel": {
                "@class": "com.kony.gen.viz.model.component.KVizLabel",
                "DNDConfig": null,
                "__parentReadjusting__": false,
                "_height_": {
                    "type": "ref",
                    "value": "preferred"
                },
                "_left_": {
                    "type": "string",
                    "value": "0dp"
                },
                "_margin_": [
                    1,
                    1,
                    1,
                    1
                ],
                "_padding_": [
                    0,
                    0,
                    0,
                    0
                ],
                "_skin_": "CopydefLabel0i5611e6e0e1b42",
                "_text_": "Sales Engineer",
                "_top_": {
                    "type": "string",
                    "value": "183dp"
                },
                "_width_": {
                    "type": "ref",
                    "value": "preferred"
                },
                "_wrapping_": 2,
                "android": {
                    "textStyle": {
                        "letterSpacing": 0,
                        "strikeThrough": false
                    }
                },
                "canUpdateUI": true,
                "centerx": {
                    "type": "string",
                    "value": "50.00%"
                },
                "containerweight": 100,
                "contentalignment": 5,
                "id": "employeeTitleLabel",
                "info": null,
                "ipad": {
                    "psp": {
                        "wrapping": 2
                    }
                },
                "iphone": {
                    "psp": {
                        "wrapping": 2
                    }
                },
                "iscustomlayout": false,
                "isvisible": true,
                "kuid": "ce029d03247f47708be95876d7653125",
                "name": "kony.ui.Label",
                "parent": "detailContainer",
                "pf": "collection-form",
                "retaincontentalignment": false,
                "retainflexpositionproperties": false,
                "textstyle": {},
                "tooltip": "",
                "wType": "Label",
                "zindex": 1
            },
            "enablescrolling": true,
            "id": "detailContainer",
            "info": null,
            "iscustomlayout": false,
            "isvisible": true,
            "kuid": "db5336e501c149a8bf9703cd481a9b88",
            "layouttype": 2,
            "masterType": 1,
            "name": "kony.ui.FlexContainer",
            "parent": "masterContainer",
            "pf": "collection-form",
            "retaincontentalignment": false,
            "retainflexpositionproperties": false,
            "snapgridsize": 10,
            "snaptogrid": true,
            "wType": "FlexContainer",
            "widgetalignment": 1
        },
        "enablescrolling": true,
        "headerContainer": {
            "DNDConfig": null,
            "__parentReadjusting__": false,
            "_height_": {
                "type": "string",
                "value": "60dp"
            },
            "_left_": {
                "type": "string",
                "value": "0dp"
            },
            "_margin_": [
                0,
                0,
                0,
                0
            ],
            "_orientation_": 6,
            "_padding_": [
                0,
                0,
                0,
                0
            ],
            "_percent_": true,
            "_skin_": "CopyslFbox0i5b26086072a46",
            "_top_": {
                "type": "string",
                "value": "0dp"
            },
            "_width_": {
                "type": "string",
                "value": "100%"
            },
            "allboxes": [],
            "autogrowmode": 0,
            "canUpdateUI": true,
            "children": [
                "headerDivider",
                "headerTitle",
                "headerLogoutImage",
                "headerLogoutButton",
                "headerBackChevron",
                "headerBackButton"
            ],
            "clipbounds": true,
            "containerweight": 100,
            "enablescrolling": true,
            "headerBackButton": {
                "@class": "com.kony.gen.viz.model.component.KVizButton",
                "DNDConfig": null,
                "__parentReadjusting__": false,
                "_height_": {
                    "type": "string",
                    "value": "100%"
                },
                "_left_": {
                    "type": "number",
                    "value": "0"
                },
                "_margin_": [
                    6,
                    6,
                    6,
                    6
                ],
                "_padding_": [
                    0,
                    0,
                    0,
                    0
                ],
                "_right_": {
                    "type": "number",
                    "value": "0"
                },
                "_skin_": "headerButtonSkin0f5b6eb5cc1594c",
                "_text_": "Button",
                "_top_": {
                    "type": "string",
                    "value": "0dp"
                },
                "_width_": {
                    "type": "string",
                    "value": "56dp"
                },
                "canUpdateUI": true,
                "containerweight": 100,
                "contentalignment": 5,
                "displaytext": false,
                "focusskin": "headerButtonSkin0f5b6eb5cc1594c",
                "id": "headerBackButton",
                "info": null,
                "iscustomlayout": false,
                "isvisible": true,
                "kuid": "h982c14786f24c429487fcd9437c6ab8",
                "name": "kony.ui.Button",
                "parent": "headerContainer",
                "pf": "collection-form",
                "retaincontentalignment": false,
                "retainflexpositionproperties": false,
                "wType": "Button",
                "zindex": 1
            },
            "headerBackChevron": {
                "@class": "com.kony.gen.viz.model.component.KVizImage2",
                "DNDConfig": null,
                "__parentReadjusting__": false,
                "_base64_": null,
                "_height_": {
                    "type": "string",
                    "value": "18dp"
                },
                "_left_": {
                    "type": "number",
                    "value": "14"
                },
                "_margin_": [
                    0,
                    0,
                    0,
                    0
                ],
                "_padding_": [
                    0,
                    0,
                    0,
                    0
                ],
                "_right_": {
                    "type": "number",
                    "value": "16"
                },
                "_skin_": "slImage0jf89696b78d847",
                "_src_": "backicon_1.png",
                "_top_": {
                    "type": "string",
                    "value": "16dp"
                },
                "_width_": {
                    "type": "string",
                    "value": "18dp"
                },
                "canUpdateUI": true,
                "centery": {
                    "type": "string",
                    "value": "50%"
                },
                "containerweight": 100,
                "context": {
                    "channel": "mobile",
                    "platform": "iphone",
                    "templateType": "forms"
                },
                "id": "headerBackChevron",
                "imagescalemode": 1,
                "info": null,
                "invokedProperty": "src",
                "iscustomlayout": false,
                "isvisible": true,
                "kuid": "ibcc0cbeda5c420ab83943dea7b030d3",
                "name": "kony.ui.Image2",
                "parent": "headerContainer",
                "pf": "collection-form",
                "retaincontentalignment": false,
                "retainflexpositionproperties": false,
                "srcType": 1,
                "wType": "Image",
                "widgetalignment": 5,
                "zindex": 1
            },
            "headerDivider": {
                "DNDConfig": null,
                "__parentReadjusting__": false,
                "_bottom_": {
                    "type": "number",
                    "value": "0"
                },
                "_height_": {
                    "type": "string",
                    "value": "1dp"
                },
                "_left_": {
                    "type": "string",
                    "value": "0dp"
                },
                "_margin_": [
                    0,
                    0,
                    0,
                    0
                ],
                "_orientation_": 6,
                "_padding_": [
                    0,
                    0,
                    0,
                    0
                ],
                "_percent_": true,
                "_skin_": "sepLineSkin0dd81b526f3f148",
                "_width_": {
                    "type": "string",
                    "value": "100%"
                },
                "allboxes": [],
                "autogrowmode": 0,
                "canUpdateUI": true,
                "children": [],
                "clipbounds": true,
                "containerweight": 100,
                "enablescrolling": true,
                "id": "headerDivider",
                "info": null,
                "iscustomlayout": false,
                "isvisible": true,
                "kuid": "dcc383c9eaeb48deb6e0954748cb3acc",
                "layouttype": 2,
                "name": "kony.ui.FlexContainer",
                "parent": "headerContainer",
                "pf": "collection-form",
                "retaincontentalignment": false,
                "retainflexpositionproperties": false,
                "snapgridsize": 10,
                "snaptogrid": true,
                "wType": "FlexContainer",
                "widgetalignment": 1,
                "zindex": 1
            },
            "headerLogoutButton": {
                "@class": "com.kony.gen.viz.model.component.KVizButton",
                "DNDConfig": null,
                "__parentReadjusting__": false,
                "_height_": {
                    "type": "string",
                    "value": "100%"
                },
                "_margin_": [
                    6,
                    6,
                    6,
                    6
                ],
                "_padding_": [
                    0,
                    0,
                    0,
                    0
                ],
                "_right_": {
                    "type": "number",
                    "value": "0"
                },
                "_skin_": "headerButtonSkin0f5b6eb5cc1594c",
                "_text_": "Button",
                "_top_": {
                    "type": "string",
                    "value": "0dp"
                },
                "_width_": {
                    "type": "string",
                    "value": "56dp"
                },
                "canUpdateUI": true,
                "containerweight": 100,
                "contentalignment": 5,
                "displaytext": false,
                "focusskin": "headerButtonSkin0f5b6eb5cc1594c",
                "id": "headerLogoutButton",
                "info": null,
                "iscustomlayout": false,
                "isvisible": true,
                "kuid": "j20b9f5190e04a1d8a00dbf7fc04941d",
                "name": "kony.ui.Button",
                "parent": "headerContainer",
                "pf": "collection-form",
                "retaincontentalignment": false,
                "retainflexpositionproperties": false,
                "wType": "Button",
                "zindex": 1
            },
            "headerLogoutImage": {
                "@class": "com.kony.gen.viz.model.component.KVizImage2",
                "DNDConfig": null,
                "__parentReadjusting__": false,
                "_base64_": null,
                "_height_": {
                    "type": "string",
                    "value": "22dp"
                },
                "_margin_": [
                    0,
                    0,
                    0,
                    0
                ],
                "_padding_": [
                    0,
                    0,
                    0,
                    0
                ],
                "_right_": {
                    "type": "number",
                    "value": "16"
                },
                "_skin_": "slImage0jf89696b78d847",
                "_src_": "logouticon_2.png",
                "_top_": {
                    "type": "string",
                    "value": "16dp"
                },
                "_width_": {
                    "type": "string",
                    "value": "22dp"
                },
                "canUpdateUI": true,
                "centery": {
                    "type": "string",
                    "value": "50%"
                },
                "containerweight": 100,
                "context": {
                    "channel": "mobile",
                    "platform": "iphone",
                    "templateType": "forms"
                },
                "id": "headerLogoutImage",
                "imagescalemode": 1,
                "info": null,
                "iscustomlayout": false,
                "isvisible": true,
                "kuid": "adb210698e7d4da5ab62d57d1511792a",
                "name": "kony.ui.Image2",
                "parent": "headerContainer",
                "pf": "collection-form",
                "retaincontentalignment": false,
                "retainflexpositionproperties": false,
                "srcType": 1,
                "wType": "Image",
                "widgetalignment": 5,
                "zindex": 1
            },
            "headerTitle": {
                "@class": "com.kony.gen.viz.model.component.KVizLabel",
                "DNDConfig": null,
                "__parentReadjusting__": false,
                "_bottom_": {
                    "type": "string",
                    "value": "18dp"
                },
                "_height_": {
                    "type": "ref",
                    "value": "preferred"
                },
                "_left_": {
                    "type": "string",
                    "value": "139dp"
                },
                "_margin_": [
                    1,
                    1,
                    1,
                    1
                ],
                "_padding_": [
                    0,
                    0,
                    0,
                    0
                ],
                "_skin_": "CopydefLabel0b71c854c1aff4e",
                "_text_": "Employee Details",
                "_width_": {
                    "type": "string",
                    "value": "60%"
                },
                "_wrapping_": 2,
                "android": {
                    "textStyle": {
                        "letterSpacing": 0,
                        "strikeThrough": false
                    }
                },
                "canUpdateUI": true,
                "centerx": {
                    "type": "string",
                    "value": "50%"
                },
                "containerweight": 100,
                "contentalignment": 5,
                "id": "headerTitle",
                "info": null,
                "ipad": {
                    "psp": {
                        "wrapping": 2
                    }
                },
                "iphone": {
                    "psp": {
                        "wrapping": 2
                    }
                },
                "iscustomlayout": false,
                "isvisible": true,
                "kuid": "j0854d79761e4680a6e6f73122365300",
                "name": "kony.ui.Label",
                "parent": "headerContainer",
                "pf": "collection-form",
                "retaincontentalignment": false,
                "retainflexpositionproperties": false,
                "textstyle": {},
                "tooltip": "",
                "wType": "Label",
                "zindex": 1
            },
            "id": "headerContainer",
            "info": null,
            "iscustomlayout": false,
            "isvisible": true,
            "kuid": "g14cb7cafff14fe1808e0b56643a56ec",
            "layouttype": 2,
            "masterType": 1,
            "name": "kony.ui.FlexContainer",
            "parent": "masterContainer",
            "pf": "collection-form",
            "retaincontentalignment": false,
            "retainflexpositionproperties": false,
            "snapgridsize": 10,
            "snaptogrid": true,
            "wType": "FlexContainer",
            "widgetalignment": 1,
            "zindex": 1
        },
        "id": "masterContainer",
        "info": null,
        "iscustomlayout": false,
        "isvisible": true,
        "kuid": "fe1dddb4d2f84597b63ff300ff4928e2",
        "layouttype": 2,
        "masterType": 1,
        "name": "kony.ui.FlexContainer",
        "parent": "collection-form",
        "pf": "collection-form",
        "retaincontentalignment": false,
        "retainflexpositionproperties": false,
        "snapgridsize": 10,
        "snaptogrid": true,
        "wType": "FlexContainer",
        "widgetalignment": 1
    }
}