{
    "@class": "com.kony.gen.viz.model.component.KVizButton",
    "DNDConfig": null,
    "__parentReadjusting__": false,
    "_height_": {
        "type": "string",
        "value": "50dp"
    },
    "_left_": {
        "type": "string",
        "value": "0dp"
    },
    "_margin_": [
        6,
        6,
        6,
        6
    ],
    "_padding_": [
        0,
        0,
        0,
        0
    ],
    "_right_": {
        "type": "number",
        "value": "0"
    },
    "_skin_": "sa762619a5904b4b8130180b4176b01c",
    "_text_": "Login",
    "_top_": {
        "type": "string",
        "value": "37dp"
    },
    "_width_": {
        "type": "string",
        "value": "100%"
    },
    "canUpdateUI": true,
    "containerweight": 100,
    "contentalignment": 5,
    "displaytext": true,
    "focusskin": "s748c8595ed64238b89661d41934a4c8",
    "id": "loginButton",
    "info": null,
    "iscustomlayout": false,
    "isvisible": true,
    "kuid": "g4187534e3b44da093a33b446861fb31",
    "name": "kony.ui.Button",
    "onclick": "AS_Button_e20557e051ad409088db247549f387d9",
    "parent": "paddingContainer",
    "pf": "frmLogin",
    "retaincontentalignment": false,
    "retainflexpositionproperties": false,
    "wType": "Button",
    "zindex": 1
}