{
    "@class": "com.kony.gen.viz.model.component.KVizLabel",
    "DNDConfig": null,
    "__parentReadjusting__": false,
    "_height_": {
        "type": "ref",
        "value": "preferred"
    },
    "_left_": {
        "type": "string",
        "value": "51.50%"
    },
    "_margin_": [
        1,
        1,
        1,
        1
    ],
    "_padding_": [
        0,
        0,
        0,
        0
    ],
    "_right_": {
        "type": "string",
        "value": "0%"
    },
    "_skin_": "s4cbf9c6567a4a8cb89de2a2b2938768",
    "_text_": "Directory",
    "_top_": {
        "type": "string",
        "value": "0dp"
    },
    "_wrapping_": 2,
    "canUpdateUI": true,
    "containerweight": 100,
    "contentalignment": 4,
    "id": "loginTitleDirectory",
    "info": null,
    "iscustomlayout": false,
    "isvisible": true,
    "kuid": "b39ee2e081ae43b3bebaf5c29cb1a507",
    "name": "kony.ui.Label",
    "parent": "loginTitleContainer",
    "pf": "frmLogin",
    "retaincontentalignment": false,
    "retainflexpositionproperties": false,
    "textstyle": {},
    "tooltip": "",
    "wType": "Label",
    "zindex": 1
}