{
    "DNDConfig": null,
    "__parentReadjusting__": false,
    "_height_": {
        "type": "string",
        "value": "43dp"
    },
    "_left_": {
        "type": "string",
        "value": "0dp"
    },
    "_margin_": [
        0,
        0,
        0,
        0
    ],
    "_orientation_": 6,
    "_padding_": [
        0,
        0,
        0,
        0
    ],
    "_percent_": true,
    "_right_": {
        "type": "number",
        "value": "0"
    },
    "_skin_": "sac16000a4d846d3bd0d02154e1ebc83",
    "_top_": {
        "type": "string",
        "value": "13dp"
    },
    "allboxes": [],
    "canUpdateUI": true,
    "centerx": {
        "type": "string",
        "value": "50%"
    },
    "children": [
        "loginTitleEmployee",
        "loginTitleDirectory"
    ],
    "clipbounds": true,
    "containerweight": 100,
    "enablescrolling": true,
    "id": "loginTitleContainer",
    "info": null,
    "iscustomlayout": false,
    "isvisible": true,
    "kuid": "f0ff3bd2c00f4f59a43d11f2d80ffe97",
    "layouttype": 2,
    "name": "kony.ui.FlexContainer",
    "parent": "paddingContainer",
    "pf": "frmLogin",
    "responsiveData": {
        "b3": {
            "height": {
                "type": "string",
                "value": "33dp"
            }
        }
    },
    "retaincontentalignment": false,
    "retainflexpositionproperties": false,
    "snapgridsize": 10,
    "snaptogrid": true,
    "wType": "FlexContainer",
    "widgetalignment": 1,
    "zindex": 1
}