{
    "DNDConfig": null,
    "__parentReadjusting__": false,
    "_height_": {
        "type": "string",
        "value": "53dp"
    },
    "_left_": {
        "type": "string",
        "value": "0dp"
    },
    "_margin_": [
        0,
        0,
        0,
        0
    ],
    "_orientation_": 6,
    "_padding_": [
        0,
        0,
        0,
        0
    ],
    "_percent_": true,
    "_right_": {
        "type": "number",
        "value": "0"
    },
    "_skin_": "sac16000a4d846d3bd0d02154e1ebc83",
    "_top_": {
        "type": "string",
        "value": "3.8999999999999986%"
    },
    "allboxes": [],
    "autogrowmode": 0,
    "canUpdateUI": true,
    "children": [
        "passwordLine",
        "passwordTextbox"
    ],
    "clipbounds": true,
    "containerweight": 100,
    "enablescrolling": true,
    "id": "passwordFIeldContainer",
    "info": null,
    "iscustomlayout": false,
    "isvisible": true,
    "kuid": "a939435e66db45d485c7241dc427523b",
    "layouttype": 2,
    "name": "kony.ui.FlexContainer",
    "parent": "paddingContainer",
    "pf": "frmLogin",
    "retaincontentalignment": false,
    "retainflexpositionproperties": false,
    "snapgridsize": 10,
    "snaptogrid": true,
    "wType": "FlexContainer",
    "widgetalignment": 1,
    "zindex": 1
}