{
  "android": {
    "font_name": "default"
  },
  "androidwearos": {
    "font_name": "default"
  },
  "background_color": "00000000",
  "bg_type": "one",
  "border_color": "424242ff",
  "border_style": "plain",
  "border_type": 0,
  "border_width": 0,
  "delinkedPltfrms": {
    "androidwear": [],
    "desktop": [
      "desktopweb"
    ],
    "mobile": [],
    "tablet": [
      "ipad"
    ],
    "watch": []
  },
  "desktopweb": {
    "font_name": "Helvetica",
    "isForked": true
  },
  "font_color": "333333ff",
  "font_name": "iphoneSystem",
  "font_size": 200,
  "font_style": "normal",
  "font_weight": "normal",
  "ipad": {
    "font_name": "System-Bold",
    "isForked": true
  },
  "iphone": {
    "font_name": "System-Bold"
  },
  "isDefaultSkin": false,
  "kiosk": {
    "font_name": "None"
  },
  "kuid": "s565f918027e4083a7a977f1d2ffea9c",
  "spaan": {
    "font_name": "Helvetica"
  },
  "spaandroidtablet": {
    "font_name": "Helvetica"
  },
  "spabb": {
    "font_name": "Helvetica"
  },
  "spaip": {
    "font_name": "Helvetica"
  },
  "spaipad": {
    "font_name": "Helvetica"
  },
  "spawindowstablet": {
    "font_name": "Helvetica"
  },
  "spawinphone8": {
    "font_name": "Helvetica"
  },
  "tabrcandroid": {
    "font_name": "default"
  },
  "wType": "Label",
  "watchos": {
    "font_name": "System"
  },
  "windows8": {
    "font_name": "None"
  },
  "winphone8": {
    "font_name": "None"
  }
}