{
  "android": {
    "font_name": "default"
  },
  "androidwearos": {
    "font_name": "default"
  },
  "background_color": "ffffffff",
  "bg_type": "one",
  "border_color": "333333ff",
  "border_style": "plain",
  "border_type": 0,
  "border_width": 1,
  "bottom_left_border_style": "plain",
  "bottom_left_border_width": "0",
  "bottom_right_border_style": "plain",
  "bottom_right_border_width": "0",
  "font_color": "999999ff",
  "font_name": "iphoneSystem",
  "font_size": 107,
  "ipad": {
    "font_name": "System"
  },
  "iphone": {
    "font_name": "System"
  },
  "isDefaultSkin": false,
  "kiosk": {
    "font_name": "None"
  },
  "kuid": "s463aed5000f4927ae670619ac65ea5d",
  "spaan": {
    "font_name": "Helvetica"
  },
  "spaandroidtablet": {
    "font_name": "Helvetica"
  },
  "spabb": {
    "font_name": "Helvetica"
  },
  "spaip": {
    "font_name": "Helvetica"
  },
  "spaipad": {
    "font_name": "Helvetica"
  },
  "spawindowstablet": {
    "font_name": "Helvetica"
  },
  "spawinphone8": {
    "font_name": "Helvetica"
  },
  "tabrcandroid": {
    "font_name": "default"
  },
  "top_left_border_style": "plain",
  "top_left_border_width": "0",
  "top_right_border_style": "plain",
  "top_right_border_width": "0",
  "wType": "TextField",
  "watchos": {
    "font_name": "System"
  },
  "windows8": {
    "font_name": "None"
  },
  "winphone8": {
    "font_name": "None"
  }
}