{
  "android": {
    "font_name": "default",
    "font_size": 54,
    "isForked": false
  },
  "androidwearos": {
    "font_name": "default",
    "font_size": 107,
    "isForked": false
  },
  "background_color": "00000000",
  "bg_type": "one",
  "border_color": "424242ff",
  "border_style": "plain",
  "border_type": 0,
  "border_width": 0,
  "delinkedPltfrms": {
    "androidwear": [],
    "desktop": [
      "desktopweb"
    ],
    "mobile": [
      "iphone"
    ],
    "tablet": [
      "ipad"
    ],
    "watch": []
  },
  "desktopweb": {
    "font_name": "Helvetica",
    "font_size": 100,
    "isForked": true
  },
  "fontSizeInPx": true,
  "font_color": "333333ff",
  "font_name": "iphoneSystem",
  "font_size": 107,
  "font_style": "normal",
  "font_weight": "normal",
  "ipad": {
    "font_name": "System",
    "font_size": 79,
    "isForked": true
  },
  "iphone": {
    "font_name": "System",
    "font_size": 81,
    "isForked": true
  },
  "isDefaultSkin": false,
  "kiosk": {
    "font_name": "None",
    "font_size": 188,
    "isForked": false
  },
  "kuid": "s564cf76d6514f979c0eab0f8e96fec8",
  "spaan": {
    "font_name": "Helvetica",
    "font_size": 100,
    "isForked": false
  },
  "spaandroidtablet": {
    "font_name": "Helvetica",
    "font_size": 94,
    "isForked": false
  },
  "spabb": {
    "font_name": "Helvetica",
    "font_size": 115,
    "isForked": false
  },
  "spaip": {
    "font_name": "Helvetica",
    "font_size": 125,
    "isForked": false
  },
  "spaipad": {
    "font_name": "Helvetica",
    "font_size": 88,
    "isForked": false
  },
  "spawindowstablet": {
    "font_name": "Helvetica",
    "font_size": 88,
    "isForked": false
  },
  "spawinphone8": {
    "font_name": "Helvetica",
    "font_size": 125,
    "isForked": false
  },
  "tabrcandroid": {
    "font_name": "default",
    "font_size": 178,
    "isForked": false
  },
  "wType": "Label",
  "watchos": {
    "font_name": "System",
    "font_size": 107,
    "isForked": false
  },
  "windows8": {
    "font_name": "None",
    "font_size": 73,
    "isForked": false
  },
  "winphone8": {
    "font_name": "None",
    "font_size": 100,
    "isForked": false
  }
}