{
  "android": {
    "font_name": "default",
    "font_size": 1,
    "isForked": false
  },
  "androidwearos": {
    "font_name": "default",
    "font_size": 1,
    "isForked": false
  },
  "background_color": "e6e6e6ff",
  "bg_type": "one",
  "border_color": "424242ff",
  "border_style": "plain",
  "border_type": 0,
  "border_width": 0,
  "desktopweb": {
    "font_name": "Helvetica",
    "font_size": 1,
    "isForked": false
  },
  "fontSizeInPx": false,
  "font_color": "33333300",
  "font_name": "iphoneSystem",
  "font_size": 1,
  "font_style": "normal",
  "font_weight": "normal",
  "ipad": {
    "font_name": "System",
    "font_size": 1,
    "isForked": false
  },
  "iphone": {
    "font_name": "System",
    "font_size": 1,
    "isForked": false
  },
  "isDefaultSkin": false,
  "kiosk": {
    "font_name": "None",
    "font_size": 1,
    "isForked": false
  },
  "kuid": "sa5ccde0e9854d8e8a3eb1ce0b0bd826",
  "spaan": {
    "font_name": "Helvetica",
    "font_size": 1,
    "isForked": false
  },
  "spaandroidtablet": {
    "font_name": "Helvetica",
    "font_size": 1,
    "isForked": false
  },
  "spabb": {
    "font_name": "Helvetica",
    "font_size": 1,
    "isForked": false
  },
  "spaip": {
    "font_name": "Helvetica",
    "font_size": 1,
    "isForked": false
  },
  "spaipad": {
    "font_name": "Helvetica",
    "font_size": 1,
    "isForked": false
  },
  "spawindowstablet": {
    "font_name": "Helvetica",
    "font_size": 1,
    "isForked": false
  },
  "spawinphone8": {
    "font_name": "Helvetica",
    "font_size": 1,
    "isForked": false
  },
  "tabrcandroid": {
    "font_name": "default",
    "font_size": 1,
    "isForked": false
  },
  "wType": "Label",
  "watchos": {
    "font_name": "System",
    "font_size": 1,
    "isForked": false
  },
  "windows8": {
    "font_name": "None",
    "font_size": 1,
    "isForked": false
  },
  "winphone8": {
    "font_name": "None",
    "font_size": 1,
    "isForked": false
  }
}