{
    "@class": "com.kony.gen.viz.model.component.KVizButton",
    "DNDConfig": null,
    "__parentReadjusting__": false,
    "_height_": {
        "type": "string",
        "value": "50dp"
    },
    "_left_": {
        "type": "string",
        "value": "0dp"
    },
    "_margin_": [
        6,
        6,
        6,
        6
    ],
    "_padding_": [
        0,
        0,
        0,
        0
    ],
    "_right_": {
        "type": "number",
        "value": "0"
    },
    "_skin_": "se5401b6c37942e8b932da443daa71de",
    "_text_": "Login",
    "_top_": {
        "type": "string",
        "value": "37dp"
    },
    "_width_": {
        "type": "string",
        "value": "100%"
    },
    "canUpdateUI": true,
    "containerweight": 100,
    "contentalignment": 5,
    "displaytext": true,
    "focusskin": "s6655d8c60ab412a903bf785148440b0",
    "id": "loginButton",
    "info": null,
    "iscustomlayout": false,
    "isvisible": true,
    "kuid": "fd40e366b8514bb082c3988389e8a441",
    "name": "kony.ui.Button",
    "onclick": "AS_Button_f3178959046b4301993adaa2719a61e4",
    "parent": "paddingContainer",
    "pf": "frmLogin",
    "retaincontentalignment": false,
    "retainflexpositionproperties": false,
    "wType": "Button",
    "zindex": 1
}