{
    "DNDConfig": null,
    "__parentReadjusting__": false,
    "_height_": {
        "type": "string",
        "value": "100%"
    },
    "_left_": {
        "type": "string",
        "value": "40dp"
    },
    "_margin_": [
        0,
        0,
        0,
        0
    ],
    "_orientation_": 6,
    "_padding_": [
        0,
        0,
        0,
        0
    ],
    "_percent_": true,
    "_right_": {
        "type": "number",
        "value": "40"
    },
    "_skin_": "s6cae89b8fd54b2c8ab1195d470067e2",
    "_top_": {
        "type": "string",
        "value": "0dp"
    },
    "allboxes": [],
    "autogrowmode": 0,
    "canUpdateUI": true,
    "children": [
        "companyLogoImage",
        "loginTitleContainer",
        "usernameFieldContainer",
        "passwordFIeldContainer",
        "loginButton"
    ],
    "clipbounds": true,
    "containerweight": 100,
    "enablescrolling": true,
    "id": "paddingContainer",
    "info": null,
    "iscustomlayout": false,
    "isvisible": true,
    "kuid": "e1e998806041421297d253fa0d7ad419",
    "layouttype": 4,
    "masterType": 1,
    "name": "kony.ui.FlexContainer",
    "parent": "masterContainer",
    "pf": "frmLogin",
    "retaincontentalignment": false,
    "retainflexpositionproperties": false,
    "snapgridsize": 10,
    "snaptogrid": true,
    "wType": "FlexContainer",
    "widgetalignment": 1
}