{
    "@class": "com.kony.gen.viz.model.component.KVizTextBox2",
    "DNDConfig": null,
    "__parentReadjusting__": false,
    "_height_": {
        "type": "string",
        "value": "100%"
    },
    "_left_": {
        "type": "string",
        "value": "0dp"
    },
    "_margin_": [
        0,
        0,
        0,
        0
    ],
    "_padding_": [
        3,
        0,
        0,
        0
    ],
    "_placeholder_": "Password",
    "_skin_": "s2cbc4918df440a9b696ae52cbd2cc81",
    "_text_": "",
    "_top_": {
        "type": "string",
        "value": "0dp"
    },
    "_width_": {
        "type": "string",
        "value": "100%"
    },
    "autocapitalize": "none",
    "autocomplete": false,
    "autocorrect": false,
    "autofilter": false,
    "canUpdateUI": true,
    "containerheight": "",
    "containerheightmode": 1,
    "containerweight": 100,
    "contentalignment": 4,
    "focusskin": "seff32df0f534916957210bc3e451c8c",
    "id": "passwordTextbox",
    "info": null,
    "iphone": {},
    "iscustomlayout": false,
    "isvisible": true,
    "keyboardtype": "A",
    "kuid": "d866e3e5b43f4c1db9bda5d2b96b5da5",
    "mode": "A",
    "name": "kony.ui.TextBox2",
    "parent": "passwordFIeldContainer",
    "pf": "frmLogin",
    "placeholderskin": "s7d84534170d4c9b814be657bf008b3a",
    "retaincontentalignment": false,
    "retainflexpositionproperties": false,
    "securetextentry": true,
    "textinputmode": "A",
    "tooltip": "",
    "viewtype": "default",
    "wType": "TextField",
    "zindex": 1
}