{
    "@class": "com.kony.gen.viz.model.component.KVizTextBox2",
    "DNDConfig": null,
    "__parentReadjusting__": false,
    "_height_": {
        "type": "string",
        "value": "100%"
    },
    "_left_": {
        "type": "string",
        "value": "0dp"
    },
    "_margin_": [
        0,
        0,
        0,
        0
    ],
    "_padding_": [
        3,
        0,
        0,
        0
    ],
    "_placeholder_": "Username",
    "_skin_": "s2cbc4918df440a9b696ae52cbd2cc81",
    "_text_": "",
    "_top_": {
        "type": "string",
        "value": "0dp"
    },
    "_width_": {
        "type": "string",
        "value": "100%"
    },
    "autocapitalize": "none",
    "autocomplete": false,
    "autocorrect": false,
    "autofilter": false,
    "canUpdateUI": true,
    "containerheight": "",
    "containerheightmode": 1,
    "containerweight": 100,
    "contentalignment": 4,
    "focusskin": "sf96aedd4101484cb1cb572c7b05694a",
    "id": "usernameTextbox",
    "info": null,
    "iphone": {},
    "iscustomlayout": false,
    "isvisible": true,
    "keyboardtype": "A",
    "kuid": "fc76222221e04770a7fa50c6b84c353f",
    "mode": "A",
    "name": "kony.ui.TextBox2",
    "parent": "usernameFieldContainer",
    "pf": "frmLogin",
    "placeholderskin": "s7d84534170d4c9b814be657bf008b3a",
    "retaincontentalignment": false,
    "retainflexpositionproperties": false,
    "securetextentry": false,
    "textinputmode": "A",
    "tooltip": "",
    "viewtype": "default",
    "wType": "TextField",
    "zindex": 1
}