{
    "DNDConfig": null,
    "_height_": {
        "type": "string",
        "value": "120dp"
    },
    "_margin_": [
        0,
        0,
        0,
        0
    ],
    "_orientation_": 6,
    "_padding_": [
        0,
        0,
        0,
        0
    ],
    "_percent_": true,
    "_width_": {
        "type": "string",
        "value": "100%"
    },
    "allboxes": [],
    "autogrowmode": 0,
    "canUpdateUI": true,
    "children": [
        "employeeSegSep",
        "employeeSegImage",
        "employeeFieldName",
        "employeeFieldTitle",
        "employeeFieldGroup",
        "employeeId"
    ],
    "clipbounds": false,
    "containerId": true,
    "containerweight": 100,
    "controllerInfo": {
        "default": {
            "channel": "desktop",
            "name": "FBox0ef65618e166341Controller"
        }
    },
    "enablescrolling": true,
    "id": "FBox0ef65618e166341",
    "info": null,
    "isGeneratedTemplate": true,
    "isTemplate": true,
    "iscustomlayout": false,
    "isvisible": true,
    "kuid": "a839bc8bfdb1425399fabce0af9a2963",
    "layouttype": 2,
    "name": "kony.ui.FlexContainer",
    "pf": "FBox0ef65618e166341",
    "retaincontentalignment": false,
    "retainflexpositionproperties": false,
    "snapgridsize": 10,
    "snaptogrid": true,
    "wType": "FlexContainer",
    "widgetalignment": 1
}