{
    "@class": "com.kony.gen.viz.model.component.KVizImage2",
    "DNDConfig": null,
    "__parentReadjusting__": false,
    "_base64_": null,
    "_height_": {
        "type": "string",
        "value": "123dp"
    },
    "_left_": {
        "type": "string",
        "value": "7dp"
    },
    "_margin_": [
        0,
        0,
        0,
        0
    ],
    "_padding_": [
        0,
        0,
        0,
        0
    ],
    "_skin_": "scb96c9f53984c42900798addc146ce4",
    "_src_": "image1_1.png",
    "_top_": {
        "type": "string",
        "value": "26dp"
    },
    "_width_": {
        "type": "string",
        "value": "127dp"
    },
    "canUpdateUI": true,
    "centerx": {
        "type": "string",
        "value": "51.90%"
    },
    "containerweight": 100,
    "context": {
        "channel": "mobile",
        "formID": "frmDetails",
        "platform": "iphone",
        "templateType": "forms",
        "topLevelBox": null
    },
    "id": "employeeDetailImage",
    "imagescalemode": 1,
    "info": null,
    "iscustomlayout": false,
    "isvisible": true,
    "kuid": "a1459ea2a21840749e8246419b9b408a",
    "name": "kony.ui.Image2",
    "parent": "detailContainer",
    "pf": "frmDetails",
    "retaincontentalignment": false,
    "retainflexpositionproperties": false,
    "srcType": 1,
    "wType": "Image",
    "widgetalignment": 5,
    "zindex": 1
}