{
    "DNDConfig": null,
    "__parentReadjusting__": false,
    "_height_": {
        "type": "ref",
        "value": "preferred"
    },
    "_left_": {
        "type": "string",
        "value": "20dp"
    },
    "_margin_": [
        0,
        0,
        0,
        0
    ],
    "_orientation_": 6,
    "_padding_": [
        0,
        0,
        0,
        0
    ],
    "_percent_": true,
    "_right_": {
        "type": "number",
        "value": "20"
    },
    "_skin_": "sc6794cbd9b248eb9092ace7bb46439e",
    "_top_": {
        "type": "string",
        "value": "260dp"
    },
    "allboxes": [],
    "autogrowmode": 1,
    "canUpdateUI": true,
    "children": [
        "detailsRowContainer1",
        "detailsRowContainer2",
        "detailsRowContainer3",
        "detailsRowContainer4"
    ],
    "clipbounds": true,
    "containerweight": 100,
    "enablescrolling": true,
    "id": "employeeDetailsContent",
    "info": null,
    "iscustomlayout": false,
    "isvisible": true,
    "kuid": "j1859e5a3647448cb2abc8e0c23f6d50",
    "layouttype": 4,
    "name": "kony.ui.FlexContainer",
    "parent": "detailContainer",
    "pf": "frmDetails",
    "retaincontentalignment": false,
    "retainflexpositionproperties": false,
    "snapgridsize": 10,
    "snaptogrid": true,
    "wType": "FlexContainer",
    "widgetalignment": 1
}