{
    "@class": "com.kony.gen.viz.model.component.KVizButton",
    "DNDConfig": null,
    "__parentReadjusting__": false,
    "_height_": {
        "type": "string",
        "value": "100%"
    },
    "_margin_": [
        6,
        6,
        6,
        6
    ],
    "_padding_": [
        0,
        0,
        0,
        0
    ],
    "_right_": {
        "type": "number",
        "value": "0"
    },
    "_skin_": "s13a3fb120554c73bc57a9c49af92733",
    "_text_": "Button",
    "_top_": {
        "type": "string",
        "value": "0dp"
    },
    "_width_": {
        "type": "string",
        "value": "56dp"
    },
    "canUpdateUI": true,
    "containerweight": 100,
    "contentalignment": 5,
    "displaytext": false,
    "focusskin": "s13a3fb120554c73bc57a9c49af92733",
    "id": "headerLogoutButton",
    "info": null,
    "iscustomlayout": false,
    "isvisible": true,
    "kuid": "j20b9f5190e04a1d8a00dbf7fc04941d",
    "name": "kony.ui.Button",
    "onclick": "AS_Button_c1a75c6623744453832062c8f5ea24b7",
    "parent": "headerContainer",
    "pf": "frmDetails",
    "retaincontentalignment": false,
    "retainflexpositionproperties": false,
    "wType": "Button",
    "zindex": 1
}