{
    "@class": "com.kony.gen.viz.model.component.KVizImage2",
    "DNDConfig": null,
    "__parentReadjusting__": false,
    "_base64_": null,
    "_height_": {
        "type": "string",
        "value": "22dp"
    },
    "_margin_": [
        0,
        0,
        0,
        0
    ],
    "_padding_": [
        0,
        0,
        0,
        0
    ],
    "_right_": {
        "type": "number",
        "value": "16"
    },
    "_skin_": "s2b5c8b277ef4706a63b21b7ec0d1fae",
    "_src_": "logouticon_2.png",
    "_top_": {
        "type": "string",
        "value": "16dp"
    },
    "_width_": {
        "type": "string",
        "value": "22dp"
    },
    "canUpdateUI": true,
    "centery": {
        "type": "string",
        "value": "50%"
    },
    "containerweight": 100,
    "context": {
        "channel": "mobile",
        "formID": "frmDetails",
        "platform": "android",
        "templateType": "forms",
        "topLevelBox": null
    },
    "id": "headerLogoutImage",
    "imagescalemode": 1,
    "info": null,
    "iscustomlayout": false,
    "isvisible": true,
    "kuid": "adb210698e7d4da5ab62d57d1511792a",
    "name": "kony.ui.Image2",
    "parent": "headerContainer",
    "pf": "frmDetails",
    "retaincontentalignment": false,
    "retainflexpositionproperties": false,
    "srcType": 1,
    "wType": "Image",
    "widgetalignment": 5,
    "zindex": 1
}