{
    "@class": "com.kony.gen.viz.model.component.KVizTextBox2",
    "DNDConfig": null,
    "__parentReadjusting__": false,
    "_height_": {
        "type": "string",
        "value": "100%"
    },
    "_left_": {
        "type": "string",
        "value": "0dp"
    },
    "_margin_": [
        0,
        0,
        0,
        0
    ],
    "_padding_": [
        3,
        0,
        0,
        0
    ],
    "_placeholder_": "Username",
    "_skin_": "s6f65d6be2b64eb98b7fc1099fc9f440",
    "_text_": "",
    "_top_": {
        "type": "string",
        "value": "0dp"
    },
    "_width_": {
        "type": "string",
        "value": "100%"
    },
    "autocapitalize": "none",
    "autocomplete": false,
    "autocorrect": false,
    "autofilter": false,
    "canUpdateUI": true,
    "containerheight": "",
    "containerheightmode": 1,
    "containerweight": 100,
    "contentalignment": 4,
    "focusskin": "s12ffa2d93f74701a17dceb0d3f5347f",
    "id": "usernameTextbox",
    "info": null,
    "iphone": {},
    "iscustomlayout": false,
    "isvisible": true,
    "keyboardtype": "A",
    "kuid": "c1477a5a6ef64362ac1ff1e7d1b64aff",
    "mode": "A",
    "name": "kony.ui.TextBox2",
    "parent": "usernameFieldContainer",
    "pf": "frmLogin",
    "placeholderskin": "s7d84534170d4c9b814be657bf008b3a",
    "retaincontentalignment": false,
    "retainflexpositionproperties": false,
    "securetextentry": false,
    "textinputmode": "A",
    "tooltip": "",
    "viewtype": "default",
    "wType": "TextField",
    "zindex": 1
}