{
    "images": [
        "common/logo.png"
    ],
    "screenshotGenerated": true,
    "skinDefs": {
        "CopydefLabel0a1625304cbb544": {
            "android": {
                "font_name": "default"
            },
            "androidwearos": {
                "font_name": "default"
            },
            "background_color": "00000000",
            "bg_type": "one",
            "border_color": "424242ff",
            "border_style": "plain",
            "border_type": 0,
            "border_width": 0,
            "delinkedPltfrms": {
                "androidwear": [],
                "desktop": [
                    "desktopweb"
                ],
                "mobile": [],
                "tablet": [
                    "ipad"
                ],
                "watch": []
            },
            "desktopweb": {
                "font_name": "Helvetica",
                "isForked": true
            },
            "font_color": "333333ff",
            "font_name": "iphoneSystem",
            "font_size": 200,
            "font_style": "normal",
            "font_weight": "normal",
            "id": "sc1b54a4d2654035becac1c8674a16d3",
            "ipad": {
                "font_name": "System-Bold",
                "isForked": true
            },
            "iphone": {
                "font_name": "System-Bold"
            },
            "isDefaultSkin": false,
            "kiosk": {
                "font_name": "None"
            },
            "kuid": "sc1b54a4d2654035becac1c8674a16d3",
            "spaan": {
                "font_name": "Helvetica"
            },
            "spaandroidtablet": {
                "font_name": "Helvetica"
            },
            "spabb": {
                "font_name": "Helvetica"
            },
            "spaip": {
                "font_name": "Helvetica"
            },
            "spaipad": {
                "font_name": "Helvetica"
            },
            "spawindowstablet": {
                "font_name": "Helvetica"
            },
            "spawinphone8": {
                "font_name": "Helvetica"
            },
            "tabrcandroid": {
                "font_name": "default"
            },
            "wType": "Label",
            "watchos": {
                "font_name": "System"
            },
            "windows8": {
                "font_name": "None"
            },
            "winphone8": {
                "font_name": "None"
            }
        },
        "CopydefLabel0c9f04f79d9f645": {
            "android": {
                "font_name": "default"
            },
            "androidwearos": {
                "font_name": "default"
            },
            "background_color": "00000000",
            "bg_type": "one",
            "border_color": "424242ff",
            "border_style": "plain",
            "border_type": 0,
            "border_width": 0,
            "delinkedPltfrms": {
                "androidwear": [],
                "desktop": [
                    "desktopweb"
                ],
                "mobile": [],
                "tablet": [],
                "watch": []
            },
            "desktopweb": {
                "font_name": "Helvetica",
                "font_weight": "bold",
                "isForked": true
            },
            "font_color": "333333ff",
            "font_name": "iphoneSystem",
            "font_size": 200,
            "font_style": "normal",
            "font_weight": "normal",
            "id": "s4cbf9c6567a4a8cb89de2a2b2938768",
            "ipad": {
                "font_name": "System"
            },
            "iphone": {
                "font_name": "System"
            },
            "isDefaultSkin": false,
            "kiosk": {
                "font_name": "None"
            },
            "kuid": "s4cbf9c6567a4a8cb89de2a2b2938768",
            "spaan": {
                "font_name": "Helvetica"
            },
            "spaandroidtablet": {
                "font_name": "Helvetica"
            },
            "spabb": {
                "font_name": "Helvetica"
            },
            "spaip": {
                "font_name": "Helvetica"
            },
            "spaipad": {
                "font_name": "Helvetica"
            },
            "spawindowstablet": {
                "font_name": "Helvetica"
            },
            "spawinphone8": {
                "font_name": "Helvetica"
            },
            "tabrcandroid": {
                "font_name": "default"
            },
            "wType": "Label",
            "watchos": {
                "font_name": "System"
            },
            "windows8": {
                "font_name": "None"
            },
            "winphone8": {
                "font_name": "None"
            }
        },
        "CopydefTextBoxNormal0h8584fef8dc041": {
            "android": {
                "font_name": "default"
            },
            "androidwearos": {
                "font_name": "default"
            },
            "background_color": "ffffff00",
            "bg_type": "one",
            "border_color": "333333ff",
            "border_style": "plain",
            "border_type": 0,
            "border_width": 0,
            "desktopweb": {
                "font_name": "Helvetica"
            },
            "font_color": "333333ff",
            "font_name": "iphoneSystem",
            "font_size": 107,
            "font_style": "normal",
            "font_weight": "normal",
            "id": "sed9f49714bf41c8b2b96463a20c221e",
            "ipad": {
                "font_name": "System"
            },
            "iphone": {
                "font_name": "System"
            },
            "isDefaultSkin": false,
            "kiosk": {
                "font_name": "None"
            },
            "kuid": "sed9f49714bf41c8b2b96463a20c221e",
            "spaan": {
                "font_name": "Helvetica"
            },
            "spaandroidtablet": {
                "font_name": "Helvetica"
            },
            "spabb": {
                "font_name": "Helvetica"
            },
            "spaip": {
                "font_name": "Helvetica"
            },
            "spaipad": {
                "font_name": "Helvetica"
            },
            "spawindowstablet": {
                "font_name": "Helvetica"
            },
            "spawinphone8": {
                "font_name": "Helvetica"
            },
            "tabrcandroid": {
                "font_name": "default"
            },
            "wType": "TextField",
            "watchos": {
                "font_name": "System"
            },
            "windows8": {
                "font_name": "None"
            },
            "winphone8": {
                "font_name": "None"
            }
        },
        "CopydefTextBoxPlaceholder0i74069f235f246": {
            "android": {
                "font_name": "default"
            },
            "androidwearos": {
                "font_name": "default"
            },
            "background_color": "ffffffff",
            "bg_type": "one",
            "border_color": "333333ff",
            "border_style": "plain",
            "border_type": 0,
            "border_width": 1,
            "bottom_left_border_style": "plain",
            "bottom_left_border_width": "0",
            "bottom_right_border_style": "plain",
            "bottom_right_border_width": "0",
            "font_color": "999999ff",
            "font_name": "iphoneSystem",
            "font_size": 107,
            "id": "s463aed5000f4927ae670619ac65ea5d",
            "ipad": {
                "font_name": "System"
            },
            "iphone": {
                "font_name": "System"
            },
            "isDefaultSkin": false,
            "kiosk": {
                "font_name": "None"
            },
            "kuid": "s463aed5000f4927ae670619ac65ea5d",
            "spaan": {
                "font_name": "Helvetica"
            },
            "spaandroidtablet": {
                "font_name": "Helvetica"
            },
            "spabb": {
                "font_name": "Helvetica"
            },
            "spaip": {
                "font_name": "Helvetica"
            },
            "spaipad": {
                "font_name": "Helvetica"
            },
            "spawindowstablet": {
                "font_name": "Helvetica"
            },
            "spawinphone8": {
                "font_name": "Helvetica"
            },
            "tabrcandroid": {
                "font_name": "default"
            },
            "top_left_border_style": "plain",
            "top_left_border_width": "0",
            "top_right_border_style": "plain",
            "top_right_border_width": "0",
            "wType": "TextField",
            "watchos": {
                "font_name": "System"
            },
            "windows8": {
                "font_name": "None"
            },
            "winphone8": {
                "font_name": "None"
            }
        },
        "blueButtonSkin0hd4cd0bc27634a": {
            "android": {
                "font_name": "default",
                "font_size": 110,
                "isForked": false
            },
            "androidwearos": {
                "font_name": "default",
                "font_size": 110,
                "isForked": false
            },
            "background_color": "2c90d5ff",
            "bg_type": "one",
            "border_color": "2c90d5ff",
            "border_radius": 10,
            "border_style": "custom",
            "border_type": 0,
            "border_width": 1,
            "desktopweb": {
                "font_name": "Helvetica",
                "font_size": 110,
                "isForked": false
            },
            "fontSizeInPx": false,
            "font_color": "ffffffff",
            "font_name": "iphoneSystem",
            "font_size": 110,
            "font_style": "normal",
            "font_weight": "normal",
            "id": "sa762619a5904b4b8130180b4176b01c",
            "ipad": {
                "font_name": "System",
                "font_size": 110,
                "isForked": false
            },
            "iphone": {
                "font_name": "System",
                "font_size": 110,
                "isForked": false
            },
            "isDefaultSkin": false,
            "kiosk": {
                "font_name": "None",
                "font_size": 110,
                "isForked": false
            },
            "kuid": "sa762619a5904b4b8130180b4176b01c",
            "spaan": {
                "font_name": "Helvetica",
                "font_size": 110,
                "isForked": false
            },
            "spaandroidtablet": {
                "font_name": "Helvetica",
                "font_size": 110,
                "isForked": false
            },
            "spabb": {
                "font_name": "Helvetica",
                "font_size": 110,
                "isForked": false
            },
            "spaip": {
                "font_name": "Helvetica",
                "font_size": 110,
                "isForked": false
            },
            "spaipad": {
                "font_name": "Helvetica",
                "font_size": 110,
                "isForked": false
            },
            "spawindowstablet": {
                "font_name": "Helvetica",
                "font_size": 110,
                "isForked": false
            },
            "spawinphone8": {
                "font_name": "Helvetica",
                "font_size": 110,
                "isForked": false
            },
            "tabrcandroid": {
                "font_name": "default",
                "font_size": 110,
                "isForked": false
            },
            "wType": "Button",
            "watchos": {
                "font_name": "System",
                "font_size": 110,
                "isForked": false
            },
            "windows8": {
                "font_name": "None",
                "font_size": 110,
                "isForked": false
            },
            "winphone8": {
                "font_name": "None",
                "font_size": 110,
                "isForked": false
            }
        },
        "blueButtonSkinFocus0bdae35a9181b4d": {
            "android": {
                "font_name": "default",
                "font_size": 110,
                "isForked": false
            },
            "androidwearos": {
                "font_name": "default",
                "font_size": 110,
                "isForked": false
            },
            "background_color": "0b3957ff",
            "bg_type": "one",
            "border_color": "0b3957ff",
            "border_radius": 10,
            "border_style": "custom",
            "border_type": 0,
            "border_width": 1,
            "desktopweb": {
                "font_name": "Helvetica",
                "font_size": 110,
                "isForked": false
            },
            "fontSizeInPx": false,
            "font_color": "ffffffff",
            "font_name": "iphoneSystem",
            "font_size": 110,
            "font_style": "normal",
            "font_weight": "normal",
            "id": "s748c8595ed64238b89661d41934a4c8",
            "ipad": {
                "font_name": "System",
                "font_size": 110,
                "isForked": false
            },
            "iphone": {
                "font_name": "System",
                "font_size": 110,
                "isForked": false
            },
            "isDefaultSkin": false,
            "kiosk": {
                "font_name": "None",
                "font_size": 110,
                "isForked": false
            },
            "kuid": "s748c8595ed64238b89661d41934a4c8",
            "spaan": {
                "font_name": "Helvetica",
                "font_size": 110,
                "isForked": false
            },
            "spaandroidtablet": {
                "font_name": "Helvetica",
                "font_size": 110,
                "isForked": false
            },
            "spabb": {
                "font_name": "Helvetica",
                "font_size": 110,
                "isForked": false
            },
            "spaip": {
                "font_name": "Helvetica",
                "font_size": 110,
                "isForked": false
            },
            "spaipad": {
                "font_name": "Helvetica",
                "font_size": 110,
                "isForked": false
            },
            "spawindowstablet": {
                "font_name": "Helvetica",
                "font_size": 110,
                "isForked": false
            },
            "spawinphone8": {
                "font_name": "Helvetica",
                "font_size": 110,
                "isForked": false
            },
            "tabrcandroid": {
                "font_name": "default",
                "font_size": 110,
                "isForked": false
            },
            "wType": "Button",
            "watchos": {
                "font_name": "System",
                "font_size": 110,
                "isForked": false
            },
            "windows8": {
                "font_name": "None",
                "font_size": 110,
                "isForked": false
            },
            "winphone8": {
                "font_name": "None",
                "font_size": 110,
                "isForked": false
            }
        },
        "loginFieldSkin0d1307efeade948": {
            "android": {
                "font_name": "default"
            },
            "androidwearos": {
                "font_name": "default"
            },
            "background_color": "ffffff00",
            "bg_type": "one",
            "border_color": "333333ff",
            "border_style": "plain",
            "border_type": 0,
            "border_width": 0,
            "desktopweb": {
                "font_name": "Helvetica"
            },
            "font_color": "333333ff",
            "font_name": "iphoneSystem",
            "font_size": 107,
            "font_style": "normal",
            "font_weight": "normal",
            "id": "s902272d5f2445ddbfa5896b74bf10d5",
            "ipad": {
                "font_name": "System"
            },
            "iphone": {
                "font_name": "System"
            },
            "isDefaultSkin": false,
            "kiosk": {
                "font_name": "None"
            },
            "kuid": "s902272d5f2445ddbfa5896b74bf10d5",
            "spaan": {
                "font_name": "Helvetica"
            },
            "spaandroidtablet": {
                "font_name": "Helvetica"
            },
            "spabb": {
                "font_name": "Helvetica"
            },
            "spaip": {
                "font_name": "Helvetica"
            },
            "spaipad": {
                "font_name": "Helvetica"
            },
            "spawindowstablet": {
                "font_name": "Helvetica"
            },
            "spawinphone8": {
                "font_name": "Helvetica"
            },
            "tabrcandroid": {
                "font_name": "default"
            },
            "wType": "TextField",
            "watchos": {
                "font_name": "System"
            },
            "windows8": {
                "font_name": "None"
            },
            "winphone8": {
                "font_name": "None"
            }
        },
        "loginFieldSkinFocus0c6baf0e46e3346": {
            "android": {
                "font_name": "default"
            },
            "androidwearos": {
                "font_name": "default"
            },
            "background_color": "ffffff00",
            "bg_type": "one",
            "border_color": "333333ff",
            "border_style": "plain",
            "border_type": 0,
            "border_width": 0,
            "desktopweb": {
                "font_name": "Helvetica"
            },
            "font_color": "333333ff",
            "font_name": "iphoneSystem",
            "font_size": 107,
            "font_style": "normal",
            "font_weight": "normal",
            "id": "sfea2c3f57374d6398fbf570b769c59d",
            "ipad": {
                "font_name": "System"
            },
            "iphone": {
                "font_name": "System"
            },
            "isDefaultSkin": false,
            "kiosk": {
                "font_name": "None"
            },
            "kuid": "sfea2c3f57374d6398fbf570b769c59d",
            "spaan": {
                "font_name": "Helvetica"
            },
            "spaandroidtablet": {
                "font_name": "Helvetica"
            },
            "spabb": {
                "font_name": "Helvetica"
            },
            "spaip": {
                "font_name": "Helvetica"
            },
            "spaipad": {
                "font_name": "Helvetica"
            },
            "spawindowstablet": {
                "font_name": "Helvetica"
            },
            "spawinphone8": {
                "font_name": "Helvetica"
            },
            "tabrcandroid": {
                "font_name": "default"
            },
            "wType": "TextField",
            "watchos": {
                "font_name": "System"
            },
            "windows8": {
                "font_name": "None"
            },
            "winphone8": {
                "font_name": "None"
            }
        },
        "sepLineSkin0a93584b25ac64d": {
            "android": {
                "font_name": "default"
            },
            "androidwearos": {
                "font_name": "default"
            },
            "background_color": "e3e3e3ff",
            "bg_type": "one",
            "border_color": "000000ff",
            "border_style": "plain",
            "border_type": 0,
            "border_width": 0,
            "desktopweb": {
                "font_name": "Helvetica"
            },
            "id": "sb71c8a068bf490a832cff8e95afd26e",
            "ipad": {
                "font_name": "System"
            },
            "iphone": {
                "font_name": "System"
            },
            "isDefaultSkin": false,
            "kiosk": {
                "font_name": "None"
            },
            "kuid": "sb71c8a068bf490a832cff8e95afd26e",
            "spaan": {
                "font_name": "Helvetica"
            },
            "spaandroidtablet": {
                "font_name": "Helvetica"
            },
            "spabb": {
                "font_name": "Helvetica"
            },
            "spaip": {
                "font_name": "Helvetica"
            },
            "spaipad": {
                "font_name": "Helvetica"
            },
            "spawindowstablet": {
                "font_name": "Helvetica"
            },
            "spawinphone8": {
                "font_name": "Helvetica"
            },
            "tabrcandroid": {
                "font_name": "default"
            },
            "wType": "FlexContainer",
            "watchos": {
                "font_name": "System"
            },
            "windows8": {
                "font_name": "None"
            },
            "winphone8": {
                "font_name": "None"
            }
        },
        "slFbox0cc84092c99b040": {
            "android": {
                "font_name": "default"
            },
            "androidwearos": {
                "font_name": "default"
            },
            "background_color": "00000000",
            "bg_type": "one",
            "border_color": "000000ff",
            "border_style": "plain",
            "border_type": 0,
            "border_width": 0,
            "desktopweb": {
                "font_name": "Helvetica"
            },
            "id": "sac16000a4d846d3bd0d02154e1ebc83",
            "ipad": {
                "font_name": "System"
            },
            "iphone": {
                "font_name": "System"
            },
            "isDefaultSkin": false,
            "kiosk": {
                "font_name": "None"
            },
            "kuid": "sac16000a4d846d3bd0d02154e1ebc83",
            "spaan": {
                "font_name": "Helvetica"
            },
            "spaandroidtablet": {
                "font_name": "Helvetica"
            },
            "spabb": {
                "font_name": "Helvetica"
            },
            "spaip": {
                "font_name": "Helvetica"
            },
            "spaipad": {
                "font_name": "Helvetica"
            },
            "spawindowstablet": {
                "font_name": "Helvetica"
            },
            "spawinphone8": {
                "font_name": "Helvetica"
            },
            "tabrcandroid": {
                "font_name": "default"
            },
            "wType": "FlexContainer",
            "watchos": {
                "font_name": "System"
            },
            "windows8": {
                "font_name": "None"
            },
            "winphone8": {
                "font_name": "None"
            }
        },
        "slImage0c5ae26e55a794a": {
            "android": {
                "font_name": "default"
            },
            "androidwearos": {
                "font_name": "default"
            },
            "background_color": "00000000",
            "bg_type": "one",
            "border_color": "000000ff",
            "border_style": "plain",
            "border_type": 0,
            "border_width": 0,
            "desktopweb": {
                "font_name": "Helvetica"
            },
            "font_color": "000000ff",
            "font_name": "Helvetica",
            "font_size": 156,
            "font_style": "normal",
            "font_weight": "normal",
            "id": "sd144d0f63684d909bc8fdc72935f4d0",
            "ipad": {
                "font_name": "System"
            },
            "iphone": {
                "font_name": "System"
            },
            "isDefaultSkin": false,
            "kiosk": {
                "font_name": "None"
            },
            "kuid": "sd144d0f63684d909bc8fdc72935f4d0",
            "spaan": {
                "font_name": "Helvetica"
            },
            "spaandroidtablet": {
                "font_name": "Helvetica"
            },
            "spabb": {
                "font_name": "Helvetica"
            },
            "spaip": {
                "font_name": "Helvetica"
            },
            "spaipad": {
                "font_name": "Helvetica"
            },
            "spawindowstablet": {
                "font_name": "Helvetica"
            },
            "spawinphone8": {
                "font_name": "Helvetica"
            },
            "tabrcandroid": {
                "font_name": "default"
            },
            "wType": "Image",
            "watchos": {
                "font_name": "System"
            },
            "windows8": {
                "font_name": "None"
            },
            "winphone8": {
                "font_name": "None"
            }
        },
        "whiteContainerSkin0j841d51650cb44": {
            "android": {
                "font_name": "default"
            },
            "androidwearos": {
                "font_name": "default"
            },
            "background_color": "ffffffff",
            "bg_type": "one",
            "border_color": "000000ff",
            "border_style": "plain",
            "border_type": 0,
            "border_width": 0,
            "desktopweb": {
                "font_name": "Helvetica"
            },
            "id": "s8488c53350d48928919b4b2bed561aa",
            "ipad": {
                "font_name": "System"
            },
            "iphone": {
                "font_name": "System"
            },
            "isDefaultSkin": false,
            "kiosk": {
                "font_name": "None"
            },
            "kuid": "s8488c53350d48928919b4b2bed561aa",
            "spaan": {
                "font_name": "Helvetica"
            },
            "spaandroidtablet": {
                "font_name": "Helvetica"
            },
            "spabb": {
                "font_name": "Helvetica"
            },
            "spaip": {
                "font_name": "Helvetica"
            },
            "spaipad": {
                "font_name": "Helvetica"
            },
            "spawindowstablet": {
                "font_name": "Helvetica"
            },
            "spawinphone8": {
                "font_name": "Helvetica"
            },
            "tabrcandroid": {
                "font_name": "default"
            },
            "wType": "FlexContainer",
            "watchos": {
                "font_name": "System"
            },
            "windows8": {
                "font_name": "None"
            },
            "winphone8": {
                "font_name": "None"
            }
        }
    },
    "sourceChannel": "desktop",
    "templateDef": {
        "DNDConfig": null,
        "__parentReadjusting__": false,
        "_height_": {
            "type": "string",
            "value": "100%"
        },
        "_left_": {
            "type": "string",
            "value": "0dp"
        },
        "_margin_": [
            0,
            0,
            0,
            0
        ],
        "_orientation_": 6,
        "_padding_": [
            0,
            0,
            0,
            0
        ],
        "_percent_": true,
        "_skin_": "whiteContainerSkin0j841d51650cb44",
        "_top_": {
            "type": "string",
            "value": "0dp"
        },
        "_width_": {
            "type": "string",
            "value": "100%"
        },
        "allboxes": [],
        "autogrowmode": 0,
        "canUpdateUI": true,
        "children": [
            "paddingContainer"
        ],
        "clipbounds": true,
        "containerweight": 100,
        "enablescrolling": true,
        "id": "masterContainer",
        "info": null,
        "iscustomlayout": false,
        "isvisible": true,
        "kuid": "gdf91fb9ecc0426c8358f3e8bbdcc599",
        "layouttype": 2,
        "masterType": 1,
        "name": "kony.ui.FlexContainer",
        "paddingContainer": {
            "DNDConfig": null,
            "__parentReadjusting__": false,
            "_height_": {
                "type": "string",
                "value": "100%"
            },
            "_left_": {
                "type": "string",
                "value": "40dp"
            },
            "_margin_": [
                0,
                0,
                0,
                0
            ],
            "_orientation_": 6,
            "_padding_": [
                0,
                0,
                0,
                0
            ],
            "_percent_": true,
            "_right_": {
                "type": "number",
                "value": "40"
            },
            "_skin_": "slFbox0cc84092c99b040",
            "_top_": {
                "type": "string",
                "value": "0dp"
            },
            "_width_": {
                "type": "string",
                "value": "380dp"
            },
            "allboxes": [],
            "autogrowmode": 0,
            "canUpdateUI": true,
            "centerx": {
                "type": "string",
                "value": "50%"
            },
            "children": [
                "companyLogoImage",
                "loginTitleContainer",
                "usernameFieldContainer",
                "passwordFIeldContainer",
                "loginButton"
            ],
            "clipbounds": true,
            "companyLogoImage": {
                "@class": "com.kony.gen.viz.model.component.KVizImage2",
                "DNDConfig": null,
                "__parentReadjusting__": false,
                "_base64_": null,
                "_height_": {
                    "type": "string",
                    "value": "123dp"
                },
                "_left_": {
                    "type": "string",
                    "value": "100dp"
                },
                "_margin_": [
                    0,
                    0,
                    0,
                    0
                ],
                "_padding_": [
                    0,
                    0,
                    0,
                    0
                ],
                "_skin_": "slImage0c5ae26e55a794a",
                "_src_": "logo.png",
                "_top_": {
                    "type": "string",
                    "value": "197dp"
                },
                "_width_": {
                    "type": "string",
                    "value": "123dp"
                },
                "canUpdateUI": true,
                "centerx": {
                    "type": "string",
                    "value": "50.00%"
                },
                "containerweight": 100,
                "context": {
                    "channel": "desktop",
                    "platform": "desktopweb",
                    "templateType": "forms"
                },
                "id": "companyLogoImage",
                "imagescalemode": 1,
                "info": null,
                "iscustomlayout": false,
                "isvisible": true,
                "kuid": "af00bb6386c44f42b74a0f56cfc73da8",
                "name": "kony.ui.Image2",
                "parent": "paddingContainer",
                "pf": "collection-form",
                "retaincontentalignment": false,
                "retainflexpositionproperties": false,
                "srcType": 1,
                "undoPropsStorage": {},
                "wType": "Image",
                "widgetalignment": 5,
                "zindex": 1
            },
            "containerweight": 100,
            "enablescrolling": true,
            "id": "paddingContainer",
            "info": null,
            "iscustomlayout": false,
            "isvisible": true,
            "kuid": "a2fd37a1cb9044a084baf8da625875f7",
            "layouttype": 4,
            "loginButton": {
                "@class": "com.kony.gen.viz.model.component.KVizButton",
                "DNDConfig": null,
                "__parentReadjusting__": false,
                "_height_": {
                    "type": "string",
                    "value": "50dp"
                },
                "_left_": {
                    "type": "string",
                    "value": "0dp"
                },
                "_margin_": [
                    6,
                    6,
                    6,
                    6
                ],
                "_padding_": [
                    0,
                    0,
                    0,
                    0
                ],
                "_right_": {
                    "type": "number",
                    "value": "0"
                },
                "_skin_": "blueButtonSkin0hd4cd0bc27634a",
                "_text_": "Login",
                "_top_": {
                    "type": "string",
                    "value": "37dp"
                },
                "_width_": {
                    "type": "string",
                    "value": "100%"
                },
                "canUpdateUI": true,
                "containerweight": 100,
                "contentalignment": 5,
                "displaytext": true,
                "focusskin": "blueButtonSkinFocus0bdae35a9181b4d",
                "id": "loginButton",
                "info": null,
                "iscustomlayout": false,
                "isvisible": true,
                "kuid": "g4187534e3b44da093a33b446861fb31",
                "name": "kony.ui.Button",
                "parent": "paddingContainer",
                "pf": "collection-form",
                "retaincontentalignment": false,
                "retainflexpositionproperties": false,
                "wType": "Button",
                "zindex": 1
            },
            "loginTitleContainer": {
                "DNDConfig": null,
                "__parentReadjusting__": false,
                "_height_": {
                    "type": "string",
                    "value": "43dp"
                },
                "_left_": {
                    "type": "string",
                    "value": "0dp"
                },
                "_margin_": [
                    0,
                    0,
                    0,
                    0
                ],
                "_orientation_": 6,
                "_padding_": [
                    0,
                    0,
                    0,
                    0
                ],
                "_percent_": true,
                "_right_": {
                    "type": "number",
                    "value": "0"
                },
                "_skin_": "slFbox0cc84092c99b040",
                "_top_": {
                    "type": "string",
                    "value": "13dp"
                },
                "allboxes": [],
                "canUpdateUI": true,
                "centerx": {
                    "type": "string",
                    "value": "50%"
                },
                "children": [
                    "loginTitleEmployee",
                    "loginTitleDirectory"
                ],
                "clipbounds": true,
                "containerweight": 100,
                "enablescrolling": true,
                "id": "loginTitleContainer",
                "info": null,
                "iscustomlayout": false,
                "isvisible": true,
                "kuid": "f0ff3bd2c00f4f59a43d11f2d80ffe97",
                "layouttype": 2,
                "loginTitleDirectory": {
                    "@class": "com.kony.gen.viz.model.component.KVizLabel",
                    "DNDConfig": null,
                    "__parentReadjusting__": false,
                    "_height_": {
                        "type": "ref",
                        "value": "preferred"
                    },
                    "_left_": {
                        "type": "string",
                        "value": "51.50%"
                    },
                    "_margin_": [
                        1,
                        1,
                        1,
                        1
                    ],
                    "_padding_": [
                        0,
                        0,
                        0,
                        0
                    ],
                    "_right_": {
                        "type": "string",
                        "value": "0%"
                    },
                    "_skin_": "CopydefLabel0c9f04f79d9f645",
                    "_text_": "Directory",
                    "_top_": {
                        "type": "string",
                        "value": "0dp"
                    },
                    "_wrapping_": 2,
                    "canUpdateUI": true,
                    "containerweight": 100,
                    "contentalignment": 4,
                    "id": "loginTitleDirectory",
                    "info": null,
                    "iscustomlayout": false,
                    "isvisible": true,
                    "kuid": "b39ee2e081ae43b3bebaf5c29cb1a507",
                    "name": "kony.ui.Label",
                    "parent": "loginTitleContainer",
                    "pf": "collection-form",
                    "retaincontentalignment": false,
                    "retainflexpositionproperties": false,
                    "textstyle": {},
                    "tooltip": "",
                    "wType": "Label",
                    "zindex": 1
                },
                "loginTitleEmployee": {
                    "@class": "com.kony.gen.viz.model.component.KVizLabel",
                    "DNDConfig": null,
                    "__parentReadjusting__": false,
                    "_height_": {
                        "type": "ref",
                        "value": "preferred"
                    },
                    "_left_": {
                        "type": "number",
                        "value": "0"
                    },
                    "_margin_": [
                        1,
                        1,
                        1,
                        1
                    ],
                    "_padding_": [
                        0,
                        0,
                        0,
                        0
                    ],
                    "_right_": {
                        "type": "string",
                        "value": "49.50%"
                    },
                    "_skin_": "CopydefLabel0a1625304cbb544",
                    "_text_": "Employee",
                    "_top_": {
                        "type": "string",
                        "value": "0dp"
                    },
                    "_wrapping_": 2,
                    "canUpdateUI": true,
                    "containerweight": 100,
                    "contentalignment": 6,
                    "id": "loginTitleEmployee",
                    "info": null,
                    "iscustomlayout": false,
                    "isvisible": true,
                    "kuid": "g86bc0322e6e46d693b6cb08db27425f",
                    "name": "kony.ui.Label",
                    "parent": "loginTitleContainer",
                    "pf": "collection-form",
                    "retaincontentalignment": false,
                    "retainflexpositionproperties": false,
                    "textstyle": {},
                    "tooltip": "",
                    "wType": "Label",
                    "zindex": 1
                },
                "name": "kony.ui.FlexContainer",
                "parent": "paddingContainer",
                "pf": "collection-form",
                "retaincontentalignment": false,
                "retainflexpositionproperties": false,
                "snapgridsize": 10,
                "snaptogrid": true,
                "wType": "FlexContainer",
                "widgetalignment": 1,
                "zindex": 1
            },
            "masterType": 1,
            "name": "kony.ui.FlexContainer",
            "parent": "masterContainer",
            "passwordFIeldContainer": {
                "DNDConfig": null,
                "__parentReadjusting__": false,
                "_height_": {
                    "type": "string",
                    "value": "53dp"
                },
                "_left_": {
                    "type": "string",
                    "value": "0dp"
                },
                "_margin_": [
                    0,
                    0,
                    0,
                    0
                ],
                "_orientation_": 6,
                "_padding_": [
                    0,
                    0,
                    0,
                    0
                ],
                "_percent_": true,
                "_right_": {
                    "type": "number",
                    "value": "0"
                },
                "_skin_": "slFbox0cc84092c99b040",
                "_top_": {
                    "type": "string",
                    "value": "3.8999999999999986%"
                },
                "allboxes": [],
                "autogrowmode": 0,
                "canUpdateUI": true,
                "children": [
                    "passwordLine",
                    "passwordTextbox"
                ],
                "clipbounds": true,
                "containerweight": 100,
                "enablescrolling": true,
                "id": "passwordFIeldContainer",
                "info": null,
                "iscustomlayout": false,
                "isvisible": true,
                "kuid": "a939435e66db45d485c7241dc427523b",
                "layouttype": 2,
                "name": "kony.ui.FlexContainer",
                "parent": "paddingContainer",
                "passwordLine": {
                    "DNDConfig": null,
                    "__parentReadjusting__": false,
                    "_bottom_": {
                        "type": "number",
                        "value": "0"
                    },
                    "_height_": {
                        "type": "string",
                        "value": "1dp"
                    },
                    "_left_": {
                        "type": "string",
                        "value": "0dp"
                    },
                    "_margin_": [
                        0,
                        0,
                        0,
                        0
                    ],
                    "_orientation_": 6,
                    "_padding_": [
                        0,
                        0,
                        0,
                        0
                    ],
                    "_percent_": true,
                    "_right_": {
                        "type": "number",
                        "value": "20"
                    },
                    "_skin_": "sepLineSkin0a93584b25ac64d",
                    "_width_": {
                        "type": "string",
                        "value": "100%"
                    },
                    "allboxes": [],
                    "autogrowmode": 0,
                    "canUpdateUI": true,
                    "children": [],
                    "clipbounds": true,
                    "containerweight": 100,
                    "enablescrolling": true,
                    "id": "passwordLine",
                    "info": null,
                    "iscustomlayout": false,
                    "isvisible": true,
                    "kuid": "a108384ecdba4065a3e1418f5a20662a",
                    "layouttype": 2,
                    "name": "kony.ui.FlexContainer",
                    "parent": "passwordFIeldContainer",
                    "pf": "collection-form",
                    "retaincontentalignment": false,
                    "retainflexpositionproperties": false,
                    "snapgridsize": 10,
                    "snaptogrid": true,
                    "wType": "FlexContainer",
                    "widgetalignment": 1,
                    "zindex": 1
                },
                "passwordTextbox": {
                    "@class": "com.kony.gen.viz.model.component.KVizTextBox2",
                    "DNDConfig": null,
                    "__parentReadjusting__": false,
                    "_height_": {
                        "type": "string",
                        "value": "100%"
                    },
                    "_left_": {
                        "type": "string",
                        "value": "0dp"
                    },
                    "_margin_": [
                        0,
                        0,
                        0,
                        0
                    ],
                    "_padding_": [
                        3,
                        0,
                        0,
                        0
                    ],
                    "_placeholder_": "Password",
                    "_skin_": "loginFieldSkin0d1307efeade948",
                    "_text_": "",
                    "_top_": {
                        "type": "string",
                        "value": "0dp"
                    },
                    "_width_": {
                        "type": "string",
                        "value": "100%"
                    },
                    "autocapitalize": "none",
                    "autocomplete": false,
                    "autocorrect": false,
                    "autofilter": false,
                    "canUpdateUI": true,
                    "containerheight": "",
                    "containerheightmode": 1,
                    "containerweight": 100,
                    "contentalignment": 4,
                    "desktopweb": {
                        "placeholderSkin": "CopydefTextBoxPlaceholder0i74069f235f246"
                    },
                    "disabledSkins": {},
                    "focusskin": "CopydefTextBoxNormal0h8584fef8dc041",
                    "id": "passwordTextbox",
                    "info": null,
                    "iscustomlayout": false,
                    "isvisible": true,
                    "keyboardtype": "A",
                    "kuid": "b3601c4c8df54d14a41f847091a743a3",
                    "mode": "A",
                    "name": "kony.ui.TextBox2",
                    "parent": "passwordFIeldContainer",
                    "pf": "collection-form",
                    "placeholderskin": "s2f41a84d44041cab8d826f34ffd00a4",
                    "retaincontentalignment": false,
                    "retainflexpositionproperties": false,
                    "securetextentry": true,
                    "textinputmode": "A",
                    "tooltip": "",
                    "undoPropsStorage": {},
                    "viewtype": "default",
                    "wType": "TextField",
                    "zindex": 1
                },
                "pf": "collection-form",
                "retaincontentalignment": false,
                "retainflexpositionproperties": false,
                "snapgridsize": 10,
                "snaptogrid": true,
                "wType": "FlexContainer",
                "widgetalignment": 1,
                "zindex": 1
            },
            "pf": "collection-form",
            "retaincontentalignment": false,
            "retainflexpositionproperties": false,
            "snapgridsize": 10,
            "snaptogrid": true,
            "usernameFieldContainer": {
                "DNDConfig": null,
                "__parentReadjusting__": false,
                "_height_": {
                    "type": "string",
                    "value": "53dp"
                },
                "_left_": {
                    "type": "string",
                    "value": "0dp"
                },
                "_margin_": [
                    0,
                    0,
                    0,
                    0
                ],
                "_orientation_": 6,
                "_padding_": [
                    0,
                    0,
                    0,
                    0
                ],
                "_percent_": true,
                "_right_": {
                    "type": "number",
                    "value": "0"
                },
                "_skin_": "slFbox0cc84092c99b040",
                "_top_": {
                    "type": "string",
                    "value": "10.560000000000002%"
                },
                "allboxes": [],
                "autogrowmode": 0,
                "canUpdateUI": true,
                "children": [
                    "usernameLine",
                    "usernameTextbox"
                ],
                "clipbounds": true,
                "containerweight": 100,
                "enablescrolling": true,
                "id": "usernameFieldContainer",
                "info": null,
                "iscustomlayout": false,
                "isvisible": true,
                "kuid": "jc25738278ac40549bbdbc772a449a57",
                "layouttype": 2,
                "name": "kony.ui.FlexContainer",
                "parent": "paddingContainer",
                "pf": "collection-form",
                "retaincontentalignment": false,
                "retainflexpositionproperties": false,
                "snapgridsize": 10,
                "snaptogrid": true,
                "usernameLine": {
                    "DNDConfig": null,
                    "__parentReadjusting__": false,
                    "_bottom_": {
                        "type": "number",
                        "value": "0"
                    },
                    "_height_": {
                        "type": "string",
                        "value": "1dp"
                    },
                    "_left_": {
                        "type": "string",
                        "value": "0dp"
                    },
                    "_margin_": [
                        0,
                        0,
                        0,
                        0
                    ],
                    "_orientation_": 6,
                    "_padding_": [
                        0,
                        0,
                        0,
                        0
                    ],
                    "_percent_": true,
                    "_right_": {
                        "type": "number",
                        "value": "20"
                    },
                    "_skin_": "sepLineSkin0a93584b25ac64d",
                    "_width_": {
                        "type": "string",
                        "value": "100%"
                    },
                    "allboxes": [],
                    "autogrowmode": 0,
                    "canUpdateUI": true,
                    "children": [],
                    "clipbounds": true,
                    "containerweight": 100,
                    "enablescrolling": true,
                    "id": "usernameLine",
                    "info": null,
                    "iscustomlayout": false,
                    "isvisible": true,
                    "kuid": "a255b7581b0c4403858ef08cf49e33d2",
                    "layouttype": 2,
                    "name": "kony.ui.FlexContainer",
                    "parent": "usernameFieldContainer",
                    "pf": "collection-form",
                    "retaincontentalignment": false,
                    "retainflexpositionproperties": false,
                    "snapgridsize": 10,
                    "snaptogrid": true,
                    "wType": "FlexContainer",
                    "widgetalignment": 1,
                    "zindex": 1
                },
                "usernameTextbox": {
                    "@class": "com.kony.gen.viz.model.component.KVizTextBox2",
                    "DNDConfig": null,
                    "__parentReadjusting__": false,
                    "_height_": {
                        "type": "string",
                        "value": "100%"
                    },
                    "_left_": {
                        "type": "string",
                        "value": "0dp"
                    },
                    "_margin_": [
                        0,
                        0,
                        0,
                        0
                    ],
                    "_padding_": [
                        3,
                        0,
                        0,
                        0
                    ],
                    "_placeholder_": "Username",
                    "_skin_": "loginFieldSkin0d1307efeade948",
                    "_text_": "",
                    "_top_": {
                        "type": "string",
                        "value": "0dp"
                    },
                    "_width_": {
                        "type": "string",
                        "value": "100%"
                    },
                    "autocapitalize": "none",
                    "autocomplete": false,
                    "autocorrect": false,
                    "autofilter": false,
                    "canUpdateUI": true,
                    "containerheight": "",
                    "containerheightmode": 1,
                    "containerweight": 100,
                    "contentalignment": 4,
                    "desktopweb": {
                        "placeholderSkin": "CopydefTextBoxPlaceholder0i74069f235f246"
                    },
                    "disabledSkins": {},
                    "focusskin": "loginFieldSkinFocus0c6baf0e46e3346",
                    "id": "usernameTextbox",
                    "info": null,
                    "iscustomlayout": false,
                    "isvisible": true,
                    "keyboardtype": "A",
                    "kuid": "j724163026cc4bcda1e8dd727476c720",
                    "mode": "A",
                    "name": "kony.ui.TextBox2",
                    "parent": "usernameFieldContainer",
                    "pf": "collection-form",
                    "placeholderskin": "s2f41a84d44041cab8d826f34ffd00a4",
                    "retaincontentalignment": false,
                    "retainflexpositionproperties": false,
                    "securetextentry": false,
                    "textinputmode": "A",
                    "tooltip": "",
                    "viewtype": "default",
                    "wType": "TextField",
                    "zindex": 1
                },
                "wType": "FlexContainer",
                "widgetalignment": 1,
                "zindex": 1
            },
            "wType": "FlexContainer",
            "widgetalignment": 1
        },
        "parent": "collection-form",
        "pf": "collection-form",
        "retaincontentalignment": false,
        "retainflexpositionproperties": false,
        "snapgridsize": 10,
        "snaptogrid": true,
        "wType": "FlexContainer",
        "widgetalignment": 1,
        "zindex": 1
    }
}