{
  "android": {
    "font_name": "OpenSans-Regular",
    "font_size": 61,
    "isForked": false
  },
  "androidwearos": {
    "font_name": "default",
    "font_size": 121,
    "isForked": false
  },
  "background_color": "00000000",
  "bg_type": "one",
  "border_color": "424242ff",
  "border_style": "plain",
  "border_type": 0,
  "border_width": 0,
  "delinkedPltfrms": {
    "androidwear": [],
    "desktop": [
      "desktopweb"
    ],
    "mobile": [
      "iphone"
    ],
    "tablet": [
      "ipad"
    ],
    "watch": []
  },
  "desktopweb": {
    "font_name": "Helvetica",
    "font_size": 100,
    "isForked": true
  },
  "fontSizeInPx": true,
  "font_color": "939393ff",
  "font_name": "iphoneSystem",
  "font_size": 61,
  "font_style": "normal",
  "font_weight": "normal",
  "ipad": {
    "font_name": "System",
    "font_size": 79,
    "isForked": true
  },
  "iphone": {
    "font_name": "OpenSans-Regular",
    "font_size": 81,
    "isForked": true
  },
  "isDefaultSkin": false,
  "kiosk": {
    "font_name": "None",
    "font_size": 213,
    "isForked": false
  },
  "kuid": "s49d13da35e74214945b909fd9d44f84",
  "spaan": {
    "font_name": "Helvetica",
    "font_size": 57,
    "isForked": false
  },
  "spaandroidtablet": {
    "font_name": "Helvetica",
    "font_size": 47,
    "isForked": false
  },
  "spabb": {
    "font_name": "Helvetica",
    "font_size": 71,
    "isForked": false
  },
  "spaip": {
    "font_name": "Helvetica",
    "font_size": 71,
    "isForked": false
  },
  "spaipad": {
    "font_name": "Helvetica",
    "font_size": 50,
    "isForked": false
  },
  "spawindowstablet": {
    "font_name": "Helvetica",
    "font_size": 50,
    "isForked": false
  },
  "spawinphone8": {
    "font_name": "Helvetica",
    "font_size": 71,
    "isForked": false
  },
  "tabrcandroid": {
    "font_name": "default",
    "font_size": 201,
    "isForked": false
  },
  "wType": "Label",
  "watchos": {
    "font_name": "System",
    "font_size": 121,
    "isForked": false
  },
  "windows8": {
    "font_name": "None",
    "font_size": 83,
    "isForked": false
  },
  "winphone8": {
    "font_name": "None",
    "font_size": 113,
    "isForked": false
  }
}