{
  "android": {
    "font_name": "default",
    "font_size": 57,
    "isForked": true
  },
  "androidwearos": {
    "font_name": "default",
    "font_size": 114,
    "isForked": true
  },
  "background_color": "00000000",
  "bg_type": "one",
  "border_color": "424242ff",
  "border_style": "plain",
  "border_type": 0,
  "border_width": 0,
  "delinkedPltfrms": {
    "androidwear": [],
    "desktop": [
      "desktopweb"
    ],
    "mobile": [
      "iphone"
    ],
    "tablet": [
      "ipad"
    ],
    "watch": []
  },
  "desktopweb": {
    "font_name": "Helvetica",
    "font_size": 125,
    "font_weight": "bold",
    "isForked": true
  },
  "fontSizeInPx": true,
  "font_color": "333333ff",
  "font_name": "iphoneSystem",
  "font_size": 105,
  "font_style": "normal",
  "font_weight": "normal",
  "ipad": {
    "font_name": "System",
    "font_size": 114,
    "isForked": true
  },
  "iphone": {
    "font_name": "System-Bold",
    "font_size": 124,
    "isForked": true
  },
  "isDefaultSkin": false,
  "kiosk": {
    "font_name": "None",
    "font_size": 200,
    "isForked": true
  },
  "kuid": "s90fcd2bff09499ebbd40ca3f8f49bcb",
  "spaan": {
    "font_name": "Helvetica",
    "font_size": 107,
    "isForked": true
  },
  "spaandroidtablet": {
    "font_name": "Helvetica",
    "font_size": 100,
    "isForked": true
  },
  "spabb": {
    "font_name": "Helvetica",
    "font_size": 123,
    "isForked": true
  },
  "spaip": {
    "font_name": "Helvetica",
    "font_size": 133,
    "isForked": true
  },
  "spaipad": {
    "font_name": "Helvetica",
    "font_size": 94,
    "isForked": true
  },
  "spawindowstablet": {
    "font_name": "Helvetica",
    "font_size": 94,
    "isForked": true
  },
  "spawinphone8": {
    "font_name": "Helvetica",
    "font_size": 133,
    "isForked": true
  },
  "tabrcandroid": {
    "font_name": "default",
    "font_size": 190,
    "isForked": true
  },
  "wType": "Label",
  "watchos": {
    "font_name": "System",
    "font_size": 114,
    "isForked": true
  },
  "windows8": {
    "font_name": "None",
    "font_size": 78,
    "isForked": true
  },
  "winphone8": {
    "font_name": "None",
    "font_size": 107,
    "isForked": true
  }
}