{
    "AS_Button_c3c22fb1a3a147678f7dc74a1ce1fee8": {
        "id": "AS_Button_c3c22fb1a3a147678f7dc74a1ce1fee8",
        "type": "ACTION_SEQUENCE",
        "params": [{
            "datatype": "collection",
            "name": "eventobject"
        }],
        "contextObj": {
            "name": "frmList",
            "type": "forms",
            "platform": null,
            "KUID": "a5f4a43913094f90a21411622a129a5b"
        },
        "language": "js",
        "actions": [{
            "id": "INVOKE_IDENTITY_SERVICE__cbfddcdab42a4c778b17160b6231ee6d",
            "type": "INVOKE_IDENTITY_SERVICE",
            "mappings": {},
            "mappingsOrder": [],
            "serviceconfig": {
                "operationname": "logout",
                "servicename": "employeeLogin",
                "type": "identity",
                "login_type": "basic"
            },
            "enableMappingEditor": true
        }, {
            "id": "NAVIGATE_TO_FORM___c8e4a9226d334dea8a69cbe11d93cdf1",
            "type": "NAVIGATE_TO_FORM",
            "formId": "frmLogin",
            "formKUID": "ee85f8531c894ceda728ac165ebad9c5",
            "mappings": {},
            "mappingsOrder": [],
            "parentId": "INVOKE_IDENTITY_SERVICE__cbfddcdab42a4c778b17160b6231ee6d",
            "callbackType": "Success",
            "enableMappingEditor": true,
            "package": ""
        }, {
            "id": "SHOW_ALERT__e37fd2ce8cc84c0583f2aa490bb28b69",
            "type": "SHOW_ALERT",
            "alertType": "constants.ALERT_TYPE_INFO",
            "alertTitle": null,
            "yesLabel": null,
            "noLabel": null,
            "alertIcon": null,
            "alertMessage": "Logout Failed!",
            "messageType": "constant",
            "alertHandler": null,
            "parentId": "INVOKE_IDENTITY_SERVICE__cbfddcdab42a4c778b17160b6231ee6d",
            "callbackType": "Failure",
            "alertTitlei18n": null,
            "yesLabeli18n": null,
            "noLabeli18n": null,
            "alertMessagei18n": null,
            "iconPosition": "constants.ALERT_ICON_POSITION_LEFT",
            "disabled": null
        }]
    }
}