{
    "AS_Button_f41bf70e129843ba9b9baa1b11438ea4": {
        "id": "AS_Button_f41bf70e129843ba9b9baa1b11438ea4",
        "type": "ACTION_SEQUENCE",
        "params": [{
            "datatype": "collection",
            "name": "eventobject"
        }],
        "contextObj": {
            "name": "frmLogin",
            "type": "forms",
            "platform": null,
            "KUID": "ee85f8531c894ceda728ac165ebad9c5"
        },
        "language": "js",
        "actions": [{
            "id": "INVOKE_IDENTITY_SERVICE__aed9e88c3c5c4224995c9f9cf8b02bbe",
            "type": "INVOKE_IDENTITY_SERVICE",
            "mappings": {
                "ME_Mapping_a3721fa0a97c449cbc9e7c89f3ed9e27": {
                    "channel": "mobile",
                    "id": "ME_Mapping_a3721fa0a97c449cbc9e7c89f3ed9e27",
                    "type": "MAPPING",
                    "callbackType": null,
                    "rectified": true,
                    "source": {
                        "type": "Forms",
                        "propertyName": "text",
                        "widgetId": "usernameTextbox",
                        "widgetPath": "this.view.usernameTextbox",
                        "widgetType": "TextField",
                        "dataType": "string",
                        "itemId": "frmLogin",
                        "widgetKUID": "c1477a5a6ef64362ac1ff1e7d1b64aff",
                        "itemKUID": "ee85f8531c894ceda728ac165ebad9c5",
                        "forkedPlatform": "all"
                    },
                    "target": {
                        "type": "Services",
                        "propertyName": "userid",
                        "dataType": "string",
                        "forkedPlatform": "all",
                        "serviceconfig": {
                            "operationname": "login",
                            "servicename": "employeeLogin",
                            "type": "identity",
                            "login_type": "basic"
                        }
                    }
                },
                "ME_Mapping_bb5d0f57e8054fed932ca10a1de424c9": {
                    "channel": "mobile",
                    "id": "ME_Mapping_bb5d0f57e8054fed932ca10a1de424c9",
                    "type": "MAPPING",
                    "callbackType": null,
                    "rectified": true,
                    "source": {
                        "type": "Forms",
                        "propertyName": "text",
                        "widgetId": "passwordTextbox",
                        "widgetPath": "this.view.passwordTextbox",
                        "widgetType": "TextField",
                        "dataType": "string",
                        "itemId": "frmLogin",
                        "widgetKUID": "d450bc75e5424af7ac1a076e740d8812",
                        "itemKUID": "ee85f8531c894ceda728ac165ebad9c5",
                        "forkedPlatform": "all"
                    },
                    "target": {
                        "type": "Services",
                        "propertyName": "password",
                        "dataType": "string",
                        "forkedPlatform": "all",
                        "serviceconfig": {
                            "operationname": "login",
                            "servicename": "employeeLogin",
                            "type": "identity",
                            "login_type": "basic"
                        }
                    }
                }
            },
            "mappingsOrder": ["ME_Mapping_a3721fa0a97c449cbc9e7c89f3ed9e27", "ME_Mapping_bb5d0f57e8054fed932ca10a1de424c9"],
            "serviceconfig": {
                "operationname": "login",
                "servicename": "employeeLogin",
                "type": "identity",
                "login_type": "basic"
            },
            "enableMappingEditor": true
        }, {
            "id": "NAVIGATE_TO_FORM___gece402e31624d6dbedae9e974019615",
            "type": "NAVIGATE_TO_FORM",
            "formId": "frmList",
            "formKUID": "a5f4a43913094f90a21411622a129a5b",
            "mappings": {},
            "mappingsOrder": [],
            "parentId": "INVOKE_IDENTITY_SERVICE__aed9e88c3c5c4224995c9f9cf8b02bbe",
            "callbackType": "Success",
            "enableMappingEditor": true,
            "package": ""
        }, {
            "id": "SHOW_ALERT__h90b22b4028a4a778483338422ed2c26",
            "type": "SHOW_ALERT",
            "alertType": "constants.ALERT_TYPE_INFO",
            "alertTitle": null,
            "yesLabel": null,
            "noLabel": null,
            "alertIcon": null,
            "alertMessage": "Authentication Failed!",
            "messageType": "constant",
            "alertHandler": null,
            "parentId": "INVOKE_IDENTITY_SERVICE__aed9e88c3c5c4224995c9f9cf8b02bbe",
            "callbackType": "Failure",
            "alertTitlei18n": null,
            "yesLabeli18n": null,
            "noLabeli18n": null,
            "alertMessagei18n": null,
            "iconPosition": "constants.ALERT_ICON_POSITION_LEFT",
            "disabled": null
        }]
    }
}