{
    "AS_Button_df8a343f702b42d2a49ed2544a907574": {
        "id": "AS_Button_df8a343f702b42d2a49ed2544a907574",
        "type": "ACTION_SEQUENCE",
        "params": [{
            "datatype": "collection",
            "name": "eventobject"
        }],
        "contextObj": {
            "name": "frmDetails",
            "type": "forms",
            "platform": null,
            "KUID": "d82146a3c27b4743b15b8e1d65a5de7c"
        },
        "language": "js",
        "actions": [{
            "id": "INVOKE_IDENTITY_SERVICE__c88f2c6063554f17ba94eb5cf6884788",
            "type": "INVOKE_IDENTITY_SERVICE",
            "mappings": {},
            "mappingsOrder": [],
            "serviceconfig": {
                "operationname": "logout",
                "servicename": "employeeLogin",
                "type": "identity",
                "login_type": "basic"
            },
            "enableMappingEditor": true
        }, {
            "id": "NAVIGATE_TO_FORM___a6ab84c23c514e789d610954ae3615d4",
            "type": "NAVIGATE_TO_FORM",
            "formId": "frmLogin",
            "formKUID": "ee85f8531c894ceda728ac165ebad9c5",
            "mappings": {},
            "mappingsOrder": [],
            "parentId": "INVOKE_IDENTITY_SERVICE__c88f2c6063554f17ba94eb5cf6884788",
            "callbackType": "Success",
            "enableMappingEditor": true,
            "package": ""
        }, {
            "id": "SHOW_ALERT__ad5faca4972d4ee9a8399de478fdbca5",
            "type": "SHOW_ALERT",
            "alertType": "constants.ALERT_TYPE_INFO",
            "alertTitle": null,
            "yesLabel": null,
            "noLabel": null,
            "alertIcon": null,
            "alertMessage": "Logout Failed!",
            "messageType": "constant",
            "alertHandler": null,
            "parentId": "INVOKE_IDENTITY_SERVICE__c88f2c6063554f17ba94eb5cf6884788",
            "callbackType": "Failure",
            "alertTitlei18n": null,
            "yesLabeli18n": null,
            "noLabeli18n": null,
            "alertMessagei18n": null,
            "iconPosition": "constants.ALERT_ICON_POSITION_LEFT",
            "disabled": null
        }]
    }
}