{
    "@class": "com.kony.gen.viz.model.container.KVizSegment2",
    "DNDConfig": null,
    "__parentReadjusting__": false,
    "_bottom_": {
        "type": "number",
        "value": "0"
    },
    "_data_": [
        {
            "employeeFieldGroup": {
                "@class": "com.viz.ide.model.segment.SimpleTextSegmentData",
                "text": "Product Management"
            },
            "employeeFieldName": {
                "@class": "com.viz.ide.model.segment.SimpleTextSegmentData",
                "text": "Alex Sion"
            },
            "employeeFieldTitle": {
                "@class": "com.viz.ide.model.segment.SimpleTextSegmentData",
                "text": "President"
            },
            "employeeId": {
                "@class": "com.viz.ide.model.segment.SimpleTextSegmentData",
                "text": "Label"
            },
            "employeeSegImage": {
                "@class": "com.viz.ide.model.segment.ImageSegmentData",
                "src": "image1.png"
            }
        },
        {
            "employeeFieldGroup": {
                "@class": "com.viz.ide.model.segment.SimpleTextSegmentData",
                "text": "Product Management"
            },
            "employeeFieldName": {
                "@class": "com.viz.ide.model.segment.SimpleTextSegmentData",
                "text": "Ben Cortez"
            },
            "employeeFieldTitle": {
                "@class": "com.viz.ide.model.segment.SimpleTextSegmentData",
                "text": "Senior Director"
            },
            "employeeId": {
                "@class": "com.viz.ide.model.segment.SimpleTextSegmentData",
                "text": "Label"
            },
            "employeeSegImage": {
                "@class": "com.viz.ide.model.segment.ImageSegmentData",
                "src": "image2.png"
            }
        },
        {
            "employeeFieldGroup": {
                "@class": "com.viz.ide.model.segment.SimpleTextSegmentData",
                "text": "Product Management"
            },
            "employeeFieldName": {
                "@class": "com.viz.ide.model.segment.SimpleTextSegmentData",
                "text": "Dan Marous"
            },
            "employeeFieldTitle": {
                "@class": "com.viz.ide.model.segment.SimpleTextSegmentData",
                "text": "Senior Product Manager"
            },
            "employeeId": {
                "@class": "com.viz.ide.model.segment.SimpleTextSegmentData",
                "text": "Label"
            },
            "employeeSegImage": {
                "@class": "com.viz.ide.model.segment.ImageSegmentData",
                "src": "image3.png"
            }
        },
        {
            "employeeFieldGroup": {
                "@class": "com.viz.ide.model.segment.SimpleTextSegmentData",
                "text": "Product Management"
            },
            "employeeFieldName": {
                "@class": "com.viz.ide.model.segment.SimpleTextSegmentData",
                "text": "Dawn Edwards"
            },
            "employeeFieldTitle": {
                "@class": "com.viz.ide.model.segment.SimpleTextSegmentData",
                "text": "Product Manager"
            },
            "employeeId": {
                "@class": "com.viz.ide.model.segment.SimpleTextSegmentData",
                "text": "Label"
            },
            "employeeSegImage": {
                "@class": "com.viz.ide.model.segment.ImageSegmentData",
                "src": "image4.png"
            }
        },
        {
            "employeeFieldGroup": {
                "@class": "com.viz.ide.model.segment.SimpleTextSegmentData",
                "text": "Product Management"
            },
            "employeeFieldName": {
                "@class": "com.viz.ide.model.segment.SimpleTextSegmentData",
                "text": "Elizabeth James"
            },
            "employeeFieldTitle": {
                "@class": "com.viz.ide.model.segment.SimpleTextSegmentData",
                "text": "Associate Product Manager"
            },
            "employeeId": {
                "@class": "com.viz.ide.model.segment.SimpleTextSegmentData",
                "text": "Label"
            },
            "employeeSegImage": {
                "@class": "com.viz.ide.model.segment.ImageSegmentData",
                "src": "image5.png"
            }
        },
        {
            "employeeFieldGroup": {
                "@class": "com.viz.ide.model.segment.SimpleTextSegmentData",
                "text": "Sales"
            },
            "employeeFieldName": {
                "@class": "com.viz.ide.model.segment.SimpleTextSegmentData",
                "text": "Ha Joon Lee"
            },
            "employeeFieldTitle": {
                "@class": "com.viz.ide.model.segment.SimpleTextSegmentData",
                "text": "President"
            },
            "employeeId": {
                "@class": "com.viz.ide.model.segment.SimpleTextSegmentData",
                "text": "Label"
            },
            "employeeSegImage": {
                "@class": "com.viz.ide.model.segment.ImageSegmentData",
                "src": "image6.png"
            }
        },
        {
            "employeeFieldGroup": {
                "@class": "com.viz.ide.model.segment.SimpleTextSegmentData",
                "text": "Sales"
            },
            "employeeFieldName": {
                "@class": "com.viz.ide.model.segment.SimpleTextSegmentData",
                "text": "Jared Ridge"
            },
            "employeeFieldTitle": {
                "@class": "com.viz.ide.model.segment.SimpleTextSegmentData",
                "text": "Senior Director"
            },
            "employeeId": {
                "@class": "com.viz.ide.model.segment.SimpleTextSegmentData",
                "text": "Label"
            },
            "employeeSegImage": {
                "@class": "com.viz.ide.model.segment.ImageSegmentData",
                "src": "image7.png"
            }
        },
        {
            "employeeFieldGroup": {
                "@class": "com.viz.ide.model.segment.SimpleTextSegmentData",
                "text": "Sales"
            },
            "employeeFieldName": {
                "@class": "com.viz.ide.model.segment.SimpleTextSegmentData",
                "text": "Jeremaih Crosman"
            },
            "employeeFieldTitle": {
                "@class": "com.viz.ide.model.segment.SimpleTextSegmentData",
                "text": "Business Development Manager"
            },
            "employeeId": {
                "@class": "com.viz.ide.model.segment.SimpleTextSegmentData",
                "text": "Label"
            },
            "employeeSegImage": {
                "@class": "com.viz.ide.model.segment.ImageSegmentData",
                "src": "image8.png"
            }
        },
        {
            "employeeFieldGroup": {
                "@class": "com.viz.ide.model.segment.SimpleTextSegmentData",
                "text": "Product Management"
            },
            "employeeFieldName": {
                "@class": "com.viz.ide.model.segment.SimpleTextSegmentData",
                "text": "Jim Lathmore"
            },
            "employeeFieldTitle": {
                "@class": "com.viz.ide.model.segment.SimpleTextSegmentData",
                "text": "Chief Executive Officer"
            },
            "employeeId": {
                "@class": "com.viz.ide.model.segment.SimpleTextSegmentData",
                "text": "Label"
            },
            "employeeSegImage": {
                "@class": "com.viz.ide.model.segment.ImageSegmentData",
                "src": "image9.png"
            }
        }
    ],
    "_indicator_": "none",
    "_left_": {
        "type": "string",
        "value": "0dp"
    },
    "_margin_": [
        0,
        0,
        0,
        0
    ],
    "_orientation_": 2,
    "_padding_": [
        0,
        0,
        0,
        0
    ],
    "_top_": {
        "type": "string",
        "value": "0dp"
    },
    "_width_": {
        "type": "string",
        "value": "100%"
    },
    "autogrowmode": 0,
    "canUpdateUI": true,
    "containerweight": 100,
    "counter": "08",
    "focusedindex": null,
    "focuseditem": null,
    "generatedtemplate": "h3f2eb28ccb84aaabacbadde1a998315",
    "groupcells": false,
    "hasSections": false,
    "id": "employeeSegment",
    "info": null,
    "ipad": {
        "psp": {
            "indicator": "rowselect"
        }
    },
    "iphone": {
        "psp": {
            "indicator": "none"
        }
    },
    "iscustomlayout": false,
    "isvisible": true,
    "kuid": "gc301663d84d481fb826bdcff3328d00",
    "masterdata": {},
    "name": "kony.ui.SegmentedUI2",
    "needpageindicator": true,
    "onrowclick": "AS_Segment_bc118b5d1d814ad4a197ae327cd8c1c1",
    "pageoffdotimage": "pageoffdot.png",
    "pageondotimage": "pageondot.png",
    "paginationconfig": {
        "position": "bottom"
    },
    "parent": "listContainer",
    "pf": "frmList",
    "retaincontentalignment": false,
    "retainflexpositionproperties": false,
    "retainselection": false,
    "rowTemplateId": "h3f2eb28ccb84aaabacbadde1a998315",
    "rowcounter": 8,
    "rowfocusskin": "sa57434a0c4c4e10a22d1651feebb377",
    "rowskin": "s222a0e4ff17478fa1b172bee7d6c3e8",
    "rowtemplate": "FBox0f8ef70119cb149",
    "seccounter": 0,
    "sectionheaderskin": "s809cfeb21f246f8bc728c17d6a2b1df",
    "selectedRows": null,
    "selectedState": false,
    "selectedindex": null,
    "selectedindices": null,
    "selecteditems": null,
    "selectedsectionindex": 0,
    "selectionbehavior": "default",
    "separatorrequired": false,
    "showscrollbars": false,
    "viewtype": "tableview",
    "vizProps": {},
    "wType": "Segment",
    "widgetalignment": 5,
    "widgetdatamap": {
        "employeeFieldGroup": "employeeFieldGroup",
        "employeeFieldName": "employeeFieldName",
        "employeeFieldTitle": "employeeFieldTitle",
        "employeeId": "employeeId",
        "employeeSegFields": "employeeSegFields",
        "employeeSegImage": "employeeSegImage",
        "employeeSegLine": "employeeSegLine"
    },
    "zindex": 1
}