{
    "@class": "com.kony.gen.viz.model.component.KVizButton",
    "DNDConfig": null,
    "__parentReadjusting__": false,
    "_height_": {
        "type": "string",
        "value": "50dp"
    },
    "_left_": {
        "type": "string",
        "value": "0dp"
    },
    "_margin_": [
        6,
        6,
        6,
        6
    ],
    "_padding_": [
        0,
        0,
        0,
        0
    ],
    "_right_": {
        "type": "number",
        "value": "0"
    },
    "_skin_": "s4b496a08ea6409ba71467623ed670f9",
    "_text_": "Login",
    "_top_": {
        "type": "string",
        "value": "37dp"
    },
    "_width_": {
        "type": "string",
        "value": "100%"
    },
    "canUpdateUI": true,
    "containerweight": 100,
    "contentalignment": 5,
    "displaytext": true,
    "focusskin": "sb39930d7f7d4afca7b676f27d926e38",
    "id": "loginButton",
    "info": null,
    "iscustomlayout": false,
    "isvisible": true,
    "kuid": "d8cba6562c5847cdb436e61c13f8c697",
    "name": "kony.ui.Button",
    "onclick": "AS_Button_f41bf70e129843ba9b9baa1b11438ea4",
    "parent": "paddingContainer",
    "pf": "frmLogin",
    "retaincontentalignment": false,
    "retainflexpositionproperties": false,
    "wType": "Button",
    "zindex": 1
}