{
    "APPLICATION_THEME": "default",
    "appaddrkey": "",
    "appidkey": "EmployeeDirectory",
    "appnamekey": "EmployeeDirectory",
    "apppackagekey": "",
    "appversionkey": "1.0.0",
    "build": "debug",
    "category": "app",
    "createdVizVersion": "8.3.8",
    "createdgaversion": "8.3.8",
    "currentgaversion": "8.3.8",
    "enableCustomData": false,
    "enableProgressiveWeb": false,
    "enableResponsive": true,
    "enableasyncdesktopweb": true,
    "enableasyncspa": true,
    "isDeveloperMode": "false",
    "isDpScaleFactor": true,
    "isMVC": true,
    "isNewAppWithRespectToAndroidPackageName": "",
    "konyVizVersion": "8.3.8",
    "mastersProperties": {
        "mastersVersion": "2.0.0"
    },
    "mwaddrkey": "",
    "mwhttpsportkey": "",
    "mwportkey": "",
    "project.type": "js",
    "project_version": "sprint32",
    "referenceWidth": "375",
    "startupformkey": "ee85f8531c894ceda728ac165ebad9c5",
    "vendornamekey": "KonyLabs",
    "winmobileguidkey": "",
    "defaulttheme": "defaultTheme",
    "cloud_account_guid": "e8dc8d0b-57b4-4f29-93fa-be0207757778",
    "nativeContainerProperties": {
        "isModified": false,
        "isEnableJSContainer": false,
        "isEnableJSContainerAndroid": false,
        "isEnableJSContaineriOS": false
    },
    "wap_ip_fontsize": "12",
    "wap_android240_fontsize": "10",
    "wap_android320_fontsize": "12",
    "wap_android360_fontsize": "13",
    "wap_android400_fontsize": "14",
    "wap_android440_fontsize": "15",
    "wap_android480_fontsize": "16",
    "wap_android640_fontsize": "19",
    "wap_spaipad_fontsize": "17",
    "wap_spaandroidtab_fontsize": "17",
    "wap_spaandroidtabldpi_fontsize": "17",
    "wap_spaandroidtabmdpi_fontsize": "14",
    "wap_spaandroidtabhdpi_fontsize": "16",
    "wap_spaandroidtabxhdpi_fontsize": "18",
    "wap_winphone320_fontsize": "12",
    "wap_winphone480_fontsize": "12",
    "wap_spawindowstab_fontsize": "17",
    "wap_bb240_fontsize": "12",
    "wap_bb320_fontsize": "15",
    "wap_bb360_fontsize": "13",
    "wap_bb400_fontsize": "14",
    "wap_bb440_fontsize": "15",
    "wap_bb480_fontsize": "17",
    "ipadlandscapemodekey": "portrait",
    "supportedorientations": [
        "portrait"
    ],
    "desktopwebbasefontsize": "16",
    "desktopwebwidthoption": "percentage",
    "desktopwebaligenmentoption": "Left",
    "appmenu": {
        "desktop": {
            "data": [
                {
                    "id": "appmenuitemid1",
                    "title": "Item 1",
                    "icon": {
                        "default": "option1.png"
                    },
                    "kuid": "i35f720a27c34a9d86a48f5c7b3e15db"
                },
                {
                    "id": "appmenuitemid2",
                    "title": "Item 2",
                    "icon": {
                        "default": "option2.png"
                    },
                    "kuid": "ddbe02af18a64562b9e66a0f1f4cb5b6"
                },
                {
                    "id": "appmenuitemid3",
                    "title": "Item 3",
                    "icon": {
                        "default": "option3.png"
                    },
                    "kuid": "cb1df18f26a14b0aaa58c502a90b95c0"
                },
                {
                    "id": "appmenuitemid4",
                    "title": "Item 4",
                    "icon": {
                        "default": "option4.png"
                    },
                    "kuid": "h911e6e62dff42eaba346bd01b4c2a98"
                }
            ]
        },
        "focusSkin": null,
        "focusskin": null,
        "mobile": {
            "data": [
                {
                    "id": "appmenuitemid1",
                    "title": "Item 1",
                    "icon": {
                        "default": "option1.png"
                    },
                    "kuid": "a172953dd78b4f2380f569a49ec0adbf"
                },
                {
                    "id": "appmenuitemid2",
                    "title": "Item 2",
                    "icon": {
                        "default": "option2.png"
                    },
                    "kuid": "b0bf180f68484719bf74941d760b6ec6"
                },
                {
                    "id": "appmenuitemid3",
                    "title": "Item 3",
                    "icon": {
                        "default": "option3.png"
                    },
                    "kuid": "e887148591b94648819266c9254c3741"
                },
                {
                    "id": "appmenuitemid4",
                    "title": "Item 4",
                    "icon": {
                        "default": "option4.png"
                    },
                    "kuid": "f75bac015e074c43a0c5843508a964ed"
                }
            ]
        },
        "osPlatform": "",
        "osVersion": "iOS7",
        "skin": null,
        "tablet": {
            "data": [
                {
                    "id": "appmenuitemid1",
                    "title": "Item 1",
                    "icon": {
                        "default": "option1.png"
                    },
                    "kuid": "d250b444f54d401db228aa4099e3d691",
                    "windows8": {
                        "position": "BOTTOM_LEFT",
                        "appBarButtonStyle": "No Style"
                    }
                },
                {
                    "id": "appmenuitemid2",
                    "title": "Item 2",
                    "icon": {
                        "default": "option2.png"
                    },
                    "kuid": "fdb76ab82372444994987d976df80627",
                    "windows8": {
                        "position": "BOTTOM_LEFT",
                        "appBarButtonStyle": "No Style"
                    }
                },
                {
                    "id": "appmenuitemid3",
                    "title": "Item 3",
                    "icon": {
                        "default": "option3.png"
                    },
                    "kuid": "g2752b0d9fe846e086f8fa1e43fd4f07",
                    "windows8": {
                        "position": "BOTTOM_LEFT",
                        "appBarButtonStyle": "No Style"
                    }
                },
                {
                    "id": "appmenuitemid4",
                    "title": "Item 4",
                    "icon": {
                        "default": "option4.png"
                    },
                    "kuid": "c5ec7f2b73b8400bb28abe6e3ab38028",
                    "windows8": {
                        "position": "BOTTOM_LEFT",
                        "appBarButtonStyle": "No Style"
                    }
                }
            ]
        },
        "wType": "Appmenu"
    },
    "kfAppInfo": {
        "e8dc8d0b-57b4-4f29-93fa-be0207757778": {
            "id": "83916936-9460-4eaf-be0c-b8f7160be92a",
            "baseId": "83916936-9460-4eaf-be0c-b8f7160be92a",
            "version": "1.0",
            "appName": "EmpDirectory1"
        }
    },
    "cloud_env_GUID": "d1c27723-b76c-4029-8132-f33d9c8d77a8"
}