{
    "DNDConfig": null,
    "__parentReadjusting__": false,
    "_height_": {
        "type": "ref",
        "value": "preferred"
    },
    "_left_": {
        "type": "string",
        "value": "20dp"
    },
    "_margin_": [
        0,
        0,
        0,
        0
    ],
    "_orientation_": 6,
    "_padding_": [
        0,
        0,
        0,
        0
    ],
    "_percent_": true,
    "_right_": {
        "type": "number",
        "value": "20"
    },
    "_skin_": "s391674bfaee4019b7685fbeb8563c46",
    "_top_": {
        "type": "string",
        "value": "284dp"
    },
    "_width_": {
        "type": "number",
        "value": ""
    },
    "allboxes": [],
    "autogrowmode": 1,
    "canUpdateUI": true,
    "centerx": {
        "type": "number",
        "value": ""
    },
    "children": [
        "detailsRowContainer1",
        "detailsRowContainer2",
        "detailsRowContainer3",
        "detailsRowContainer4"
    ],
    "clipbounds": true,
    "containerweight": 100,
    "enablescrolling": true,
    "id": "employeeDetailsContent",
    "info": null,
    "iscustomlayout": false,
    "isvisible": true,
    "kuid": "c390f508772d48abaa44d3c8222b7904",
    "layouttype": 4,
    "name": "kony.ui.FlexContainer",
    "parent": "detailContainer",
    "pf": "frmListDetails",
    "responsiveData": {
        "b3": {
            "top": {
                "type": "string",
                "value": "340dp"
            }
        }
    },
    "retaincontentalignment": false,
    "retainflexpositionproperties": false,
    "snapgridsize": 10,
    "snaptogrid": true,
    "wType": "FlexContainer",
    "widgetalignment": 1
}