{
    "DNDConfig": null,
    "__parentReadjusting__": false,
    "_bottom_": {
        "type": "number",
        "value": "0"
    },
    "_left_": {
        "type": "string",
        "value": "45%"
    },
    "_margin_": [
        0,
        0,
        0,
        0
    ],
    "_orientation_": 6,
    "_padding_": [
        0,
        0,
        0,
        0
    ],
    "_percent_": true,
    "_skin_": "s95d07839b024e99ba223917c16d5bf1",
    "_top_": {
        "type": "string",
        "value": "60dp"
    },
    "_width_": {
        "type": "string",
        "value": "2dp"
    },
    "allboxes": [],
    "autogrowmode": 0,
    "canUpdateUI": true,
    "children": [],
    "clipbounds": true,
    "containerweight": 100,
    "enablescrolling": true,
    "id": "sepLine",
    "info": null,
    "iscustomlayout": false,
    "isvisible": true,
    "kuid": "fa51e0272573432f84a68e82ab3d5db7",
    "layouttype": 2,
    "masterType": 1,
    "name": "kony.ui.FlexContainer",
    "parent": "masterContainer",
    "pf": "frmListDetails",
    "responsiveData": {
        "b3": {
            "isVisible": false
        }
    },
    "retaincontentalignment": false,
    "retainflexpositionproperties": false,
    "snapgridsize": 10,
    "snaptogrid": true,
    "wType": "FlexContainer",
    "widgetalignment": 1,
    "zindex": 1
}