{
    "AS_Button_e20557e051ad409088db247549f387d9": {
        "id": "AS_Button_e20557e051ad409088db247549f387d9",
        "type": "ACTION_SEQUENCE",
        "params": [{
            "datatype": "collection",
            "name": "eventobject"
        }],
        "contextObj": {
            "name": "frmLogin",
            "type": "forms",
            "platform": "",
            "KUID": "c6eaf414aa9d44b191753661116c358a"
        },
        "language": "js",
        "actions": [{
            "id": "INVOKE_IDENTITY_SERVICE__h900451939d8456a8cf31d4b9cc37c2a",
            "type": "INVOKE_IDENTITY_SERVICE",
            "mappings": {
                "ME_Mapping_d909b1f7aede496899a1aa6e017c3f95": {
                    "channel": "desktop",
                    "id": "ME_Mapping_d909b1f7aede496899a1aa6e017c3f95",
                    "type": "MAPPING",
                    "callbackType": null,
                    "rectified": true,
                    "source": {
                        "type": "Forms",
                        "propertyName": "text",
                        "widgetId": "usernameTextbox",
                        "widgetPath": "this.view.usernameTextbox",
                        "widgetType": "TextField",
                        "dataType": "string",
                        "itemId": "frmLogin",
                        "widgetKUID": "j724163026cc4bcda1e8dd727476c720",
                        "itemKUID": "c6eaf414aa9d44b191753661116c358a",
                        "forkedPlatform": "all"
                    },
                    "target": {
                        "type": "Services",
                        "propertyName": "userid",
                        "dataType": "string",
                        "forkedPlatform": "all",
                        "serviceconfig": {
                            "servicename": "employeeLogin",
                            "type": "identity",
                            "operationname": "login",
                            "serviceid": "bd9ef744-cc26-488d-870f-d86fca8e303b",
                            "login_type": "basic"
                        }
                    }
                },
                "ME_Mapping_c469d469f35249d0b7f7618fbfc6d375": {
                    "channel": "desktop",
                    "id": "ME_Mapping_c469d469f35249d0b7f7618fbfc6d375",
                    "type": "MAPPING",
                    "callbackType": null,
                    "rectified": true,
                    "source": {
                        "type": "Forms",
                        "propertyName": "text",
                        "widgetId": "passwordTextbox",
                        "widgetPath": "this.view.passwordTextbox",
                        "widgetType": "TextField",
                        "dataType": "string",
                        "itemId": "frmLogin",
                        "widgetKUID": "b3601c4c8df54d14a41f847091a743a3",
                        "itemKUID": "c6eaf414aa9d44b191753661116c358a",
                        "forkedPlatform": "all"
                    },
                    "target": {
                        "type": "Services",
                        "propertyName": "password",
                        "dataType": "string",
                        "forkedPlatform": "all",
                        "serviceconfig": {
                            "servicename": "employeeLogin",
                            "type": "identity",
                            "operationname": "login",
                            "serviceid": "bd9ef744-cc26-488d-870f-d86fca8e303b",
                            "login_type": "basic"
                        }
                    }
                }
            },
            "mappingsOrder": ["ME_Mapping_d909b1f7aede496899a1aa6e017c3f95", "ME_Mapping_c469d469f35249d0b7f7618fbfc6d375"],
            "serviceconfig": {
                "servicename": "employeeLogin",
                "type": "identity",
                "operationname": "login",
                "serviceid": "bd9ef744-cc26-488d-870f-d86fca8e303b",
                "login_type": "basic"
            },
            "enableMappingEditor": true
        }, {
            "id": "NAVIGATE_TO_FORM___ca260ca4a11c45cc922995ecf2ca356c",
            "type": "NAVIGATE_TO_FORM",
            "formId": "frmEmployee",
            "formKUID": "b89440c7d0e148eb9a1e5ac73bd71eb0",
            "mappings": {},
            "mappingsOrder": [],
            "parentId": "INVOKE_IDENTITY_SERVICE__h900451939d8456a8cf31d4b9cc37c2a",
            "callbackType": "Success",
            "enableMappingEditor": true,
            "package": ""
        }, {
            "id": "SHOW_ALERT__ac07a2f0884d4101a70bc5b95b904c4f",
            "type": "SHOW_ALERT",
            "alertType": "constants.ALERT_TYPE_INFO",
            "alertTitle": null,
            "yesLabel": null,
            "noLabel": null,
            "alertIcon": null,
            "alertMessage": "Authentication Failed!",
            "messageType": "constant",
            "alertHandler": null,
            "parentId": "INVOKE_IDENTITY_SERVICE__h900451939d8456a8cf31d4b9cc37c2a",
            "callbackType": "Failure",
            "alertTitlei18n": null,
            "yesLabeli18n": null,
            "noLabeli18n": null,
            "alertMessagei18n": null,
            "iconPosition": "constants.ALERT_ICON_POSITION_LEFT",
            "disabled": null
        }]
    }
}