{
    "AS_Button_e517ae9e772d433f89463dc159290281": {
        "id": "AS_Button_e517ae9e772d433f89463dc159290281",
        "type": "ACTION_SEQUENCE",
        "params": [{
            "datatype": "collection",
            "name": "eventobject"
        }],
        "contextObj": {
            "name": "frmEmployee",
            "type": "forms",
            "platform": null,
            "KUID": "b89440c7d0e148eb9a1e5ac73bd71eb0"
        },
        "language": "js",
        "actions": [{
            "id": "INVOKE_IDENTITY_SERVICE__d983f17f94e841979e0e3775669ad64e",
            "type": "INVOKE_IDENTITY_SERVICE",
            "mappings": {},
            "mappingsOrder": [],
            "serviceconfig": {
                "servicename": "employeeLogin",
                "type": "identity",
                "operationname": "logout",
                "serviceid": "bd9ef744-cc26-488d-870f-d86fca8e303b",
                "login_type": "basic"
            },
            "enableMappingEditor": true
        }, {
            "id": "NAVIGATE_TO_FORM___d6ee7f99db10496da0ee6422dad203a8",
            "type": "NAVIGATE_TO_FORM",
            "formId": "frmLogin",
            "formKUID": "c6eaf414aa9d44b191753661116c358a",
            "mappings": {},
            "mappingsOrder": [],
            "parentId": "INVOKE_IDENTITY_SERVICE__d983f17f94e841979e0e3775669ad64e",
            "callbackType": "Success",
            "enableMappingEditor": true,
            "package": ""
        }, {
            "id": "SHOW_ALERT__db56ca44fd704bd2a1655b3dd86ca997",
            "type": "SHOW_ALERT",
            "alertType": "constants.ALERT_TYPE_INFO",
            "alertTitle": null,
            "yesLabel": null,
            "noLabel": null,
            "alertIcon": null,
            "alertMessage": "Logout Failed!",
            "messageType": "constant",
            "alertHandler": null,
            "parentId": "INVOKE_IDENTITY_SERVICE__d983f17f94e841979e0e3775669ad64e",
            "callbackType": "Failure",
            "alertTitlei18n": null,
            "yesLabeli18n": null,
            "noLabeli18n": null,
            "alertMessagei18n": null,
            "iconPosition": "constants.ALERT_ICON_POSITION_LEFT",
            "disabled": null
        }]
    }
}