{
    "AS_Button_b5195efb8f9c45a4a536b13196c730ac": {
        "id": "AS_Button_b5195efb8f9c45a4a536b13196c730ac",
        "type": "ACTION_SEQUENCE",
        "params": [{
            "datatype": "collection",
            "name": "eventobject"
        }],
        "contextObj": {
            "name": "frmLogin",
            "type": "forms",
            "platform": null,
            "KUID": "c6eaf414aa9d44b191753661116c358a"
        },
        "language": "js",
        "actions": [{
            "id": "INVOKE_IDENTITY_SERVICE__fc7311cc52514e57aa92301d12599086",
            "type": "INVOKE_IDENTITY_SERVICE",
            "mappings": {
                "ME_Mapping_d6141c70c13241d2b4d2a7d8499e3d51": {
                    "channel": "desktop",
                    "id": "ME_Mapping_d6141c70c13241d2b4d2a7d8499e3d51",
                    "type": "MAPPING",
                    "callbackType": null,
                    "rectified": true,
                    "source": {
                        "type": "Forms",
                        "propertyName": "text",
                        "widgetId": "usernameTextbox",
                        "widgetPath": "this.view.usernameTextbox",
                        "widgetType": "TextField",
                        "dataType": "string",
                        "itemId": "frmLogin",
                        "widgetKUID": "j724163026cc4bcda1e8dd727476c720",
                        "itemKUID": "c6eaf414aa9d44b191753661116c358a",
                        "forkedPlatform": "all"
                    },
                    "target": {
                        "type": "Services",
                        "propertyName": "userid",
                        "dataType": "string",
                        "forkedPlatform": "all",
                        "serviceconfig": {
                            "servicename": "employeeLogin",
                            "type": "identity",
                            "operationname": "login",
                            "serviceid": "bd9ef744-cc26-488d-870f-d86fca8e303b",
                            "login_type": "basic"
                        }
                    }
                },
                "ME_Mapping_ed95ce949e784e29912bd741c7405896": {
                    "channel": "desktop",
                    "id": "ME_Mapping_ed95ce949e784e29912bd741c7405896",
                    "type": "MAPPING",
                    "callbackType": null,
                    "rectified": true,
                    "source": {
                        "type": "Forms",
                        "propertyName": "text",
                        "widgetId": "passwordTextbox",
                        "widgetPath": "this.view.passwordTextbox",
                        "widgetType": "TextField",
                        "dataType": "string",
                        "itemId": "frmLogin",
                        "widgetKUID": "b3601c4c8df54d14a41f847091a743a3",
                        "itemKUID": "c6eaf414aa9d44b191753661116c358a",
                        "forkedPlatform": "all"
                    },
                    "target": {
                        "type": "Services",
                        "propertyName": "password",
                        "dataType": "string",
                        "forkedPlatform": "all",
                        "serviceconfig": {
                            "servicename": "employeeLogin",
                            "type": "identity",
                            "operationname": "login",
                            "serviceid": "bd9ef744-cc26-488d-870f-d86fca8e303b",
                            "login_type": "basic"
                        }
                    }
                }
            },
            "mappingsOrder": ["ME_Mapping_d6141c70c13241d2b4d2a7d8499e3d51", "ME_Mapping_ed95ce949e784e29912bd741c7405896"],
            "serviceconfig": {
                "servicename": "employeeLogin",
                "type": "identity",
                "operationname": "login",
                "serviceid": "bd9ef744-cc26-488d-870f-d86fca8e303b",
                "login_type": "basic"
            },
            "enableMappingEditor": true
        }, {
            "id": "NAVIGATE_TO_FORM___jd68f4dbe6eb4921b51b56fdea208982",
            "type": "NAVIGATE_TO_FORM",
            "formId": "frmEmployee",
            "formKUID": "b89440c7d0e148eb9a1e5ac73bd71eb0",
            "mappings": {},
            "mappingsOrder": [],
            "parentId": "INVOKE_IDENTITY_SERVICE__fc7311cc52514e57aa92301d12599086",
            "callbackType": "Success",
            "enableMappingEditor": true,
            "package": ""
        }, {
            "id": "SHOW_ALERT__bc30db441402449a8373fc71aa188f07",
            "type": "SHOW_ALERT",
            "alertType": "constants.ALERT_TYPE_INFO",
            "alertTitle": null,
            "yesLabel": null,
            "noLabel": null,
            "alertIcon": null,
            "alertMessage": "Authentication Failed!",
            "messageType": "constant",
            "alertHandler": null,
            "parentId": "INVOKE_IDENTITY_SERVICE__fc7311cc52514e57aa92301d12599086",
            "callbackType": "Failure",
            "alertTitlei18n": null,
            "yesLabeli18n": null,
            "noLabeli18n": null,
            "alertMessagei18n": null,
            "iconPosition": "constants.ALERT_ICON_POSITION_LEFT",
            "disabled": null
        }]
    }
}