{
    "AS_Button_c9cb5a2980204ab6aa5417c7ff178a22": {
        "id": "AS_Button_c9cb5a2980204ab6aa5417c7ff178a22",
        "type": "ACTION_SEQUENCE",
        "params": [{
            "datatype": "collection",
            "name": "eventobject"
        }],
        "contextObj": {
            "name": "frmLogin",
            "type": "forms",
            "platform": null,
            "KUID": "c6eaf414aa9d44b191753661116c358a"
        },
        "language": "js",
        "actions": [{
            "id": "NAVIGATE_TO_FORM___j99ce241b79740c8bfc7936b0885a12f",
            "type": "NAVIGATE_TO_FORM",
            "formId": "frmEmployee",
            "formKUID": "b89440c7d0e148eb9a1e5ac73bd71eb0",
            "mappings": {},
            "mappingsOrder": [],
            "parentId": "",
            "callbackType": null,
            "enableMappingEditor": true,
            "package": "",
            "enableNavigationObj": false,
            "navigationObj": ""
        }]
    }
}