{
    "AS_Button_e98496d5716345059d55f34f7de4694d": {
        "id": "AS_Button_e98496d5716345059d55f34f7de4694d",
        "type": "ACTION_SEQUENCE",
        "params": [{
            "datatype": "collection",
            "name": "eventobject"
        }],
        "language": "js",
        "actions": [{
            "id": "INVOKE_IDENTITY_SERVICE_onClick_b0093358e557428da5428fed1ffb92e1",
            "type": "INVOKE_IDENTITY_SERVICE",
            "mappings": {},
            "mappingsOrder": [],
            "serviceconfig": {
                "servicename": "employeeLogin",
                "type": "identity",
                "operationname": "logout",
                "serviceid": "bd9ef744-cc26-488d-870f-d86fca8e303b",
                "login_type": "basic"
            },
            "enableMappingEditor": true
        }, {
            "id": "NAVIGATE_TO_FORM__onClick_e3324e3800004df5bfc83e78487bacb2",
            "type": "NAVIGATE_TO_FORM",
            "formId": "frmLogin",
            "formKUID": "c6eaf414aa9d44b191753661116c358a",
            "mappings": {},
            "mappingsOrder": [],
            "parentId": "INVOKE_IDENTITY_SERVICE_onClick_b0093358e557428da5428fed1ffb92e1",
            "callbackType": "Success",
            "enableMappingEditor": true,
            "package": ""
        }, {
            "id": "SHOW_ALERT_onClick_j2a21e4d9a47417284939963a6565a74",
            "type": "SHOW_ALERT",
            "alertType": "constants.ALERT_TYPE_INFO",
            "alertTitle": null,
            "yesLabel": null,
            "noLabel": null,
            "alertIcon": null,
            "alertMessage": "Logout Failed!",
            "messageType": "constant",
            "alertHandler": null,
            "parentId": "INVOKE_IDENTITY_SERVICE_onClick_b0093358e557428da5428fed1ffb92e1",
            "callbackType": "Failure",
            "alertTitlei18n": null,
            "yesLabeli18n": null,
            "noLabeli18n": null,
            "alertMessagei18n": null,
            "iconPosition": "constants.ALERT_ICON_POSITION_LEFT",
            "disabled": null
        }]
    }
}