{
    "AS_Button_hd26818bce214325b74cbcb701025aa9": {
        "id": "AS_Button_hd26818bce214325b74cbcb701025aa9",
        "type": "ACTION_SEQUENCE",
        "params": [{
            "datatype": "collection",
            "name": "eventobject"
        }],
        "contextObj": {
            "name": "frmEmployee",
            "type": "forms",
            "platform": "",
            "KUID": "b89440c7d0e148eb9a1e5ac73bd71eb0"
        },
        "language": "js",
        "actions": [{
            "id": "SET_FORM_WIDGET_PROPERTY_Untitled___i6c82fa088e044988407407c2668d7e3",
            "type": "SET_WIDGET_PROPERTY",
            "itemType": "FORM",
            "itemId": "frmEmployee",
            "widgetId": "detailContainer",
            "propertyName": "isVisible",
            "propertyValue": "false",
            "itemKUID": "b89440c7d0e148eb9a1e5ac73bd71eb0",
            "widgetKUID": "h790f2bb12594ad0b7c7d6fa935ab36d",
            "isSkinProperty": false,
            "wType": "FlexContainer",
            "forkedPlatform": "all",
            "parentId": null,
            "callbackType": null,
            "widgetPath": "this.view.detailContainer"
        }]
    }
}