{
    "AS_Form_d2a8e11f1e0c4f31943839073bcf1e28": {
        "id": "AS_Form_d2a8e11f1e0c4f31943839073bcf1e28",
        "type": "ACTION_SEQUENCE",
        "params": [{
            "datatype": "collection",
            "name": "eventobject"
        }],
        "contextObj": {
            "name": "frmEmployee",
            "type": "forms",
            "platform": null,
            "KUID": "b89440c7d0e148eb9a1e5ac73bd71eb0"
        },
        "language": "js",
        "actions": [{
            "id": "LOADING_INDICATOR__dbb13df19bbd442faf1415980b29fc8b",
            "selectedOption": "show",
            "disabled": null,
            "type": "LOADING_INDICATOR",
            "skin": "none",
            "position": "constants.LOADING_SCREEN_POSITION_FULL_SCREEN",
            "isBlocked": "true",
            "showProgressIndicator": "true"
        }, {
            "id": "INVOKE_OBJECT_SERVICE__de0cb59db4c04ab89b440160be5bdada",
            "type": "INVOKE_OBJECT_SERVICE",
            "inputparams": null,
            "httpheaders": null,
            "httpconfigs": null,
            "isasynchronous": null,
            "isoffline": null,
            "isobject": true,
            "mappings": {},
            "mappingsOrder": [],
            "serviceconfig": {
                "servicename": "employeeObjectService",
                "type": "objectsvcs",
                "objectname": "list_view",
                "serviceid": "c9f5bb4b-9d83-4b99-b854-7b7ab776b60a",
                "methodname": "get"
            },
            "enableMappingEditor": true
        }, {
            "id": "LOADING_INDICATOR__jdcdc26ce40d4f3fbc11c11f1affbd85",
            "selectedOption": "dismiss",
            "parentId": "INVOKE_OBJECT_SERVICE__de0cb59db4c04ab89b440160be5bdada",
            "disabled": null,
            "type": "LOADING_INDICATOR",
            "callbackType": "Callback",
            "skin": "none",
            "position": "constants.LOADING_SCREEN_POSITION_FULL_SCREEN",
            "isBlocked": "true",
            "showProgressIndicator": "true"
        }, {
            "id": "ADD_MAPPING__e4a2543efdb74a1e930efbaebe1fa1b8",
            "type": "ADD_MAPPING",
            "mappings": {
                "ME_Mapping_hea3eb92671044979a15abbf69b1225a": {
                    "channel": "desktop",
                    "id": "ME_Mapping_hea3eb92671044979a15abbf69b1225a",
                    "type": "MAPPING",
                    "callbackType": null,
                    "rectified": true,
                    "source": {
                        "type": "Services",
                        "propertyName": "records",
                        "dataType": "collection",
                        "forkedPlatform": "all",
                        "serviceconfig": {
                            "servicename": "employeeObjectService",
                            "type": "objectsvcs",
                            "objectname": "list_view",
                            "serviceid": "c9f5bb4b-9d83-4b99-b854-7b7ab776b60a",
                            "methodname": "get"
                        }
                    },
                    "target": {
                        "type": "Forms",
                        "propertyName": "masterdata",
                        "widgetId": "employeeSegment",
                        "widgetPath": "this.view.employeeSegment",
                        "widgetType": "Segment",
                        "dataType": "collection",
                        "itemId": "frmEmployee",
                        "widgetKUID": "j7653144acad4068975551c69aafc1d7",
                        "itemKUID": "b89440c7d0e148eb9a1e5ac73bd71eb0",
                        "forkedPlatform": "all"
                    }
                },
                "ME_Mapping_be8c98d341ab48f196a9639696660f83": {
                    "channel": "desktop",
                    "id": "ME_Mapping_be8c98d341ab48f196a9639696660f83",
                    "type": "MAPPING",
                    "callbackType": null,
                    "rectified": true,
                    "source": {
                        "type": "Services",
                        "propertyName": "Department",
                        "dataType": "string",
                        "collectionId": "records",
                        "forkedPlatform": "all",
                        "serviceconfig": {
                            "servicename": "employeeObjectService",
                            "type": "objectsvcs",
                            "objectname": "list_view",
                            "serviceid": "c9f5bb4b-9d83-4b99-b854-7b7ab776b60a",
                            "methodname": "get"
                        }
                    },
                    "target": {
                        "type": "Forms",
                        "propertyName": "text",
                        "widgetId": "employeeFieldGroup",
                        "widgetPath": "this.view.employeeFieldGroup",
                        "widgetType": "Label",
                        "dataType": "string",
                        "itemId": "frmEmployee",
                        "parentMappingId": "ME_Mapping_hea3eb92671044979a15abbf69b1225a",
                        "segmentId": "employeeSegment",
                        "segmentKUID": "j7653144acad4068975551c69aafc1d7",
                        "widgetKUID": "b1d29cbcb05f4eacb22bde4db42aa1c0",
                        "itemKUID": "b89440c7d0e148eb9a1e5ac73bd71eb0",
                        "forkedPlatform": "all"
                    }
                },
                "ME_Mapping_efaffb73fa8944b18af7e3090443b33e": {
                    "channel": "desktop",
                    "id": "ME_Mapping_efaffb73fa8944b18af7e3090443b33e",
                    "type": "MAPPING",
                    "callbackType": null,
                    "rectified": true,
                    "source": {
                        "type": "Services",
                        "propertyName": "Emp_id",
                        "dataType": "string",
                        "collectionId": "records",
                        "forkedPlatform": "all",
                        "serviceconfig": {
                            "servicename": "employeeObjectService",
                            "type": "objectsvcs",
                            "objectname": "list_view",
                            "serviceid": "c9f5bb4b-9d83-4b99-b854-7b7ab776b60a",
                            "methodname": "get"
                        }
                    },
                    "target": {
                        "type": "Forms",
                        "propertyName": "text",
                        "widgetId": "employeeId",
                        "widgetPath": "this.view.employeeId",
                        "widgetType": "Label",
                        "dataType": "string",
                        "itemId": "frmEmployee",
                        "parentMappingId": "ME_Mapping_hea3eb92671044979a15abbf69b1225a",
                        "segmentId": "employeeSegment",
                        "segmentKUID": "j7653144acad4068975551c69aafc1d7",
                        "widgetKUID": "h141aa908af24995a8f7ac5cdc813fa9",
                        "itemKUID": "b89440c7d0e148eb9a1e5ac73bd71eb0",
                        "forkedPlatform": "all"
                    }
                },
                "ME_Mapping_b1f49f687a4c470397d63c674e23abaa": {
                    "channel": "desktop",
                    "id": "ME_Mapping_b1f49f687a4c470397d63c674e23abaa",
                    "type": "MAPPING",
                    "callbackType": null,
                    "rectified": true,
                    "source": {
                        "type": "Services",
                        "propertyName": "Image_URL",
                        "dataType": "string",
                        "collectionId": "records",
                        "forkedPlatform": "all",
                        "serviceconfig": {
                            "servicename": "employeeObjectService",
                            "type": "objectsvcs",
                            "objectname": "list_view",
                            "serviceid": "c9f5bb4b-9d83-4b99-b854-7b7ab776b60a",
                            "methodname": "get"
                        }
                    },
                    "target": {
                        "type": "Forms",
                        "propertyName": "src",
                        "widgetId": "employeeSegImage",
                        "widgetPath": "this.view.employeeSegImage",
                        "widgetType": "Image",
                        "dataType": "string",
                        "itemId": "frmEmployee",
                        "parentMappingId": "ME_Mapping_hea3eb92671044979a15abbf69b1225a",
                        "segmentId": "employeeSegment",
                        "segmentKUID": "j7653144acad4068975551c69aafc1d7",
                        "widgetKUID": "dff3ea8eac874d1ca7b9c42e60252ec2",
                        "itemKUID": "b89440c7d0e148eb9a1e5ac73bd71eb0",
                        "forkedPlatform": "all"
                    }
                },
                "ME_Mapping_h05fd67b687c46c39f0488adcd96ea4a": {
                    "channel": "desktop",
                    "id": "ME_Mapping_h05fd67b687c46c39f0488adcd96ea4a",
                    "type": "MAPPING",
                    "callbackType": null,
                    "rectified": true,
                    "source": {
                        "type": "Services",
                        "propertyName": "Employee_Name",
                        "dataType": "string",
                        "collectionId": "records",
                        "forkedPlatform": "all",
                        "serviceconfig": {
                            "servicename": "employeeObjectService",
                            "type": "objectsvcs",
                            "objectname": "list_view",
                            "serviceid": "c9f5bb4b-9d83-4b99-b854-7b7ab776b60a",
                            "methodname": "get"
                        }
                    },
                    "target": {
                        "type": "Forms",
                        "propertyName": "text",
                        "widgetId": "employeeFieldName",
                        "widgetPath": "this.view.employeeFieldName",
                        "widgetType": "Label",
                        "dataType": "string",
                        "itemId": "frmEmployee",
                        "parentMappingId": "ME_Mapping_hea3eb92671044979a15abbf69b1225a",
                        "segmentId": "employeeSegment",
                        "segmentKUID": "j7653144acad4068975551c69aafc1d7",
                        "widgetKUID": "d9d287e9bfd64a95b8b250c8bf6efc1a",
                        "itemKUID": "b89440c7d0e148eb9a1e5ac73bd71eb0",
                        "forkedPlatform": "all"
                    }
                },
                "ME_Mapping_i0c9d277016d4722ae15b525a1b59b20": {
                    "channel": "desktop",
                    "id": "ME_Mapping_i0c9d277016d4722ae15b525a1b59b20",
                    "type": "MAPPING",
                    "callbackType": null,
                    "rectified": true,
                    "source": {
                        "type": "Services",
                        "propertyName": "Designation",
                        "dataType": "string",
                        "collectionId": "records",
                        "forkedPlatform": "all",
                        "serviceconfig": {
                            "servicename": "employeeObjectService",
                            "type": "objectsvcs",
                            "objectname": "list_view",
                            "serviceid": "c9f5bb4b-9d83-4b99-b854-7b7ab776b60a",
                            "methodname": "get"
                        }
                    },
                    "target": {
                        "type": "Forms",
                        "propertyName": "text",
                        "widgetId": "employeeFieldTitle",
                        "widgetPath": "this.view.employeeFieldTitle",
                        "widgetType": "Label",
                        "dataType": "string",
                        "itemId": "frmEmployee",
                        "parentMappingId": "ME_Mapping_hea3eb92671044979a15abbf69b1225a",
                        "segmentId": "employeeSegment",
                        "segmentKUID": "j7653144acad4068975551c69aafc1d7",
                        "widgetKUID": "ed9870d8f9bc4ed798cc0e42ce1a649b",
                        "itemKUID": "b89440c7d0e148eb9a1e5ac73bd71eb0",
                        "forkedPlatform": "all"
                    }
                },
                "ME_Mapping_ded7f6f86c2e4a36839c9b7a43decc64": {
                    "channel": "desktop",
                    "id": "ME_Mapping_ded7f6f86c2e4a36839c9b7a43decc64",
                    "type": "MAPPING",
                    "callbackType": null,
                    "rectified": true,
                    "source": {
                        "type": "Services",
                        "propertyName": "Emp_id",
                        "dataType": "string",
                        "collectionId": "records",
                        "forkedPlatform": "all",
                        "serviceconfig": {
                            "servicename": "employeeObjectService",
                            "type": "objectsvcs",
                            "objectname": "list_view",
                            "serviceid": "c9f5bb4b-9d83-4b99-b854-7b7ab776b60a",
                            "methodname": "get"
                        }
                    },
                    "target": {
                        "type": "Forms",
                        "propertyName": "text",
                        "widgetId": "employeeSegSep",
                        "widgetPath": "this.view.employeeSegSep",
                        "widgetType": "Label",
                        "dataType": "string",
                        "itemId": "frmEmployee",
                        "parentMappingId": "ME_Mapping_hea3eb92671044979a15abbf69b1225a",
                        "segmentId": "employeeSegment",
                        "segmentKUID": "j7653144acad4068975551c69aafc1d7",
                        "widgetKUID": "ff2bb711f4f84482b80cddf000cb6819",
                        "itemKUID": "b89440c7d0e148eb9a1e5ac73bd71eb0",
                        "forkedPlatform": "all"
                    }
                }
            },
            "mappingsOrder": ["ME_Mapping_hea3eb92671044979a15abbf69b1225a", "ME_Mapping_be8c98d341ab48f196a9639696660f83", "ME_Mapping_efaffb73fa8944b18af7e3090443b33e", "ME_Mapping_b1f49f687a4c470397d63c674e23abaa", "ME_Mapping_h05fd67b687c46c39f0488adcd96ea4a", "ME_Mapping_i0c9d277016d4722ae15b525a1b59b20", "ME_Mapping_ded7f6f86c2e4a36839c9b7a43decc64"],
            "parentId": "INVOKE_OBJECT_SERVICE__de0cb59db4c04ab89b440160be5bdada",
            "callbackType": "Callback",
            "enableMappingEditor": true
        }]
    }
}