{
    "AS_Form_ge3d418bd5c6446e82153b121b5481be": {
        "id": "AS_Form_ge3d418bd5c6446e82153b121b5481be",
        "type": "ACTION_SEQUENCE",
        "params": [{
            "datatype": "collection",
            "name": "eventobject"
        }],
        "contextObj": {
            "name": "frmEmployee",
            "type": "forms",
            "platform": null,
            "KUID": "b89440c7d0e148eb9a1e5ac73bd71eb0"
        },
        "language": "js",
        "actions": [{
            "id": "LOADING_INDICATOR__cbc69d0018764f50a7d4c9e9178bfbad",
            "selectedOption": "show",
            "disabled": null,
            "type": "LOADING_INDICATOR",
            "skin": "none",
            "position": "constants.LOADING_SCREEN_POSITION_FULL_SCREEN",
            "isBlocked": "true",
            "showProgressIndicator": "true"
        }, {
            "id": "INVOKE_OBJECT_SERVICE__eeb36d84a31d414c95a1a7c7f56eb45b",
            "type": "INVOKE_OBJECT_SERVICE",
            "inputparams": null,
            "httpheaders": null,
            "httpconfigs": null,
            "isasynchronous": null,
            "isoffline": null,
            "isobject": true,
            "mappings": {},
            "mappingsOrder": [],
            "serviceconfig": {
                "servicename": "EmployeeServices",
                "type": "objectsvcs",
                "objectname": "employees",
                "serviceid": "bd298473-012c-4fd2-9c02-ac4547645816",
                "methodname": "get"
            },
            "enableMappingEditor": true
        }, {
            "id": "LOADING_INDICATOR__g1d81658c75945599e62b43fcde2910c",
            "selectedOption": "dismiss",
            "parentId": "INVOKE_OBJECT_SERVICE__eeb36d84a31d414c95a1a7c7f56eb45b",
            "disabled": null,
            "type": "LOADING_INDICATOR",
            "callbackType": "Callback",
            "skin": "none",
            "position": "constants.LOADING_SCREEN_POSITION_FULL_SCREEN",
            "isBlocked": "true",
            "showProgressIndicator": "true"
        }, {
            "id": "ADD_MAPPING__b6a0e4e6ff71488d882f610db07dc38f",
            "type": "ADD_MAPPING",
            "mappings": {
                "ME_Mapping_d3d7c3436de34dd79661f73df036397e": {
                    "channel": "desktop",
                    "id": "ME_Mapping_d3d7c3436de34dd79661f73df036397e",
                    "type": "MAPPING",
                    "callbackType": null,
                    "rectified": true,
                    "source": {
                        "type": "Services",
                        "propertyName": "records",
                        "dataType": "collection",
                        "forkedPlatform": "all",
                        "serviceconfig": {
                            "servicename": "EmployeeServices",
                            "type": "objectsvcs",
                            "objectname": "employees",
                            "serviceid": "bd298473-012c-4fd2-9c02-ac4547645816",
                            "methodname": "get"
                        }
                    },
                    "target": {
                        "type": "Forms",
                        "propertyName": "masterdata",
                        "widgetId": "employeeSegment",
                        "widgetPath": "this.view.employeeSegment",
                        "widgetType": "Segment",
                        "dataType": "collection",
                        "itemId": "frmEmployee",
                        "widgetKUID": "j7653144acad4068975551c69aafc1d7",
                        "itemKUID": "b89440c7d0e148eb9a1e5ac73bd71eb0",
                        "forkedPlatform": "all"
                    }
                },
                "ME_Mapping_d098f4633a8a43a2b15d38e64a13dad7": {
                    "channel": "desktop",
                    "id": "ME_Mapping_d098f4633a8a43a2b15d38e64a13dad7",
                    "type": "MAPPING",
                    "callbackType": null,
                    "rectified": true,
                    "source": {
                        "type": "Services",
                        "propertyName": "Image_URL",
                        "dataType": "string",
                        "collectionId": "records",
                        "forkedPlatform": "all",
                        "serviceconfig": {
                            "servicename": "EmployeeServices",
                            "type": "objectsvcs",
                            "objectname": "employees",
                            "serviceid": "bd298473-012c-4fd2-9c02-ac4547645816",
                            "methodname": "get"
                        }
                    },
                    "target": {
                        "type": "Forms",
                        "propertyName": "src",
                        "widgetId": "employeeSegImage",
                        "widgetPath": "this.view.employeeSegImage",
                        "widgetType": "Image",
                        "dataType": "string",
                        "itemId": "frmEmployee",
                        "parentMappingId": "ME_Mapping_d3d7c3436de34dd79661f73df036397e",
                        "segmentId": "employeeSegment",
                        "segmentKUID": "j7653144acad4068975551c69aafc1d7",
                        "widgetKUID": "dff3ea8eac874d1ca7b9c42e60252ec2",
                        "itemKUID": "b89440c7d0e148eb9a1e5ac73bd71eb0",
                        "forkedPlatform": "all"
                    }
                },
                "ME_Mapping_j9cb7ae3394d4e8ead526ff4cbe1b527": {
                    "channel": "desktop",
                    "id": "ME_Mapping_j9cb7ae3394d4e8ead526ff4cbe1b527",
                    "type": "MAPPING",
                    "callbackType": null,
                    "rectified": true,
                    "source": {
                        "type": "Services",
                        "propertyName": "Emp_id",
                        "dataType": "string",
                        "collectionId": "records",
                        "forkedPlatform": "all",
                        "serviceconfig": {
                            "servicename": "EmployeeServices",
                            "type": "objectsvcs",
                            "objectname": "employees",
                            "serviceid": "bd298473-012c-4fd2-9c02-ac4547645816",
                            "methodname": "get"
                        }
                    },
                    "target": {
                        "type": "Forms",
                        "propertyName": "text",
                        "widgetId": "employeeId",
                        "widgetPath": "this.view.employeeId",
                        "widgetType": "Label",
                        "dataType": "string",
                        "itemId": "frmEmployee",
                        "parentMappingId": "ME_Mapping_d3d7c3436de34dd79661f73df036397e",
                        "segmentId": "employeeSegment",
                        "segmentKUID": "j7653144acad4068975551c69aafc1d7",
                        "widgetKUID": "h141aa908af24995a8f7ac5cdc813fa9",
                        "itemKUID": "b89440c7d0e148eb9a1e5ac73bd71eb0",
                        "forkedPlatform": "all"
                    }
                },
                "ME_Mapping_a8658211b6ee44e7bf4854b9eacb4dcb": {
                    "channel": "desktop",
                    "id": "ME_Mapping_a8658211b6ee44e7bf4854b9eacb4dcb",
                    "type": "MAPPING",
                    "callbackType": null,
                    "rectified": true,
                    "source": {
                        "type": "Services",
                        "propertyName": "Name",
                        "dataType": "string",
                        "collectionId": "records",
                        "forkedPlatform": "all",
                        "serviceconfig": {
                            "servicename": "EmployeeServices",
                            "type": "objectsvcs",
                            "objectname": "employees",
                            "serviceid": "bd298473-012c-4fd2-9c02-ac4547645816",
                            "methodname": "get"
                        }
                    },
                    "target": {
                        "type": "Forms",
                        "propertyName": "text",
                        "widgetId": "employeeFieldName",
                        "widgetPath": "this.view.employeeFieldName",
                        "widgetType": "Label",
                        "dataType": "string",
                        "itemId": "frmEmployee",
                        "parentMappingId": "ME_Mapping_d3d7c3436de34dd79661f73df036397e",
                        "segmentId": "employeeSegment",
                        "segmentKUID": "j7653144acad4068975551c69aafc1d7",
                        "widgetKUID": "d9d287e9bfd64a95b8b250c8bf6efc1a",
                        "itemKUID": "b89440c7d0e148eb9a1e5ac73bd71eb0",
                        "forkedPlatform": "all"
                    }
                },
                "ME_Mapping_d6a0dca66f494a349ffe55b8aabd2e7e": {
                    "channel": "desktop",
                    "id": "ME_Mapping_d6a0dca66f494a349ffe55b8aabd2e7e",
                    "type": "MAPPING",
                    "callbackType": null,
                    "rectified": true,
                    "source": {
                        "type": "Services",
                        "propertyName": "Designation",
                        "dataType": "string",
                        "collectionId": "records",
                        "forkedPlatform": "all",
                        "serviceconfig": {
                            "servicename": "EmployeeServices",
                            "type": "objectsvcs",
                            "objectname": "employees",
                            "serviceid": "bd298473-012c-4fd2-9c02-ac4547645816",
                            "methodname": "get"
                        }
                    },
                    "target": {
                        "type": "Forms",
                        "propertyName": "text",
                        "widgetId": "employeeFieldTitle",
                        "widgetPath": "this.view.employeeFieldTitle",
                        "widgetType": "Label",
                        "dataType": "string",
                        "itemId": "frmEmployee",
                        "parentMappingId": "ME_Mapping_d3d7c3436de34dd79661f73df036397e",
                        "segmentId": "employeeSegment",
                        "segmentKUID": "j7653144acad4068975551c69aafc1d7",
                        "widgetKUID": "ed9870d8f9bc4ed798cc0e42ce1a649b",
                        "itemKUID": "b89440c7d0e148eb9a1e5ac73bd71eb0",
                        "forkedPlatform": "all"
                    }
                },
                "ME_Mapping_db6f2737bbbc415aa16c2b0778e02ff5": {
                    "channel": "desktop",
                    "id": "ME_Mapping_db6f2737bbbc415aa16c2b0778e02ff5",
                    "type": "MAPPING",
                    "callbackType": null,
                    "rectified": true,
                    "source": {
                        "type": "Services",
                        "propertyName": "Department",
                        "dataType": "string",
                        "collectionId": "records",
                        "forkedPlatform": "all",
                        "serviceconfig": {
                            "servicename": "EmployeeServices",
                            "type": "objectsvcs",
                            "objectname": "employees",
                            "serviceid": "bd298473-012c-4fd2-9c02-ac4547645816",
                            "methodname": "get"
                        }
                    },
                    "target": {
                        "type": "Forms",
                        "propertyName": "text",
                        "widgetId": "employeeFieldGroup",
                        "widgetPath": "this.view.employeeFieldGroup",
                        "widgetType": "Label",
                        "dataType": "string",
                        "itemId": "frmEmployee",
                        "parentMappingId": "ME_Mapping_d3d7c3436de34dd79661f73df036397e",
                        "segmentId": "employeeSegment",
                        "segmentKUID": "j7653144acad4068975551c69aafc1d7",
                        "widgetKUID": "b1d29cbcb05f4eacb22bde4db42aa1c0",
                        "itemKUID": "b89440c7d0e148eb9a1e5ac73bd71eb0",
                        "forkedPlatform": "all"
                    }
                }
            },
            "mappingsOrder": ["ME_Mapping_d3d7c3436de34dd79661f73df036397e", "ME_Mapping_d098f4633a8a43a2b15d38e64a13dad7", "ME_Mapping_j9cb7ae3394d4e8ead526ff4cbe1b527", "ME_Mapping_a8658211b6ee44e7bf4854b9eacb4dcb", "ME_Mapping_d6a0dca66f494a349ffe55b8aabd2e7e", "ME_Mapping_db6f2737bbbc415aa16c2b0778e02ff5"],
            "parentId": "INVOKE_OBJECT_SERVICE__eeb36d84a31d414c95a1a7c7f56eb45b",
            "callbackType": "Callback",
            "enableMappingEditor": true
        }]
    }
}