{
    "AS_Segment_ae7403859899485187707c0aac96e37c": {
        "id": "AS_Segment_ae7403859899485187707c0aac96e37c",
        "type": "ACTION_SEQUENCE",
        "params": [{
            "datatype": "collection",
            "name": "eventobject"
        }, {
            "datatype": "number",
            "name": "sectionNumber"
        }, {
            "datatype": "number",
            "name": "rowNumber"
        }],
        "contextObj": {
            "name": "frmEmployee",
            "type": "forms",
            "platform": null,
            "KUID": "b89440c7d0e148eb9a1e5ac73bd71eb0"
        },
        "language": "js",
        "actions": [{
            "id": "ADD_SNIPPET__d53561a2d93b4de3bf9490aa5bfdf696",
            "type": "ADD_SNIPPET",
            "codeSnippet": "selectedEmployeeId = this.view.employeeSegment.selectedRowItems[0].employeeId.text; ",
            "parentId": null,
            "callbackType": null
        }, {
            "id": "INVOKE_OBJECT_SERVICE__e68a0537bf31436589ef568cf0f83e5b",
            "type": "INVOKE_OBJECT_SERVICE",
            "inputparams": {
                "$filter": "'Emp_id eq '+selectedEmployeeId"
            },
            "httpheaders": null,
            "httpconfigs": null,
            "isasynchronous": null,
            "isoffline": null,
            "isobject": true,
            "mappings": {},
            "mappingsOrder": [],
            "serviceconfig": {
                "servicename": "employeeObjectService",
                "type": "objectsvcs",
                "objectname": "details_view",
                "serviceid": "c9f5bb4b-9d83-4b99-b854-7b7ab776b60a",
                "methodname": "get"
            },
            "parentId": null,
            "callbackType": null,
            "enableMappingEditor": true
        }, {
            "id": "ADD_MAPPING__a659d9eca63948af8984e85b97f606e3",
            "type": "ADD_MAPPING",
            "mappings": {
                "ME_Mapping_cc9d96b3575c446ca73e5355d936dba9": {
                    "channel": "desktop",
                    "id": "ME_Mapping_cc9d96b3575c446ca73e5355d936dba9",
                    "type": "MAPPING",
                    "callbackType": null,
                    "rectified": true,
                    "source": {
                        "type": "Services",
                        "propertyName": "Department",
                        "dataType": "string",
                        "collectionId": "records",
                        "forkedPlatform": "all",
                        "serviceconfig": {
                            "servicename": "employeeObjectService",
                            "type": "objectsvcs",
                            "objectname": "details_view",
                            "serviceid": "c9f5bb4b-9d83-4b99-b854-7b7ab776b60a",
                            "methodname": "get"
                        }
                    },
                    "target": {
                        "type": "Forms",
                        "propertyName": "text",
                        "widgetId": "employeeDetailsValue3",
                        "widgetPath": "this.view.employeeDetailsValue3",
                        "widgetType": "Label",
                        "dataType": "string",
                        "itemId": "frmEmployee",
                        "widgetKUID": "b1b073c593a7471885850770c994c890",
                        "itemKUID": "b89440c7d0e148eb9a1e5ac73bd71eb0",
                        "forkedPlatform": "all"
                    }
                },
                "ME_Mapping_j1cd5ffeb4e34666ae0bd24138d85241": {
                    "channel": "desktop",
                    "id": "ME_Mapping_j1cd5ffeb4e34666ae0bd24138d85241",
                    "type": "MAPPING",
                    "callbackType": null,
                    "rectified": true,
                    "source": {
                        "type": "Services",
                        "propertyName": "Manager_Name",
                        "dataType": "string",
                        "collectionId": "records",
                        "forkedPlatform": "all",
                        "serviceconfig": {
                            "servicename": "employeeObjectService",
                            "type": "objectsvcs",
                            "objectname": "details_view",
                            "serviceid": "c9f5bb4b-9d83-4b99-b854-7b7ab776b60a",
                            "methodname": "get"
                        }
                    },
                    "target": {
                        "type": "Forms",
                        "propertyName": "text",
                        "widgetId": "employeeDetailsValue4",
                        "widgetPath": "this.view.employeeDetailsValue4",
                        "widgetType": "Label",
                        "dataType": "string",
                        "itemId": "frmEmployee",
                        "widgetKUID": "fb9b3173a82b4a159c3d8e05e9f93e79",
                        "itemKUID": "b89440c7d0e148eb9a1e5ac73bd71eb0",
                        "forkedPlatform": "all"
                    }
                },
                "ME_Mapping_ee48737ba5fb4a368a9e31b5bf6fa9e0": {
                    "channel": "desktop",
                    "id": "ME_Mapping_ee48737ba5fb4a368a9e31b5bf6fa9e0",
                    "type": "MAPPING",
                    "callbackType": null,
                    "rectified": true,
                    "source": {
                        "type": "Services",
                        "propertyName": "Name",
                        "dataType": "string",
                        "collectionId": "records",
                        "forkedPlatform": "all",
                        "serviceconfig": {
                            "servicename": "employeeObjectService",
                            "type": "objectsvcs",
                            "objectname": "details_view",
                            "serviceid": "c9f5bb4b-9d83-4b99-b854-7b7ab776b60a",
                            "methodname": "get"
                        }
                    },
                    "target": {
                        "type": "Forms",
                        "propertyName": "text",
                        "widgetId": "employeeNameLabel",
                        "widgetPath": "this.view.employeeNameLabel",
                        "widgetType": "Label",
                        "dataType": "string",
                        "itemId": "frmEmployee",
                        "widgetKUID": "b549b2c322bc41dbada12fd964ced4aa",
                        "itemKUID": "b89440c7d0e148eb9a1e5ac73bd71eb0",
                        "forkedPlatform": "all"
                    }
                },
                "ME_Mapping_f0c833cbcc1e4cb1b4b1fc34e34cd2e0": {
                    "channel": "desktop",
                    "id": "ME_Mapping_f0c833cbcc1e4cb1b4b1fc34e34cd2e0",
                    "type": "MAPPING",
                    "callbackType": null,
                    "rectified": true,
                    "source": {
                        "type": "Services",
                        "propertyName": "Designation",
                        "dataType": "string",
                        "collectionId": "records",
                        "forkedPlatform": "all",
                        "serviceconfig": {
                            "servicename": "employeeObjectService",
                            "type": "objectsvcs",
                            "objectname": "details_view",
                            "serviceid": "c9f5bb4b-9d83-4b99-b854-7b7ab776b60a",
                            "methodname": "get"
                        }
                    },
                    "target": {
                        "type": "Forms",
                        "propertyName": "text",
                        "widgetId": "employeeTitleLabel",
                        "widgetPath": "this.view.employeeTitleLabel",
                        "widgetType": "Label",
                        "dataType": "string",
                        "itemId": "frmEmployee",
                        "widgetKUID": "c5dd42e74f554b3e93bffeed08fd889e",
                        "itemKUID": "b89440c7d0e148eb9a1e5ac73bd71eb0",
                        "forkedPlatform": "all"
                    }
                },
                "ME_Mapping_d533f85de1ca413aa9cfe02de873eb7a": {
                    "channel": "desktop",
                    "id": "ME_Mapping_d533f85de1ca413aa9cfe02de873eb7a",
                    "type": "MAPPING",
                    "callbackType": null,
                    "rectified": true,
                    "source": {
                        "type": "Services",
                        "propertyName": "Primary_Phone",
                        "dataType": "string",
                        "collectionId": "records",
                        "forkedPlatform": "all",
                        "serviceconfig": {
                            "servicename": "employeeObjectService",
                            "type": "objectsvcs",
                            "objectname": "details_view",
                            "serviceid": "c9f5bb4b-9d83-4b99-b854-7b7ab776b60a",
                            "methodname": "get"
                        }
                    },
                    "target": {
                        "type": "Forms",
                        "propertyName": "text",
                        "widgetId": "employeeDetailsValue2",
                        "widgetPath": "this.view.employeeDetailsValue2",
                        "widgetType": "Label",
                        "dataType": "string",
                        "itemId": "frmEmployee",
                        "widgetKUID": "gd2a649d26cd45bcba73eaee15b62f32",
                        "itemKUID": "b89440c7d0e148eb9a1e5ac73bd71eb0",
                        "forkedPlatform": "all"
                    }
                },
                "ME_Mapping_c024fdef45c24da5a985dc14ae278ca3": {
                    "channel": "desktop",
                    "id": "ME_Mapping_c024fdef45c24da5a985dc14ae278ca3",
                    "type": "MAPPING",
                    "callbackType": null,
                    "rectified": true,
                    "source": {
                        "type": "Services",
                        "propertyName": "Email",
                        "dataType": "string",
                        "collectionId": "records",
                        "forkedPlatform": "all",
                        "serviceconfig": {
                            "servicename": "employeeObjectService",
                            "type": "objectsvcs",
                            "objectname": "details_view",
                            "serviceid": "c9f5bb4b-9d83-4b99-b854-7b7ab776b60a",
                            "methodname": "get"
                        }
                    },
                    "target": {
                        "type": "Forms",
                        "propertyName": "text",
                        "widgetId": "employeeDetailsValue1",
                        "widgetPath": "this.view.employeeDetailsValue1",
                        "widgetType": "Label",
                        "dataType": "string",
                        "itemId": "frmEmployee",
                        "widgetKUID": "h26bf4a38c0148e4a6340925e7ef64f7",
                        "itemKUID": "b89440c7d0e148eb9a1e5ac73bd71eb0",
                        "forkedPlatform": "all"
                    }
                },
                "ME_Mapping_e402dda244984f67909b49a459396a4a": {
                    "channel": "desktop",
                    "id": "ME_Mapping_e402dda244984f67909b49a459396a4a",
                    "type": "MAPPING",
                    "callbackType": null,
                    "rectified": true,
                    "source": {
                        "type": "Services",
                        "propertyName": "Image_URL",
                        "dataType": "string",
                        "collectionId": "records",
                        "forkedPlatform": "all",
                        "serviceconfig": {
                            "servicename": "employeeObjectService",
                            "type": "objectsvcs",
                            "objectname": "details_view",
                            "serviceid": "c9f5bb4b-9d83-4b99-b854-7b7ab776b60a",
                            "methodname": "get"
                        }
                    },
                    "target": {
                        "type": "Forms",
                        "propertyName": "src",
                        "widgetId": "headerBackChevron",
                        "widgetPath": "this.view.headerBackChevron",
                        "widgetType": "Image",
                        "dataType": "string",
                        "itemId": "frmEmployee",
                        "widgetKUID": "ec6639f86e874650aa3d1e6b3c02436f",
                        "itemKUID": "b89440c7d0e148eb9a1e5ac73bd71eb0",
                        "forkedPlatform": "all"
                    }
                }
            },
            "mappingsOrder": ["ME_Mapping_cc9d96b3575c446ca73e5355d936dba9", "ME_Mapping_j1cd5ffeb4e34666ae0bd24138d85241", "ME_Mapping_ee48737ba5fb4a368a9e31b5bf6fa9e0", "ME_Mapping_f0c833cbcc1e4cb1b4b1fc34e34cd2e0", "ME_Mapping_d533f85de1ca413aa9cfe02de873eb7a", "ME_Mapping_c024fdef45c24da5a985dc14ae278ca3", "ME_Mapping_e402dda244984f67909b49a459396a4a"],
            "parentId": "INVOKE_OBJECT_SERVICE__e68a0537bf31436589ef568cf0f83e5b",
            "callbackType": "Callback",
            "enableMappingEditor": true
        }]
    }
}