{
    "AS_Segment_a81b0efd866645e0bcd9839b4fbf34c0": {
        "id": "AS_Segment_a81b0efd866645e0bcd9839b4fbf34c0",
        "type": "ACTION_SEQUENCE",
        "params": [{
            "datatype": "collection",
            "name": "eventobject"
        }, {
            "datatype": "number",
            "name": "sectionNumber"
        }, {
            "datatype": "number",
            "name": "rowNumber"
        }],
        "contextObj": {
            "name": "frmEmployee",
            "type": "forms",
            "platform": null,
            "KUID": "b89440c7d0e148eb9a1e5ac73bd71eb0"
        },
        "language": "js",
        "actions": [{
            "id": "ADD_SNIPPET__c9f278c27503495b84abc2d4e1e1684c",
            "type": "ADD_SNIPPET",
            "codeSnippet": "selectedEmployeeId = this.view.employeeSegment.selectedRowItems[0].employeeId.text; \n",
            "parentId": null,
            "callbackType": null
        }, {
            "id": "INVOKE_OBJECT_SERVICE__e0634d46eb2844c5a2bc7c5923142574",
            "type": "INVOKE_OBJECT_SERVICE",
            "inputparams": {
                "$filter": "\"Emp_id eq \"+ selectedEmployeeId"
            },
            "httpheaders": null,
            "httpconfigs": null,
            "isasynchronous": null,
            "isoffline": null,
            "isobject": true,
            "mappings": {},
            "mappingsOrder": [],
            "serviceconfig": {
                "servicename": "EmployeeServices",
                "type": "objectsvcs",
                "objectname": "employees",
                "serviceid": "bd298473-012c-4fd2-9c02-ac4547645816",
                "methodname": "get"
            },
            "parentId": null,
            "callbackType": null,
            "enableMappingEditor": true
        }, {
            "id": "ADD_MAPPING__a741b89c23ca4f0c8ea2aca7da35fcb4",
            "type": "ADD_MAPPING",
            "mappings": {
                "ME_Mapping_a3631ff1b7e04135b8d4bac7e3cd483f": {
                    "channel": "desktop",
                    "id": "ME_Mapping_a3631ff1b7e04135b8d4bac7e3cd483f",
                    "type": "MAPPING",
                    "callbackType": null,
                    "rectified": true,
                    "source": {
                        "type": "Services",
                        "propertyName": "Image_URL",
                        "dataType": "string",
                        "collectionId": "records",
                        "forkedPlatform": "all",
                        "serviceconfig": {
                            "servicename": "EmployeeServices",
                            "type": "objectsvcs",
                            "objectname": "employees",
                            "serviceid": "bd298473-012c-4fd2-9c02-ac4547645816",
                            "methodname": "get"
                        }
                    },
                    "target": {
                        "type": "Forms",
                        "propertyName": "src",
                        "widgetId": "employeeDetailImage",
                        "widgetPath": "this.view.employeeDetailImage",
                        "widgetType": "Image",
                        "dataType": "string",
                        "itemId": "frmEmployee",
                        "widgetKUID": "b9252c3d58a44e00acab24116fe1b082",
                        "itemKUID": "b89440c7d0e148eb9a1e5ac73bd71eb0",
                        "forkedPlatform": "all"
                    }
                },
                "ME_Mapping_bc861799b57049cd93025108e626a20a": {
                    "channel": "desktop",
                    "id": "ME_Mapping_bc861799b57049cd93025108e626a20a",
                    "type": "MAPPING",
                    "callbackType": null,
                    "rectified": true,
                    "source": {
                        "type": "Services",
                        "propertyName": "Name",
                        "dataType": "string",
                        "collectionId": "records",
                        "forkedPlatform": "all",
                        "serviceconfig": {
                            "servicename": "EmployeeServices",
                            "type": "objectsvcs",
                            "objectname": "employees",
                            "serviceid": "bd298473-012c-4fd2-9c02-ac4547645816",
                            "methodname": "get"
                        }
                    },
                    "target": {
                        "type": "Forms",
                        "propertyName": "text",
                        "widgetId": "employeeNameLabel",
                        "widgetPath": "this.view.employeeNameLabel",
                        "widgetType": "Label",
                        "dataType": "string",
                        "itemId": "frmEmployee",
                        "widgetKUID": "b549b2c322bc41dbada12fd964ced4aa",
                        "itemKUID": "b89440c7d0e148eb9a1e5ac73bd71eb0",
                        "forkedPlatform": "all"
                    }
                },
                "ME_Mapping_ga465e33e8904447bed0877a58456e60": {
                    "channel": "desktop",
                    "id": "ME_Mapping_ga465e33e8904447bed0877a58456e60",
                    "type": "MAPPING",
                    "callbackType": null,
                    "rectified": true,
                    "source": {
                        "type": "Services",
                        "propertyName": "Designation",
                        "dataType": "string",
                        "collectionId": "records",
                        "forkedPlatform": "all",
                        "serviceconfig": {
                            "servicename": "EmployeeServices",
                            "type": "objectsvcs",
                            "objectname": "employees",
                            "serviceid": "bd298473-012c-4fd2-9c02-ac4547645816",
                            "methodname": "get"
                        }
                    },
                    "target": {
                        "type": "Forms",
                        "propertyName": "text",
                        "widgetId": "employeeTitleLabel",
                        "widgetPath": "this.view.employeeTitleLabel",
                        "widgetType": "Label",
                        "dataType": "string",
                        "itemId": "frmEmployee",
                        "widgetKUID": "c5dd42e74f554b3e93bffeed08fd889e",
                        "itemKUID": "b89440c7d0e148eb9a1e5ac73bd71eb0",
                        "forkedPlatform": "all"
                    }
                },
                "ME_Mapping_gba544cbe4b54cc2ad3aa66f4d895fee": {
                    "channel": "desktop",
                    "id": "ME_Mapping_gba544cbe4b54cc2ad3aa66f4d895fee",
                    "type": "MAPPING",
                    "callbackType": null,
                    "rectified": true,
                    "source": {
                        "type": "Services",
                        "propertyName": "Email",
                        "dataType": "string",
                        "collectionId": "records",
                        "forkedPlatform": "all",
                        "serviceconfig": {
                            "servicename": "EmployeeServices",
                            "type": "objectsvcs",
                            "objectname": "employees",
                            "serviceid": "bd298473-012c-4fd2-9c02-ac4547645816",
                            "methodname": "get"
                        }
                    },
                    "target": {
                        "type": "Forms",
                        "propertyName": "text",
                        "widgetId": "employeeDetailsValue1",
                        "widgetPath": "this.view.employeeDetailsValue1",
                        "widgetType": "Label",
                        "dataType": "string",
                        "itemId": "frmEmployee",
                        "widgetKUID": "h26bf4a38c0148e4a6340925e7ef64f7",
                        "itemKUID": "b89440c7d0e148eb9a1e5ac73bd71eb0",
                        "forkedPlatform": "all"
                    }
                },
                "ME_Mapping_be2bcf7568e94a88ae49d6364d13a06f": {
                    "channel": "desktop",
                    "id": "ME_Mapping_be2bcf7568e94a88ae49d6364d13a06f",
                    "type": "MAPPING",
                    "callbackType": null,
                    "rectified": true,
                    "source": {
                        "type": "Services",
                        "propertyName": "Primary_Phone",
                        "dataType": "string",
                        "collectionId": "records",
                        "forkedPlatform": "all",
                        "serviceconfig": {
                            "servicename": "EmployeeServices",
                            "type": "objectsvcs",
                            "objectname": "employees",
                            "serviceid": "bd298473-012c-4fd2-9c02-ac4547645816",
                            "methodname": "get"
                        }
                    },
                    "target": {
                        "type": "Forms",
                        "propertyName": "text",
                        "widgetId": "employeeDetailsValue2",
                        "widgetPath": "this.view.employeeDetailsValue2",
                        "widgetType": "Label",
                        "dataType": "string",
                        "itemId": "frmEmployee",
                        "widgetKUID": "gd2a649d26cd45bcba73eaee15b62f32",
                        "itemKUID": "b89440c7d0e148eb9a1e5ac73bd71eb0",
                        "forkedPlatform": "all"
                    }
                },
                "ME_Mapping_efb5fc2a9d684912b4aa4a69449612b2": {
                    "channel": "desktop",
                    "id": "ME_Mapping_efb5fc2a9d684912b4aa4a69449612b2",
                    "type": "MAPPING",
                    "callbackType": null,
                    "rectified": true,
                    "source": {
                        "type": "Services",
                        "propertyName": "Department",
                        "dataType": "string",
                        "collectionId": "records",
                        "forkedPlatform": "all",
                        "serviceconfig": {
                            "servicename": "EmployeeServices",
                            "type": "objectsvcs",
                            "objectname": "employees",
                            "serviceid": "bd298473-012c-4fd2-9c02-ac4547645816",
                            "methodname": "get"
                        }
                    },
                    "target": {
                        "type": "Forms",
                        "propertyName": "text",
                        "widgetId": "employeeDetailsValue3",
                        "widgetPath": "this.view.employeeDetailsValue3",
                        "widgetType": "Label",
                        "dataType": "string",
                        "itemId": "frmEmployee",
                        "widgetKUID": "b1b073c593a7471885850770c994c890",
                        "itemKUID": "b89440c7d0e148eb9a1e5ac73bd71eb0",
                        "forkedPlatform": "all"
                    }
                },
                "ME_Mapping_e0be1b2f714d4b56b2c7096b9c0b9b2e": {
                    "channel": "desktop",
                    "id": "ME_Mapping_e0be1b2f714d4b56b2c7096b9c0b9b2e",
                    "type": "MAPPING",
                    "callbackType": null,
                    "rectified": true,
                    "source": {
                        "type": "Services",
                        "propertyName": "Manager_Name",
                        "dataType": "string",
                        "collectionId": "records",
                        "forkedPlatform": "all",
                        "serviceconfig": {
                            "servicename": "EmployeeServices",
                            "type": "objectsvcs",
                            "objectname": "employees",
                            "serviceid": "bd298473-012c-4fd2-9c02-ac4547645816",
                            "methodname": "get"
                        }
                    },
                    "target": {
                        "type": "Forms",
                        "propertyName": "text",
                        "widgetId": "employeeDetailsValue4",
                        "widgetPath": "this.view.employeeDetailsValue4",
                        "widgetType": "Label",
                        "dataType": "string",
                        "itemId": "frmEmployee",
                        "widgetKUID": "fb9b3173a82b4a159c3d8e05e9f93e79",
                        "itemKUID": "b89440c7d0e148eb9a1e5ac73bd71eb0",
                        "forkedPlatform": "all"
                    }
                }
            },
            "mappingsOrder": ["ME_Mapping_a3631ff1b7e04135b8d4bac7e3cd483f", "ME_Mapping_bc861799b57049cd93025108e626a20a", "ME_Mapping_ga465e33e8904447bed0877a58456e60", "ME_Mapping_gba544cbe4b54cc2ad3aa66f4d895fee", "ME_Mapping_be2bcf7568e94a88ae49d6364d13a06f", "ME_Mapping_efb5fc2a9d684912b4aa4a69449612b2", "ME_Mapping_e0be1b2f714d4b56b2c7096b9c0b9b2e"],
            "parentId": "INVOKE_OBJECT_SERVICE__e0634d46eb2844c5a2bc7c5923142574",
            "callbackType": "Callback",
            "enableMappingEditor": true
        }, {
            "id": "SET_FORM_WIDGET_PROPERTY_Untitled___ab16b5dcaac44817b0d39198c854203b",
            "type": "SET_WIDGET_PROPERTY",
            "itemType": "FORM",
            "itemId": "frmEmployee",
            "widgetId": "detailContainer",
            "propertyName": "isVisible",
            "propertyValue": "true",
            "itemKUID": "b89440c7d0e148eb9a1e5ac73bd71eb0",
            "widgetKUID": "h790f2bb12594ad0b7c7d6fa935ab36d",
            "isSkinProperty": false,
            "wType": "FlexContainer",
            "forkedPlatform": "all",
            "parentId": "INVOKE_OBJECT_SERVICE__e0634d46eb2844c5a2bc7c5923142574",
            "callbackType": "Callback",
            "widgetPath": "this.view.detailContainer"
        }, {
            "id": "ADD_SNIPPET__fb9090b84f8542f6b805d9367be64721",
            "type": "ADD_SNIPPET",
            "codeSnippet": "self.view.forceLayout();",
            "parentId": "INVOKE_OBJECT_SERVICE__e0634d46eb2844c5a2bc7c5923142574",
            "callbackType": "Callback"
        }]
    }
}