[ {
  "entityTypeId" : "6f46008b-dc58-48d4-a522-b7bb0c7b5507",
  "id" : "70e432dc-676e-4440-befe-d05cbfb58dc5",
  "name" : "Department",
  "sourceFieldname" : "Department",
  "description" : "Department",
  "dataType" : "string",
  "hasIndex" : false,
  "unique" : false,
  "primarykey" : false,
  "namefield" : false,
  "nullable" : false,
  "custom" : false,
  "createable" : true,
  "updateable" : true,
  "audit" : false,
  "customizable" : false,
  "fieldLength" : 50,
  "precision" : 0,
  "fieldOrder" : 0,
  "fieldProperties" : {
    "autoGenerated" : "false"
  }
}, {
  "entityTypeId" : "6f46008b-dc58-48d4-a522-b7bb0c7b5507",
  "id" : "731860da-3594-4e38-a92c-d4cccd5ffd16",
  "name" : "Designation",
  "sourceFieldname" : "Designation",
  "description" : "Designation",
  "dataType" : "string",
  "hasIndex" : false,
  "unique" : false,
  "primarykey" : false,
  "namefield" : false,
  "nullable" : false,
  "custom" : false,
  "createable" : true,
  "updateable" : true,
  "audit" : false,
  "customizable" : false,
  "fieldLength" : 50,
  "precision" : 0,
  "fieldOrder" : 0,
  "fieldProperties" : {
    "autoGenerated" : "false"
  }
}, {
  "entityTypeId" : "6f46008b-dc58-48d4-a522-b7bb0c7b5507",
  "id" : "6aa2d77a-7f1e-4bd3-9fb2-af1e91454ee3",
  "name" : "Email",
  "sourceFieldname" : "Email",
  "description" : "Email",
  "dataType" : "string",
  "hasIndex" : false,
  "unique" : false,
  "primarykey" : false,
  "namefield" : false,
  "nullable" : true,
  "custom" : false,
  "createable" : true,
  "updateable" : true,
  "audit" : false,
  "customizable" : false,
  "fieldLength" : 100,
  "precision" : 0,
  "fieldOrder" : 0,
  "fieldProperties" : {
    "autoGenerated" : "false"
  }
}, {
  "entityTypeId" : "6f46008b-dc58-48d4-a522-b7bb0c7b5507",
  "id" : "6a21f324-729d-4a97-b97c-96c3651f7a4a",
  "name" : "Emp_id",
  "sourceFieldname" : "Emp_id",
  "description" : "Emp_id",
  "dataType" : "string",
  "hasIndex" : false,
  "unique" : false,
  "primarykey" : false,
  "namefield" : false,
  "nullable" : false,
  "custom" : false,
  "createable" : true,
  "updateable" : true,
  "audit" : false,
  "customizable" : false,
  "fieldLength" : 32,
  "precision" : 0,
  "fieldOrder" : 0,
  "fieldProperties" : {
    "autoGenerated" : "false"
  }
}, {
  "entityTypeId" : "6f46008b-dc58-48d4-a522-b7bb0c7b5507",
  "id" : "9f80fa02-99c3-4e5d-b0ac-5d9c25a202e2",
  "name" : "Image_URL",
  "sourceFieldname" : "Image_URL",
  "description" : "Image_URL",
  "dataType" : "string",
  "hasIndex" : false,
  "unique" : false,
  "primarykey" : false,
  "namefield" : false,
  "nullable" : true,
  "custom" : false,
  "createable" : true,
  "updateable" : true,
  "audit" : false,
  "customizable" : false,
  "fieldLength" : 200,
  "precision" : 0,
  "fieldOrder" : 0,
  "fieldProperties" : {
    "autoGenerated" : "false"
  }
}, {
  "entityTypeId" : "6f46008b-dc58-48d4-a522-b7bb0c7b5507",
  "id" : "ba5b04a6-0227-4cb7-80fc-e467e5098db2",
  "name" : "Manager_Name",
  "sourceFieldname" : "Manager_Name",
  "description" : "Manager_Name",
  "dataType" : "string",
  "hasIndex" : false,
  "unique" : false,
  "primarykey" : false,
  "namefield" : false,
  "nullable" : true,
  "custom" : false,
  "createable" : true,
  "updateable" : true,
  "audit" : false,
  "customizable" : false,
  "fieldLength" : 65,
  "precision" : 0,
  "fieldOrder" : 0,
  "fieldProperties" : {
    "autoGenerated" : "false"
  }
}, {
  "entityTypeId" : "6f46008b-dc58-48d4-a522-b7bb0c7b5507",
  "id" : "f44122c7-32c9-4b6b-b4b7-7c48fffa450b",
  "name" : "Name",
  "sourceFieldname" : "Name",
  "description" : "Name",
  "dataType" : "string",
  "hasIndex" : false,
  "unique" : false,
  "primarykey" : false,
  "namefield" : false,
  "nullable" : true,
  "custom" : false,
  "createable" : true,
  "updateable" : true,
  "audit" : false,
  "customizable" : false,
  "fieldLength" : 65,
  "precision" : 0,
  "fieldOrder" : 0,
  "fieldProperties" : {
    "autoGenerated" : "false"
  }
}, {
  "entityTypeId" : "6f46008b-dc58-48d4-a522-b7bb0c7b5507",
  "id" : "8fa3d9d0-e845-45d4-b33b-bbfdb0d2338a",
  "name" : "Primary_Phone",
  "sourceFieldname" : "Primary_Phone",
  "description" : "Primary_Phone",
  "dataType" : "string",
  "hasIndex" : false,
  "unique" : false,
  "primarykey" : false,
  "namefield" : false,
  "nullable" : true,
  "custom" : false,
  "createable" : true,
  "updateable" : true,
  "audit" : false,
  "customizable" : false,
  "fieldLength" : 45,
  "precision" : 0,
  "fieldOrder" : 0,
  "fieldProperties" : {
    "autoGenerated" : "false"
  }
} ]